Sub-string in Operation Name,Average Time taken by operations starting with Sub-string
InceptionV3/Conv2d_1a_3x3/weights/Initializer/truncated_normal,0.08577827612559001
InceptionV3/Conv2d_1a_3x3/weights,0.09025793605380589
InceptionV3/InceptionV3/Conv2d_1a_3x3/kernel/Regularizer/l2_regularizer,0.08175158500671387
InceptionV3/Conv2d_1a_3x3/BatchNorm/beta,0.07786345481872559
InceptionV3/Conv2d_1a_3x3/BatchNorm/moving_mean,0.0767926573753357
InceptionV3/Conv2d_1a_3x3/BatchNorm/moving_variance,0.0654640793800354
InceptionV3/Conv2d_2a_3x3/weights/Initializer/truncated_normal,0.07755847771962483
InceptionV3/Conv2d_2a_3x3/weights,0.07775788837009007
InceptionV3/InceptionV3/Conv2d_2a_3x3/kernel/Regularizer/l2_regularizer,0.08341455459594727
InceptionV3/Conv2d_2a_3x3/BatchNorm/beta,0.08447855710983276
InceptionV3/Conv2d_2a_3x3/BatchNorm/moving_mean,0.09180271625518799
InceptionV3/Conv2d_2a_3x3/BatchNorm/moving_variance,0.07321733236312866
InceptionV3/Conv2d_2b_3x3/weights/Initializer/truncated_normal,0.0794310172398885
InceptionV3/Conv2d_2b_3x3/weights,0.08271148469713
InceptionV3/InceptionV3/Conv2d_2b_3x3/kernel/Regularizer/l2_regularizer,0.07110985120137532
InceptionV3/Conv2d_2b_3x3/BatchNorm/beta,0.08206003904342651
InceptionV3/Conv2d_2b_3x3/BatchNorm/moving_mean,0.0727432370185852
InceptionV3/Conv2d_2b_3x3/BatchNorm/moving_variance,0.08573240041732788
InceptionV3/Conv2d_3b_1x1/weights/Initializer/truncated_normal,0.07334315776824951
InceptionV3/Conv2d_3b_1x1/weights,0.08515281147427028
InceptionV3/InceptionV3/Conv2d_3b_1x1/kernel/Regularizer/l2_regularizer,0.09431123733520508
InceptionV3/Conv2d_3b_1x1/BatchNorm/beta,0.08039337396621704
InceptionV3/Conv2d_3b_1x1/BatchNorm/moving_mean,0.08159184455871582
InceptionV3/Conv2d_3b_1x1/BatchNorm/moving_variance,0.07233452796936035
InceptionV3/Conv2d_4a_3x3/weights/Initializer/truncated_normal,0.08810615539550781
InceptionV3/Conv2d_4a_3x3/weights,0.08871179156833225
InceptionV3/InceptionV3/Conv2d_4a_3x3/kernel/Regularizer/l2_regularizer,0.07920185724894206
InceptionV3/Conv2d_4a_3x3/BatchNorm/beta,0.08514136075973511
InceptionV3/Conv2d_4a_3x3/BatchNorm/moving_mean,0.08338618278503418
InceptionV3/Conv2d_4a_3x3/BatchNorm/moving_variance,0.08096462488174438
InceptionV3/Mixed_5b/Branch_0/Conv2d_0a_1x1/weights/Initializer/truncated_normal,0.07633535067240398
InceptionV3/Mixed_5b/Branch_0/Conv2d_0a_1x1/weights,0.0788110891977946
InceptionV3/InceptionV3/Mixed_5b/Branch_0/Conv2d_0a_1x1/kernel/Regularizer/l2_regularizer,0.07313903172810872
InceptionV3/Mixed_5b/Branch_0/Conv2d_0a_1x1/BatchNorm/beta,0.07434135675430298
InceptionV3/Mixed_5b/Branch_0/Conv2d_0a_1x1/BatchNorm/moving_mean,0.08973747491836548
InceptionV3/Mixed_5b/Branch_0/Conv2d_0a_1x1/BatchNorm/moving_variance,0.07790344953536987
InceptionV3/Mixed_5b/Branch_1/Conv2d_0a_1x1/weights/Initializer/truncated_normal,0.08772091070810954
InceptionV3/Mixed_5b/Branch_1/Conv2d_0a_1x1/weights,0.078983121448093
InceptionV3/InceptionV3/Mixed_5b/Branch_1/Conv2d_0a_1x1/kernel/Regularizer/l2_regularizer,0.07588887214660645
InceptionV3/Mixed_5b/Branch_1/Conv2d_0a_1x1/BatchNorm/beta,0.0723344087600708
InceptionV3/Mixed_5b/Branch_1/Conv2d_0a_1x1/BatchNorm/moving_mean,0.07615840435028076
InceptionV3/Mixed_5b/Branch_1/Conv2d_0a_1x1/BatchNorm/moving_variance,0.08582979440689087
InceptionV3/Mixed_5b/Branch_1/Conv2d_0b_5x5/weights/Initializer/truncated_normal,0.07463256518046062
InceptionV3/Mixed_5b/Branch_1/Conv2d_0b_5x5/weights,0.08305615848965114
InceptionV3/InceptionV3/Mixed_5b/Branch_1/Conv2d_0b_5x5/kernel/Regularizer/l2_regularizer,0.0899040699005127
InceptionV3/Mixed_5b/Branch_1/Conv2d_0b_5x5/BatchNorm/beta,0.07107150554656982
InceptionV3/Mixed_5b/Branch_1/Conv2d_0b_5x5/BatchNorm/moving_mean,0.09579342603683472
InceptionV3/Mixed_5b/Branch_1/Conv2d_0b_5x5/BatchNorm/moving_variance,0.08548963069915771
InceptionV3/Mixed_5b/Branch_2/Conv2d_0a_1x1/weights/Initializer/truncated_normal,0.061068177223205566
InceptionV3/Mixed_5b/Branch_2/Conv2d_0a_1x1/weights,0.06479136149088542
InceptionV3/InceptionV3/Mixed_5b/Branch_2/Conv2d_0a_1x1/kernel/Regularizer/l2_regularizer,0.06242450078328451
InceptionV3/Mixed_5b/Branch_2/Conv2d_0a_1x1/BatchNorm/beta,0.06134301424026489
InceptionV3/Mixed_5b/Branch_2/Conv2d_0a_1x1/BatchNorm/moving_mean,0.0694151520729065
InceptionV3/Mixed_5b/Branch_2/Conv2d_0a_1x1/BatchNorm/moving_variance,0.06912612915039062
InceptionV3/Mixed_5b/Branch_2/Conv2d_0b_3x3/weights/Initializer/truncated_normal,0.058781981468200684
InceptionV3/Mixed_5b/Branch_2/Conv2d_0b_3x3/weights,0.058737225002712674
InceptionV3/InceptionV3/Mixed_5b/Branch_2/Conv2d_0b_3x3/kernel/Regularizer/l2_regularizer,0.06897743542989095
InceptionV3/Mixed_5b/Branch_2/Conv2d_0b_3x3/BatchNorm/beta,0.06560862064361572
InceptionV3/Mixed_5b/Branch_2/Conv2d_0b_3x3/BatchNorm/moving_mean,0.06404072046279907
InceptionV3/Mixed_5b/Branch_2/Conv2d_0b_3x3/BatchNorm/moving_variance,0.060755014419555664
InceptionV3/Mixed_5b/Branch_2/Conv2d_0c_3x3/weights/Initializer/truncated_normal,0.055959224700927734
InceptionV3/Mixed_5b/Branch_2/Conv2d_0c_3x3/weights,0.05856476889716254
InceptionV3/InceptionV3/Mixed_5b/Branch_2/Conv2d_0c_3x3/kernel/Regularizer/l2_regularizer,0.054323434829711914
InceptionV3/Mixed_5b/Branch_2/Conv2d_0c_3x3/BatchNorm/beta,0.052716076374053955
InceptionV3/Mixed_5b/Branch_2/Conv2d_0c_3x3/BatchNorm/moving_mean,0.07461011409759521
InceptionV3/Mixed_5b/Branch_2/Conv2d_0c_3x3/BatchNorm/moving_variance,0.07837265729904175
InceptionV3/Mixed_5b/Branch_3/Conv2d_0b_1x1/weights/Initializer/truncated_normal,0.06053229173024496
InceptionV3/Mixed_5b/Branch_3/Conv2d_0b_1x1/weights,0.05905323558383518
InceptionV3/InceptionV3/Mixed_5b/Branch_3/Conv2d_0b_1x1/kernel/Regularizer/l2_regularizer,0.07717363039652507
InceptionV3/Mixed_5b/Branch_3/Conv2d_0b_1x1/BatchNorm/beta,0.0678454041481018
InceptionV3/Mixed_5b/Branch_3/Conv2d_0b_1x1/BatchNorm/moving_mean,0.08578670024871826
InceptionV3/Mixed_5b/Branch_3/Conv2d_0b_1x1/BatchNorm/moving_variance,0.08675551414489746
InceptionV3/InceptionV3/Mixed_5b/concat,0.22439730167388916
InceptionV3/Mixed_5c/Branch_0/Conv2d_0a_1x1/weights/Initializer/truncated_normal,0.05289618174235026
InceptionV3/Mixed_5c/Branch_0/Conv2d_0a_1x1/weights,0.05632585949367947
InceptionV3/InceptionV3/Mixed_5c/Branch_0/Conv2d_0a_1x1/kernel/Regularizer/l2_regularizer,0.06567796071370442
InceptionV3/Mixed_5c/Branch_0/Conv2d_0a_1x1/BatchNorm/beta,0.04898029565811157
InceptionV3/Mixed_5c/Branch_0/Conv2d_0a_1x1/BatchNorm/moving_mean,0.06920665502548218
InceptionV3/Mixed_5c/Branch_0/Conv2d_0a_1x1/BatchNorm/moving_variance,0.056723833084106445
InceptionV3/Mixed_5c/Branch_1/Conv2d_0b_1x1/weights/Initializer/truncated_normal,0.05421320597330729
InceptionV3/Mixed_5c/Branch_1/Conv2d_0b_1x1/weights,0.0664927429623074
InceptionV3/InceptionV3/Mixed_5c/Branch_1/Conv2d_0b_1x1/kernel/Regularizer/l2_regularizer,0.058095455169677734
InceptionV3/Mixed_5c/Branch_1/Conv2d_0b_1x1/BatchNorm/beta,0.06349623203277588
InceptionV3/Mixed_5c/Branch_1/Conv2d_0b_1x1/BatchNorm/moving_mean,0.08417677879333496
InceptionV3/Mixed_5c/Branch_1/Conv2d_0b_1x1/BatchNorm/moving_variance,0.06378984451293945
InceptionV3/Mixed_5c/Branch_1/Conv_1_0c_5x5/weights/Initializer/truncated_normal,0.07586745421091716
InceptionV3/Mixed_5c/Branch_1/Conv_1_0c_5x5/weights,0.06954778565300836
InceptionV3/InceptionV3/Mixed_5c/Branch_1/Conv_1_0c_5x5/kernel/Regularizer/l2_regularizer,0.05324180920918783
InceptionV3/Mixed_5c/Branch_1/Conv_1_0c_5x5/BatchNorm/beta,0.0728679895401001
InceptionV3/Mixed_5c/Branch_1/Conv_1_0c_5x5/BatchNorm/moving_mean,0.061318933963775635
InceptionV3/Mixed_5c/Branch_1/Conv_1_0c_5x5/BatchNorm/moving_variance,0.057514727115631104
InceptionV3/Mixed_5c/Branch_2/Conv2d_0a_1x1/weights/Initializer/truncated_normal,0.062189181645711265
InceptionV3/Mixed_5c/Branch_2/Conv2d_0a_1x1/weights,0.0719892183939616
InceptionV3/InceptionV3/Mixed_5c/Branch_2/Conv2d_0a_1x1/kernel/Regularizer/l2_regularizer,0.10335667928059895
InceptionV3/Mixed_5c/Branch_2/Conv2d_0a_1x1/BatchNorm/beta,0.06839501857757568
InceptionV3/Mixed_5c/Branch_2/Conv2d_0a_1x1/BatchNorm/moving_mean,0.07308399677276611
InceptionV3/Mixed_5c/Branch_2/Conv2d_0a_1x1/BatchNorm/moving_variance,0.0745590329170227
InceptionV3/Mixed_5c/Branch_2/Conv2d_0b_3x3/weights/Initializer/truncated_normal,0.06833529472351074
InceptionV3/Mixed_5c/Branch_2/Conv2d_0b_3x3/weights,0.06938772731357151
InceptionV3/InceptionV3/Mixed_5c/Branch_2/Conv2d_0b_3x3/kernel/Regularizer/l2_regularizer,0.06289807955423991
InceptionV3/Mixed_5c/Branch_2/Conv2d_0b_3x3/BatchNorm/beta,0.06962770223617554
InceptionV3/Mixed_5c/Branch_2/Conv2d_0b_3x3/BatchNorm/moving_mean,0.08127766847610474
InceptionV3/Mixed_5c/Branch_2/Conv2d_0b_3x3/BatchNorm/moving_variance,0.06933838129043579
InceptionV3/Mixed_5c/Branch_2/Conv2d_0c_3x3/weights/Initializer/truncated_normal,0.06940607229868571
InceptionV3/Mixed_5c/Branch_2/Conv2d_0c_3x3/weights,0.07389185163709852
InceptionV3/InceptionV3/Mixed_5c/Branch_2/Conv2d_0c_3x3/kernel/Regularizer/l2_regularizer,0.06346766153971355
InceptionV3/Mixed_5c/Branch_2/Conv2d_0c_3x3/BatchNorm/beta,0.09209609031677246
InceptionV3/Mixed_5c/Branch_2/Conv2d_0c_3x3/BatchNorm/moving_mean,0.09647804498672485
InceptionV3/Mixed_5c/Branch_2/Conv2d_0c_3x3/BatchNorm/moving_variance,0.09258049726486206
InceptionV3/Mixed_5c/Branch_3/Conv2d_0b_1x1/weights/Initializer/truncated_normal,0.05990747610727946
InceptionV3/Mixed_5c/Branch_3/Conv2d_0b_1x1/weights,0.0682271056705051
InceptionV3/InceptionV3/Mixed_5c/Branch_3/Conv2d_0b_1x1/kernel/Regularizer/l2_regularizer,0.11882495880126953
InceptionV3/Mixed_5c/Branch_3/Conv2d_0b_1x1/BatchNorm/beta,0.06908756494522095
InceptionV3/Mixed_5c/Branch_3/Conv2d_0b_1x1/BatchNorm/moving_mean,0.058433473110198975
InceptionV3/Mixed_5c/Branch_3/Conv2d_0b_1x1/BatchNorm/moving_variance,0.053589820861816406
InceptionV3/InceptionV3/Mixed_5c/concat,0.22051501274108887
InceptionV3/Mixed_5d/Branch_0/Conv2d_0a_1x1/weights/Initializer/truncated_normal,0.06731009483337402
InceptionV3/Mixed_5d/Branch_0/Conv2d_0a_1x1/weights,0.07358005311754015
InceptionV3/InceptionV3/Mixed_5d/Branch_0/Conv2d_0a_1x1/kernel/Regularizer/l2_regularizer,0.0873266061147054
InceptionV3/Mixed_5d/Branch_0/Conv2d_0a_1x1/BatchNorm/beta,0.053833186626434326
InceptionV3/Mixed_5d/Branch_0/Conv2d_0a_1x1/BatchNorm/moving_mean,0.05914729833602905
InceptionV3/Mixed_5d/Branch_0/Conv2d_0a_1x1/BatchNorm/moving_variance,0.05282390117645264
InceptionV3/Mixed_5d/Branch_1/Conv2d_0a_1x1/weights/Initializer/truncated_normal,0.0757006009419759
InceptionV3/Mixed_5d/Branch_1/Conv2d_0a_1x1/weights,0.08264258172776964
InceptionV3/InceptionV3/Mixed_5d/Branch_1/Conv2d_0a_1x1/kernel/Regularizer/l2_regularizer,0.08433771133422852
InceptionV3/Mixed_5d/Branch_1/Conv2d_0a_1x1/BatchNorm/beta,0.06387883424758911
InceptionV3/Mixed_5d/Branch_1/Conv2d_0a_1x1/BatchNorm/moving_mean,0.061648011207580566
InceptionV3/Mixed_5d/Branch_1/Conv2d_0a_1x1/BatchNorm/moving_variance,0.07533890008926392
InceptionV3/Mixed_5d/Branch_1/Conv2d_0b_5x5/weights/Initializer/truncated_normal,0.052222490310668945
InceptionV3/Mixed_5d/Branch_1/Conv2d_0b_5x5/weights,0.056959576076931424
InceptionV3/InceptionV3/Mixed_5d/Branch_1/Conv2d_0b_5x5/kernel/Regularizer/l2_regularizer,0.04969342549641927
InceptionV3/Mixed_5d/Branch_1/Conv2d_0b_5x5/BatchNorm/beta,0.057220399379730225
InceptionV3/Mixed_5d/Branch_1/Conv2d_0b_5x5/BatchNorm/moving_mean,0.08817887306213379
InceptionV3/Mixed_5d/Branch_1/Conv2d_0b_5x5/BatchNorm/moving_variance,0.06715977191925049
InceptionV3/Mixed_5d/Branch_2/Conv2d_0a_1x1/weights/Initializer/truncated_normal,0.05567169189453125
InceptionV3/Mixed_5d/Branch_2/Conv2d_0a_1x1/weights,0.06283733579847547
InceptionV3/InceptionV3/Mixed_5d/Branch_2/Conv2d_0a_1x1/kernel/Regularizer/l2_regularizer,0.09808627764383952
InceptionV3/Mixed_5d/Branch_2/Conv2d_0a_1x1/BatchNorm/beta,0.059703826904296875
InceptionV3/Mixed_5d/Branch_2/Conv2d_0a_1x1/BatchNorm/moving_mean,0.07603728771209717
InceptionV3/Mixed_5d/Branch_2/Conv2d_0a_1x1/BatchNorm/moving_variance,0.06387144327163696
InceptionV3/Mixed_5d/Branch_2/Conv2d_0b_3x3/weights/Initializer/truncated_normal,0.06215087572733561
InceptionV3/Mixed_5d/Branch_2/Conv2d_0b_3x3/weights,0.06629077593485515
InceptionV3/InceptionV3/Mixed_5d/Branch_2/Conv2d_0b_3x3/kernel/Regularizer/l2_regularizer,0.04526074727376302
InceptionV3/Mixed_5d/Branch_2/Conv2d_0b_3x3/BatchNorm/beta,0.06287670135498047
InceptionV3/Mixed_5d/Branch_2/Conv2d_0b_3x3/BatchNorm/moving_mean,0.1075751781463623
InceptionV3/Mixed_5d/Branch_2/Conv2d_0b_3x3/BatchNorm/moving_variance,0.08262753486633301
InceptionV3/Mixed_5d/Branch_2/Conv2d_0c_3x3/weights/Initializer/truncated_normal,0.07926412423451741
InceptionV3/Mixed_5d/Branch_2/Conv2d_0c_3x3/weights,0.08647240532769097
InceptionV3/InceptionV3/Mixed_5d/Branch_2/Conv2d_0c_3x3/kernel/Regularizer/l2_regularizer,0.08152310053507487
InceptionV3/Mixed_5d/Branch_2/Conv2d_0c_3x3/BatchNorm/beta,0.08796334266662598
InceptionV3/Mixed_5d/Branch_2/Conv2d_0c_3x3/BatchNorm/moving_mean,0.10000962018966675
InceptionV3/Mixed_5d/Branch_2/Conv2d_0c_3x3/BatchNorm/moving_variance,0.06647628545761108
InceptionV3/Mixed_5d/Branch_3/Conv2d_0b_1x1/weights/Initializer/truncated_normal,0.049517035484313965
InceptionV3/Mixed_5d/Branch_3/Conv2d_0b_1x1/weights,0.05469502343071832
InceptionV3/InceptionV3/Mixed_5d/Branch_3/Conv2d_0b_1x1/kernel/Regularizer/l2_regularizer,0.06515542666117351
InceptionV3/Mixed_5d/Branch_3/Conv2d_0b_1x1/BatchNorm/beta,0.06947433948516846
InceptionV3/Mixed_5d/Branch_3/Conv2d_0b_1x1/BatchNorm/moving_mean,0.053971946239471436
InceptionV3/Mixed_5d/Branch_3/Conv2d_0b_1x1/BatchNorm/moving_variance,0.05414986610412598
InceptionV3/InceptionV3/Mixed_5d/concat,0.24558961391448975
InceptionV3/Mixed_6a/Branch_0/Conv2d_1a_1x1/weights/Initializer/truncated_normal,0.05888923009236654
InceptionV3/Mixed_6a/Branch_0/Conv2d_1a_1x1/weights,0.05687774552239312
InceptionV3/InceptionV3/Mixed_6a/Branch_0/Conv2d_1a_1x1/kernel/Regularizer/l2_regularizer,0.06034771601359049
InceptionV3/Mixed_6a/Branch_0/Conv2d_1a_1x1/BatchNorm/beta,0.05894160270690918
InceptionV3/Mixed_6a/Branch_0/Conv2d_1a_1x1/BatchNorm/moving_mean,0.0638962984085083
InceptionV3/Mixed_6a/Branch_0/Conv2d_1a_1x1/BatchNorm/moving_variance,0.05341845750808716
InceptionV3/Mixed_6a/Branch_1/Conv2d_0a_1x1/weights/Initializer/truncated_normal,0.06822001934051514
InceptionV3/Mixed_6a/Branch_1/Conv2d_0a_1x1/weights,0.07077768113878039
InceptionV3/InceptionV3/Mixed_6a/Branch_1/Conv2d_0a_1x1/kernel/Regularizer/l2_regularizer,0.0751783053080241
InceptionV3/Mixed_6a/Branch_1/Conv2d_0a_1x1/BatchNorm/beta,0.0797075629234314
InceptionV3/Mixed_6a/Branch_1/Conv2d_0a_1x1/BatchNorm/moving_mean,0.11244231462478638
InceptionV3/Mixed_6a/Branch_1/Conv2d_0a_1x1/BatchNorm/moving_variance,0.08692020177841187
InceptionV3/Mixed_6a/Branch_1/Conv2d_0b_3x3/weights/Initializer/truncated_normal,0.07818186283111572
InceptionV3/Mixed_6a/Branch_1/Conv2d_0b_3x3/weights,0.07920924822489421
InceptionV3/InceptionV3/Mixed_6a/Branch_1/Conv2d_0b_3x3/kernel/Regularizer/l2_regularizer,0.0742044448852539
InceptionV3/Mixed_6a/Branch_1/Conv2d_0b_3x3/BatchNorm/beta,0.07836514711380005
InceptionV3/Mixed_6a/Branch_1/Conv2d_0b_3x3/BatchNorm/moving_mean,0.07606881856918335
InceptionV3/Mixed_6a/Branch_1/Conv2d_0b_3x3/BatchNorm/moving_variance,0.07044678926467896
InceptionV3/Mixed_6a/Branch_1/Conv2d_1a_1x1/weights/Initializer/truncated_normal,0.08133880297342937
InceptionV3/Mixed_6a/Branch_1/Conv2d_1a_1x1/weights,0.08359453413221571
InceptionV3/InceptionV3/Mixed_6a/Branch_1/Conv2d_1a_1x1/kernel/Regularizer/l2_regularizer,0.05578422546386719
InceptionV3/Mixed_6a/Branch_1/Conv2d_1a_1x1/BatchNorm/beta,0.07591742277145386
InceptionV3/Mixed_6a/Branch_1/Conv2d_1a_1x1/BatchNorm/moving_mean,0.07115691900253296
InceptionV3/Mixed_6a/Branch_1/Conv2d_1a_1x1/BatchNorm/moving_variance,0.06382590532302856
InceptionV3/InceptionV3/Mixed_6a/concat,0.4051680564880371
InceptionV3/Mixed_6b/Branch_0/Conv2d_0a_1x1/weights/Initializer/truncated_normal,0.07899796962738037
InceptionV3/Mixed_6b/Branch_0/Conv2d_0a_1x1/weights,0.07268256611294216
InceptionV3/InceptionV3/Mixed_6b/Branch_0/Conv2d_0a_1x1/kernel/Regularizer/l2_regularizer,0.05370481808980306
InceptionV3/Mixed_6b/Branch_0/Conv2d_0a_1x1/BatchNorm/beta,0.06486326456069946
InceptionV3/Mixed_6b/Branch_0/Conv2d_0a_1x1/BatchNorm/moving_mean,0.06459498405456543
InceptionV3/Mixed_6b/Branch_0/Conv2d_0a_1x1/BatchNorm/moving_variance,0.05737924575805664
InceptionV3/Mixed_6b/Branch_1/Conv2d_0a_1x1/weights/Initializer/truncated_normal,0.0788204272588094
InceptionV3/Mixed_6b/Branch_1/Conv2d_0a_1x1/weights,0.07467299037509495
InceptionV3/InceptionV3/Mixed_6b/Branch_1/Conv2d_0a_1x1/kernel/Regularizer/l2_regularizer,0.08932375907897949
InceptionV3/Mixed_6b/Branch_1/Conv2d_0a_1x1/BatchNorm/beta,0.04592156410217285
InceptionV3/Mixed_6b/Branch_1/Conv2d_0a_1x1/BatchNorm/moving_mean,0.07990115880966187
InceptionV3/Mixed_6b/Branch_1/Conv2d_0a_1x1/BatchNorm/moving_variance,0.05660676956176758
InceptionV3/Mixed_6b/Branch_1/Conv2d_0b_1x7/weights/Initializer/truncated_normal,0.0544502337773641
InceptionV3/Mixed_6b/Branch_1/Conv2d_0b_1x7/weights,0.053156005011664495
InceptionV3/InceptionV3/Mixed_6b/Branch_1/Conv2d_0b_1x7/kernel/Regularizer/l2_regularizer,0.07283624013264973
InceptionV3/Mixed_6b/Branch_1/Conv2d_0b_1x7/BatchNorm/beta,0.052032530307769775
InceptionV3/Mixed_6b/Branch_1/Conv2d_0b_1x7/BatchNorm/moving_mean,0.08496743440628052
InceptionV3/Mixed_6b/Branch_1/Conv2d_0b_1x7/BatchNorm/moving_variance,0.0662919282913208
InceptionV3/Mixed_6b/Branch_1/Conv2d_0c_7x1/weights/Initializer/truncated_normal,0.06526251633961995
InceptionV3/Mixed_6b/Branch_1/Conv2d_0c_7x1/weights,0.06382812394036187
InceptionV3/InceptionV3/Mixed_6b/Branch_1/Conv2d_0c_7x1/kernel/Regularizer/l2_regularizer,0.05831591288248698
InceptionV3/Mixed_6b/Branch_1/Conv2d_0c_7x1/BatchNorm/beta,0.05519533157348633
InceptionV3/Mixed_6b/Branch_1/Conv2d_0c_7x1/BatchNorm/moving_mean,0.06142181158065796
InceptionV3/Mixed_6b/Branch_1/Conv2d_0c_7x1/BatchNorm/moving_variance,0.061878859996795654
InceptionV3/Mixed_6b/Branch_2/Conv2d_0a_1x1/weights/Initializer/truncated_normal,0.05611280600229899
InceptionV3/Mixed_6b/Branch_2/Conv2d_0a_1x1/weights,0.059269852108425565
InceptionV3/InceptionV3/Mixed_6b/Branch_2/Conv2d_0a_1x1/kernel/Regularizer/l2_regularizer,0.0864107608795166
InceptionV3/Mixed_6b/Branch_2/Conv2d_0a_1x1/BatchNorm/beta,0.07654452323913574
InceptionV3/Mixed_6b/Branch_2/Conv2d_0a_1x1/BatchNorm/moving_mean,0.074191153049469
InceptionV3/Mixed_6b/Branch_2/Conv2d_0a_1x1/BatchNorm/moving_variance,0.08420366048812866
InceptionV3/Mixed_6b/Branch_2/Conv2d_0b_7x1/weights/Initializer/truncated_normal,0.07739114761352539
InceptionV3/Mixed_6b/Branch_2/Conv2d_0b_7x1/weights,0.08156447940402561
InceptionV3/InceptionV3/Mixed_6b/Branch_2/Conv2d_0b_7x1/kernel/Regularizer/l2_regularizer,0.08560411135355632
InceptionV3/Mixed_6b/Branch_2/Conv2d_0b_7x1/BatchNorm/beta,0.07693016529083252
InceptionV3/Mixed_6b/Branch_2/Conv2d_0b_7x1/BatchNorm/moving_mean,0.07747584581375122
InceptionV3/Mixed_6b/Branch_2/Conv2d_0b_7x1/BatchNorm/moving_variance,0.07292288541793823
InceptionV3/Mixed_6b/Branch_2/Conv2d_0c_1x7/weights/Initializer/truncated_normal,0.06945244471232097
InceptionV3/Mixed_6b/Branch_2/Conv2d_0c_1x7/weights,0.0901383293999566
InceptionV3/InceptionV3/Mixed_6b/Branch_2/Conv2d_0c_1x7/kernel/Regularizer/l2_regularizer,0.06456279754638672
InceptionV3/Mixed_6b/Branch_2/Conv2d_0c_1x7/BatchNorm/beta,0.05167222023010254
InceptionV3/Mixed_6b/Branch_2/Conv2d_0c_1x7/BatchNorm/moving_mean,0.05517280101776123
InceptionV3/Mixed_6b/Branch_2/Conv2d_0c_1x7/BatchNorm/moving_variance,0.05395710468292236
InceptionV3/Mixed_6b/Branch_2/Conv2d_0d_7x1/weights/Initializer/truncated_normal,0.05095736185709635
InceptionV3/Mixed_6b/Branch_2/Conv2d_0d_7x1/weights,0.05807428889804416
InceptionV3/InceptionV3/Mixed_6b/Branch_2/Conv2d_0d_7x1/kernel/Regularizer/l2_regularizer,0.053679466247558594
InceptionV3/Mixed_6b/Branch_2/Conv2d_0d_7x1/BatchNorm/beta,0.0728270411491394
InceptionV3/Mixed_6b/Branch_2/Conv2d_0d_7x1/BatchNorm/moving_mean,0.0854601263999939
InceptionV3/Mixed_6b/Branch_2/Conv2d_0d_7x1/BatchNorm/moving_variance,0.0480799674987793
InceptionV3/Mixed_6b/Branch_2/Conv2d_0e_1x7/weights/Initializer/truncated_normal,0.08767537275950114
InceptionV3/Mixed_6b/Branch_2/Conv2d_0e_1x7/weights,0.08522219128078884
InceptionV3/InceptionV3/Mixed_6b/Branch_2/Conv2d_0e_1x7/kernel/Regularizer/l2_regularizer,0.08317708969116212
InceptionV3/Mixed_6b/Branch_2/Conv2d_0e_1x7/BatchNorm/beta,0.05623435974121094
InceptionV3/Mixed_6b/Branch_2/Conv2d_0e_1x7/BatchNorm/moving_mean,0.06739974021911621
InceptionV3/Mixed_6b/Branch_2/Conv2d_0e_1x7/BatchNorm/moving_variance,0.05958294868469238
InceptionV3/Mixed_6b/Branch_3/Conv2d_0b_1x1/weights/Initializer/truncated_normal,0.06046473979949951
InceptionV3/Mixed_6b/Branch_3/Conv2d_0b_1x1/weights,0.07077693939208984
InceptionV3/InceptionV3/Mixed_6b/Branch_3/Conv2d_0b_1x1/kernel/Regularizer/l2_regularizer,0.05994399388631185
InceptionV3/Mixed_6b/Branch_3/Conv2d_0b_1x1/BatchNorm/beta,0.048679232597351074
InceptionV3/Mixed_6b/Branch_3/Conv2d_0b_1x1/BatchNorm/moving_mean,0.06581258773803711
InceptionV3/Mixed_6b/Branch_3/Conv2d_0b_1x1/BatchNorm/moving_variance,0.051535069942474365
InceptionV3/InceptionV3/Mixed_6b/concat,0.26085126399993896
InceptionV3/Mixed_6c/Branch_0/Conv2d_0a_1x1/weights/Initializer/truncated_normal,0.06794850031534831
InceptionV3/Mixed_6c/Branch_0/Conv2d_0a_1x1/weights,0.06920229064093696
InceptionV3/InceptionV3/Mixed_6c/Branch_0/Conv2d_0a_1x1/kernel/Regularizer/l2_regularizer,0.07194328308105469
InceptionV3/Mixed_6c/Branch_0/Conv2d_0a_1x1/BatchNorm/beta,0.06318509578704834
InceptionV3/Mixed_6c/Branch_0/Conv2d_0a_1x1/BatchNorm/moving_mean,0.07433903217315674
InceptionV3/Mixed_6c/Branch_0/Conv2d_0a_1x1/BatchNorm/moving_variance,0.05182844400405884
InceptionV3/Mixed_6c/Branch_1/Conv2d_0a_1x1/weights/Initializer/truncated_normal,0.07239898045857747
InceptionV3/Mixed_6c/Branch_1/Conv2d_0a_1x1/weights,0.0728547837999132
InceptionV3/InceptionV3/Mixed_6c/Branch_1/Conv2d_0a_1x1/kernel/Regularizer/l2_regularizer,0.052588701248168945
InceptionV3/Mixed_6c/Branch_1/Conv2d_0a_1x1/BatchNorm/beta,0.08260601758956909
InceptionV3/Mixed_6c/Branch_1/Conv2d_0a_1x1/BatchNorm/moving_mean,0.07688665390014648
InceptionV3/Mixed_6c/Branch_1/Conv2d_0a_1x1/BatchNorm/moving_variance,0.07611054182052612
InceptionV3/Mixed_6c/Branch_1/Conv2d_0b_1x7/weights/Initializer/truncated_normal,0.07530355453491211
InceptionV3/Mixed_6c/Branch_1/Conv2d_0b_1x7/weights,0.07838548554314508
InceptionV3/InceptionV3/Mixed_6c/Branch_1/Conv2d_0b_1x7/kernel/Regularizer/l2_regularizer,0.07366784413655598
InceptionV3/Mixed_6c/Branch_1/Conv2d_0b_1x7/BatchNorm/beta,0.0726737380027771
InceptionV3/Mixed_6c/Branch_1/Conv2d_0b_1x7/BatchNorm/moving_mean,0.09808194637298584
InceptionV3/Mixed_6c/Branch_1/Conv2d_0b_1x7/BatchNorm/moving_variance,0.07770395278930664
InceptionV3/Mixed_6c/Branch_1/Conv2d_0c_7x1/weights/Initializer/truncated_normal,0.06367655595143636
InceptionV3/Mixed_6c/Branch_1/Conv2d_0c_7x1/weights,0.06388489405314128
InceptionV3/InceptionV3/Mixed_6c/Branch_1/Conv2d_0c_7x1/kernel/Regularizer/l2_regularizer,0.062054951985677086
InceptionV3/Mixed_6c/Branch_1/Conv2d_0c_7x1/BatchNorm/beta,0.07351040840148926
InceptionV3/Mixed_6c/Branch_1/Conv2d_0c_7x1/BatchNorm/moving_mean,0.07681530714035034
InceptionV3/Mixed_6c/Branch_1/Conv2d_0c_7x1/BatchNorm/moving_variance,0.07641887664794922
InceptionV3/Mixed_6c/Branch_2/Conv2d_0a_1x1/weights/Initializer/truncated_normal,0.07816819349924724
InceptionV3/Mixed_6c/Branch_2/Conv2d_0a_1x1/weights,0.07467601034376356
InceptionV3/InceptionV3/Mixed_6c/Branch_2/Conv2d_0a_1x1/kernel/Regularizer/l2_regularizer,0.07427668571472168
InceptionV3/Mixed_6c/Branch_2/Conv2d_0a_1x1/BatchNorm/beta,0.08746623992919922
InceptionV3/Mixed_6c/Branch_2/Conv2d_0a_1x1/BatchNorm/moving_mean,0.07399755716323853
InceptionV3/Mixed_6c/Branch_2/Conv2d_0a_1x1/BatchNorm/moving_variance,0.09014266729354858
InceptionV3/Mixed_6c/Branch_2/Conv2d_0b_7x1/weights/Initializer/truncated_normal,0.06956557432810466
InceptionV3/Mixed_6c/Branch_2/Conv2d_0b_7x1/weights,0.07435406578911676
InceptionV3/InceptionV3/Mixed_6c/Branch_2/Conv2d_0b_7x1/kernel/Regularizer/l2_regularizer,0.08014369010925293
InceptionV3/Mixed_6c/Branch_2/Conv2d_0b_7x1/BatchNorm/beta,0.07373440265655518
InceptionV3/Mixed_6c/Branch_2/Conv2d_0b_7x1/BatchNorm/moving_mean,0.0753774642944336
InceptionV3/Mixed_6c/Branch_2/Conv2d_0b_7x1/BatchNorm/moving_variance,0.06688326597213745
InceptionV3/Mixed_6c/Branch_2/Conv2d_0c_1x7/weights/Initializer/truncated_normal,0.08161012331644694
InceptionV3/Mixed_6c/Branch_2/Conv2d_0c_1x7/weights,0.07982508341471355
InceptionV3/InceptionV3/Mixed_6c/Branch_2/Conv2d_0c_1x7/kernel/Regularizer/l2_regularizer,0.08290417989095052
InceptionV3/Mixed_6c/Branch_2/Conv2d_0c_1x7/BatchNorm/beta,0.050127387046813965
InceptionV3/Mixed_6c/Branch_2/Conv2d_0c_1x7/BatchNorm/moving_mean,0.048584818840026855
InceptionV3/Mixed_6c/Branch_2/Conv2d_0c_1x7/BatchNorm/moving_variance,0.06545364856719971
InceptionV3/Mixed_6c/Branch_2/Conv2d_0d_7x1/weights/Initializer/truncated_normal,0.04800852139790853
InceptionV3/Mixed_6c/Branch_2/Conv2d_0d_7x1/weights,0.0587153434753418
InceptionV3/InceptionV3/Mixed_6c/Branch_2/Conv2d_0d_7x1/kernel/Regularizer/l2_regularizer,0.08021195729573567
InceptionV3/Mixed_6c/Branch_2/Conv2d_0d_7x1/BatchNorm/beta,0.0701439380645752
InceptionV3/Mixed_6c/Branch_2/Conv2d_0d_7x1/BatchNorm/moving_mean,0.0718381404876709
InceptionV3/Mixed_6c/Branch_2/Conv2d_0d_7x1/BatchNorm/moving_variance,0.07102453708648682
InceptionV3/Mixed_6c/Branch_2/Conv2d_0e_1x7/weights/Initializer/truncated_normal,0.07554848988850911
InceptionV3/Mixed_6c/Branch_2/Conv2d_0e_1x7/weights,0.07740142610338
InceptionV3/InceptionV3/Mixed_6c/Branch_2/Conv2d_0e_1x7/kernel/Regularizer/l2_regularizer,0.0750580628712972
InceptionV3/Mixed_6c/Branch_2/Conv2d_0e_1x7/BatchNorm/beta,0.08948171138763428
InceptionV3/Mixed_6c/Branch_2/Conv2d_0e_1x7/BatchNorm/moving_mean,0.07676887512207031
InceptionV3/Mixed_6c/Branch_2/Conv2d_0e_1x7/BatchNorm/moving_variance,0.08829683065414429
InceptionV3/Mixed_6c/Branch_3/Conv2d_0b_1x1/weights/Initializer/truncated_normal,0.07637397448221843
InceptionV3/Mixed_6c/Branch_3/Conv2d_0b_1x1/weights,0.07822744051615398
InceptionV3/InceptionV3/Mixed_6c/Branch_3/Conv2d_0b_1x1/kernel/Regularizer/l2_regularizer,0.07613269488016765
InceptionV3/Mixed_6c/Branch_3/Conv2d_0b_1x1/BatchNorm/beta,0.07461374998092651
InceptionV3/Mixed_6c/Branch_3/Conv2d_0b_1x1/BatchNorm/moving_mean,0.08459806442260742
InceptionV3/Mixed_6c/Branch_3/Conv2d_0b_1x1/BatchNorm/moving_variance,0.07711297273635864
InceptionV3/InceptionV3/Mixed_6c/concat,0.51256263256073
InceptionV3/Mixed_6d/Branch_0/Conv2d_0a_1x1/weights/Initializer/truncated_normal,0.06838822364807129
InceptionV3/Mixed_6d/Branch_0/Conv2d_0a_1x1/weights,0.06764072842068142
InceptionV3/InceptionV3/Mixed_6d/Branch_0/Conv2d_0a_1x1/kernel/Regularizer/l2_regularizer,0.06321922938028972
InceptionV3/Mixed_6d/Branch_0/Conv2d_0a_1x1/BatchNorm/beta,0.07471990585327148
InceptionV3/Mixed_6d/Branch_0/Conv2d_0a_1x1/BatchNorm/moving_mean,0.07165670394897461
InceptionV3/Mixed_6d/Branch_0/Conv2d_0a_1x1/BatchNorm/moving_variance,0.07950329780578613
InceptionV3/Mixed_6d/Branch_1/Conv2d_0a_1x1/weights/Initializer/truncated_normal,0.0777822732925415
InceptionV3/Mixed_6d/Branch_1/Conv2d_0a_1x1/weights,0.07557233174641927
InceptionV3/InceptionV3/Mixed_6d/Branch_1/Conv2d_0a_1x1/kernel/Regularizer/l2_regularizer,0.0845631758371989
InceptionV3/Mixed_6d/Branch_1/Conv2d_0a_1x1/BatchNorm/beta,0.08305615186691284
InceptionV3/Mixed_6d/Branch_1/Conv2d_0a_1x1/BatchNorm/moving_mean,0.07569992542266846
InceptionV3/Mixed_6d/Branch_1/Conv2d_0a_1x1/BatchNorm/moving_variance,0.08280754089355469
InceptionV3/Mixed_6d/Branch_1/Conv2d_0b_1x7/weights/Initializer/truncated_normal,0.07949582735697429
InceptionV3/Mixed_6d/Branch_1/Conv2d_0b_1x7/weights,0.07979456583658855
InceptionV3/InceptionV3/Mixed_6d/Branch_1/Conv2d_0b_1x7/kernel/Regularizer/l2_regularizer,0.0728929837544759
InceptionV3/Mixed_6d/Branch_1/Conv2d_0b_1x7/BatchNorm/beta,0.07577759027481079
InceptionV3/Mixed_6d/Branch_1/Conv2d_0b_1x7/BatchNorm/moving_mean,0.08278954029083252
InceptionV3/Mixed_6d/Branch_1/Conv2d_0b_1x7/BatchNorm/moving_variance,0.0806126594543457
InceptionV3/Mixed_6d/Branch_1/Conv2d_0c_7x1/weights/Initializer/truncated_normal,0.0776450236638387
InceptionV3/Mixed_6d/Branch_1/Conv2d_0c_7x1/weights,0.07759213447570801
InceptionV3/InceptionV3/Mixed_6d/Branch_1/Conv2d_0c_7x1/kernel/Regularizer/l2_regularizer,0.08894538879394531
InceptionV3/Mixed_6d/Branch_1/Conv2d_0c_7x1/BatchNorm/beta,0.074912428855896
InceptionV3/Mixed_6d/Branch_1/Conv2d_0c_7x1/BatchNorm/moving_mean,0.07615631818771362
InceptionV3/Mixed_6d/Branch_1/Conv2d_0c_7x1/BatchNorm/moving_variance,0.07659721374511719
InceptionV3/Mixed_6d/Branch_2/Conv2d_0a_1x1/weights/Initializer/truncated_normal,0.08573015530904134
InceptionV3/Mixed_6d/Branch_2/Conv2d_0a_1x1/weights,0.0841964880625407
InceptionV3/InceptionV3/Mixed_6d/Branch_2/Conv2d_0a_1x1/kernel/Regularizer/l2_regularizer,0.08312662442525227
InceptionV3/Mixed_6d/Branch_2/Conv2d_0a_1x1/BatchNorm/beta,0.07510054111480713
InceptionV3/Mixed_6d/Branch_2/Conv2d_0a_1x1/BatchNorm/moving_mean,0.08925187587738037
InceptionV3/Mixed_6d/Branch_2/Conv2d_0a_1x1/BatchNorm/moving_variance,0.07623445987701416
InceptionV3/Mixed_6d/Branch_2/Conv2d_0b_7x1/weights/Initializer/truncated_normal,0.07743672529856364
InceptionV3/Mixed_6d/Branch_2/Conv2d_0b_7x1/weights,0.08246591356065539
InceptionV3/InceptionV3/Mixed_6d/Branch_2/Conv2d_0b_7x1/kernel/Regularizer/l2_regularizer,0.08403595288594563
InceptionV3/Mixed_6d/Branch_2/Conv2d_0b_7x1/BatchNorm/beta,0.07266980409622192
InceptionV3/Mixed_6d/Branch_2/Conv2d_0b_7x1/BatchNorm/moving_mean,0.07616555690765381
InceptionV3/Mixed_6d/Branch_2/Conv2d_0b_7x1/BatchNorm/moving_variance,0.08460742235183716
InceptionV3/Mixed_6d/Branch_2/Conv2d_0c_1x7/weights/Initializer/truncated_normal,0.0811613400777181
InceptionV3/Mixed_6d/Branch_2/Conv2d_0c_1x7/weights,0.08352200190226237
InceptionV3/InceptionV3/Mixed_6d/Branch_2/Conv2d_0c_1x7/kernel/Regularizer/l2_regularizer,0.07775592803955078
InceptionV3/Mixed_6d/Branch_2/Conv2d_0c_1x7/BatchNorm/beta,0.07022476196289062
InceptionV3/Mixed_6d/Branch_2/Conv2d_0c_1x7/BatchNorm/moving_mean,0.07688021659851074
InceptionV3/Mixed_6d/Branch_2/Conv2d_0c_1x7/BatchNorm/moving_variance,0.07523620128631592
InceptionV3/Mixed_6d/Branch_2/Conv2d_0d_7x1/weights/Initializer/truncated_normal,0.08722953001658122
InceptionV3/Mixed_6d/Branch_2/Conv2d_0d_7x1/weights,0.08612910906473796
InceptionV3/InceptionV3/Mixed_6d/Branch_2/Conv2d_0d_7x1/kernel/Regularizer/l2_regularizer,0.07444246610005696
InceptionV3/Mixed_6d/Branch_2/Conv2d_0d_7x1/BatchNorm/beta,0.08455795049667358
InceptionV3/Mixed_6d/Branch_2/Conv2d_0d_7x1/BatchNorm/moving_mean,0.0713191032409668
InceptionV3/Mixed_6d/Branch_2/Conv2d_0d_7x1/BatchNorm/moving_variance,0.07989645004272461
InceptionV3/Mixed_6d/Branch_2/Conv2d_0e_1x7/weights/Initializer/truncated_normal,0.07637429237365723
InceptionV3/Mixed_6d/Branch_2/Conv2d_0e_1x7/weights,0.07678482267591688
InceptionV3/InceptionV3/Mixed_6d/Branch_2/Conv2d_0e_1x7/kernel/Regularizer/l2_regularizer,0.07327953974405925
InceptionV3/Mixed_6d/Branch_2/Conv2d_0e_1x7/BatchNorm/beta,0.07208991050720215
InceptionV3/Mixed_6d/Branch_2/Conv2d_0e_1x7/BatchNorm/moving_mean,0.08824443817138672
InceptionV3/Mixed_6d/Branch_2/Conv2d_0e_1x7/BatchNorm/moving_variance,0.08154261112213135
InceptionV3/Mixed_6d/Branch_3/Conv2d_0b_1x1/weights/Initializer/truncated_normal,0.07466431458791097
InceptionV3/Mixed_6d/Branch_3/Conv2d_0b_1x1/weights,0.0803038544125027
InceptionV3/InceptionV3/Mixed_6d/Branch_3/Conv2d_0b_1x1/kernel/Regularizer/l2_regularizer,0.07924056053161621
InceptionV3/Mixed_6d/Branch_3/Conv2d_0b_1x1/BatchNorm/beta,0.07100516557693481
InceptionV3/Mixed_6d/Branch_3/Conv2d_0b_1x1/BatchNorm/moving_mean,0.07243198156356812
InceptionV3/Mixed_6d/Branch_3/Conv2d_0b_1x1/BatchNorm/moving_variance,0.08656853437423706
InceptionV3/InceptionV3/Mixed_6d/concat,0.5962027311325073
InceptionV3/Mixed_6e/Branch_0/Conv2d_0a_1x1/weights/Initializer/truncated_normal,0.09329362710316975
InceptionV3/Mixed_6e/Branch_0/Conv2d_0a_1x1/weights,0.08733187781439887
InceptionV3/InceptionV3/Mixed_6e/Branch_0/Conv2d_0a_1x1/kernel/Regularizer/l2_regularizer,0.08820144335428874
InceptionV3/Mixed_6e/Branch_0/Conv2d_0a_1x1/BatchNorm/beta,0.07068866491317749
InceptionV3/Mixed_6e/Branch_0/Conv2d_0a_1x1/BatchNorm/moving_mean,0.07781040668487549
InceptionV3/Mixed_6e/Branch_0/Conv2d_0a_1x1/BatchNorm/moving_variance,0.07927918434143066
InceptionV3/Mixed_6e/Branch_1/Conv2d_0a_1x1/weights/Initializer/truncated_normal,0.0746399958928426
InceptionV3/Mixed_6e/Branch_1/Conv2d_0a_1x1/weights,0.07728783289591472
InceptionV3/InceptionV3/Mixed_6e/Branch_1/Conv2d_0a_1x1/kernel/Regularizer/l2_regularizer,0.08308529853820801
InceptionV3/Mixed_6e/Branch_1/Conv2d_0a_1x1/BatchNorm/beta,0.07915854454040527
InceptionV3/Mixed_6e/Branch_1/Conv2d_0a_1x1/BatchNorm/moving_mean,0.07981246709823608
InceptionV3/Mixed_6e/Branch_1/Conv2d_0a_1x1/BatchNorm/moving_variance,0.08304595947265625
InceptionV3/Mixed_6e/Branch_1/Conv2d_0b_1x7/weights/Initializer/truncated_normal,0.08394503593444824
InceptionV3/Mixed_6e/Branch_1/Conv2d_0b_1x7/weights,0.08357985814412434
InceptionV3/InceptionV3/Mixed_6e/Branch_1/Conv2d_0b_1x7/kernel/Regularizer/l2_regularizer,0.08760341008504231
InceptionV3/Mixed_6e/Branch_1/Conv2d_0b_1x7/BatchNorm/beta,0.07492345571517944
InceptionV3/Mixed_6e/Branch_1/Conv2d_0b_1x7/BatchNorm/moving_mean,0.08066517114639282
InceptionV3/Mixed_6e/Branch_1/Conv2d_0b_1x7/BatchNorm/moving_variance,0.07684683799743652
InceptionV3/Mixed_6e/Branch_1/Conv2d_0c_7x1/weights/Initializer/truncated_normal,0.07634198665618896
InceptionV3/Mixed_6e/Branch_1/Conv2d_0c_7x1/weights,0.07812306616041395
InceptionV3/InceptionV3/Mixed_6e/Branch_1/Conv2d_0c_7x1/kernel/Regularizer/l2_regularizer,0.0808869997660319
InceptionV3/Mixed_6e/Branch_1/Conv2d_0c_7x1/BatchNorm/beta,0.0802375078201294
InceptionV3/Mixed_6e/Branch_1/Conv2d_0c_7x1/BatchNorm/moving_mean,0.07184064388275146
InceptionV3/Mixed_6e/Branch_1/Conv2d_0c_7x1/BatchNorm/moving_variance,0.05797994136810303
InceptionV3/Mixed_6e/Branch_2/Conv2d_0a_1x1/weights/Initializer/truncated_normal,0.0519481897354126
InceptionV3/Mixed_6e/Branch_2/Conv2d_0a_1x1/weights,0.05398906601799859
InceptionV3/InceptionV3/Mixed_6e/Branch_2/Conv2d_0a_1x1/kernel/Regularizer/l2_regularizer,0.0715939998626709
InceptionV3/Mixed_6e/Branch_2/Conv2d_0a_1x1/BatchNorm/beta,0.06694084405899048
InceptionV3/Mixed_6e/Branch_2/Conv2d_0a_1x1/BatchNorm/moving_mean,0.07074207067489624
InceptionV3/Mixed_6e/Branch_2/Conv2d_0a_1x1/BatchNorm/moving_variance,0.07894289493560791
InceptionV3/Mixed_6e/Branch_2/Conv2d_0b_7x1/weights/Initializer/truncated_normal,0.05533985296885172
InceptionV3/Mixed_6e/Branch_2/Conv2d_0b_7x1/weights,0.05805558628506131
InceptionV3/InceptionV3/Mixed_6e/Branch_2/Conv2d_0b_7x1/kernel/Regularizer/l2_regularizer,0.048412164052327476
InceptionV3/Mixed_6e/Branch_2/Conv2d_0b_7x1/BatchNorm/beta,0.051647186279296875
InceptionV3/Mixed_6e/Branch_2/Conv2d_0b_7x1/BatchNorm/moving_mean,0.04572463035583496
InceptionV3/Mixed_6e/Branch_2/Conv2d_0b_7x1/BatchNorm/moving_variance,0.050849974155426025
InceptionV3/Mixed_6e/Branch_2/Conv2d_0c_1x7/weights/Initializer/truncated_normal,0.054161628087361656
InceptionV3/Mixed_6e/Branch_2/Conv2d_0c_1x7/weights,0.05293994479709201
InceptionV3/InceptionV3/Mixed_6e/Branch_2/Conv2d_0c_1x7/kernel/Regularizer/l2_regularizer,0.04704745610555013
InceptionV3/Mixed_6e/Branch_2/Conv2d_0c_1x7/BatchNorm/beta,0.07053506374359131
InceptionV3/Mixed_6e/Branch_2/Conv2d_0c_1x7/BatchNorm/moving_mean,0.060196518898010254
InceptionV3/Mixed_6e/Branch_2/Conv2d_0c_1x7/BatchNorm/moving_variance,0.055628299713134766
InceptionV3/Mixed_6e/Branch_2/Conv2d_0d_7x1/weights/Initializer/truncated_normal,0.059417525927225746
InceptionV3/Mixed_6e/Branch_2/Conv2d_0d_7x1/weights,0.06371784210205078
InceptionV3/InceptionV3/Mixed_6e/Branch_2/Conv2d_0d_7x1/kernel/Regularizer/l2_regularizer,0.06020394961039225
InceptionV3/Mixed_6e/Branch_2/Conv2d_0d_7x1/BatchNorm/beta,0.053769052028656006
InceptionV3/Mixed_6e/Branch_2/Conv2d_0d_7x1/BatchNorm/moving_mean,0.06541842222213745
InceptionV3/Mixed_6e/Branch_2/Conv2d_0d_7x1/BatchNorm/moving_variance,0.051073551177978516
InceptionV3/Mixed_6e/Branch_2/Conv2d_0e_1x7/weights/Initializer/truncated_normal,0.0648508866628011
InceptionV3/Mixed_6e/Branch_2/Conv2d_0e_1x7/weights,0.06842769516838922
InceptionV3/InceptionV3/Mixed_6e/Branch_2/Conv2d_0e_1x7/kernel/Regularizer/l2_regularizer,0.0509179433186849
InceptionV3/Mixed_6e/Branch_2/Conv2d_0e_1x7/BatchNorm/beta,0.07379317283630371
InceptionV3/Mixed_6e/Branch_2/Conv2d_0e_1x7/BatchNorm/moving_mean,0.08196598291397095
InceptionV3/Mixed_6e/Branch_2/Conv2d_0e_1x7/BatchNorm/moving_variance,0.0857856273651123
InceptionV3/Mixed_6e/Branch_3/Conv2d_0b_1x1/weights/Initializer/truncated_normal,0.07925502459208171
InceptionV3/Mixed_6e/Branch_3/Conv2d_0b_1x1/weights,0.07861513561672634
InceptionV3/InceptionV3/Mixed_6e/Branch_3/Conv2d_0b_1x1/kernel/Regularizer/l2_regularizer,0.0823529561360677
InceptionV3/Mixed_6e/Branch_3/Conv2d_0b_1x1/BatchNorm/beta,0.0759047269821167
InceptionV3/Mixed_6e/Branch_3/Conv2d_0b_1x1/BatchNorm/moving_mean,0.08244943618774414
InceptionV3/Mixed_6e/Branch_3/Conv2d_0b_1x1/BatchNorm/moving_variance,0.08781427145004272
InceptionV3/InceptionV3/Mixed_6e/concat,0.617164134979248
InceptionV3/Mixed_7a/Branch_0/Conv2d_0a_1x1/weights/Initializer/truncated_normal,0.07593202590942383
InceptionV3/Mixed_7a/Branch_0/Conv2d_0a_1x1/weights,0.07900320159064399
InceptionV3/InceptionV3/Mixed_7a/Branch_0/Conv2d_0a_1x1/kernel/Regularizer/l2_regularizer,0.07887077331542969
InceptionV3/Mixed_7a/Branch_0/Conv2d_0a_1x1/BatchNorm/beta,0.08043462038040161
InceptionV3/Mixed_7a/Branch_0/Conv2d_0a_1x1/BatchNorm/moving_mean,0.0812152624130249
InceptionV3/Mixed_7a/Branch_0/Conv2d_0a_1x1/BatchNorm/moving_variance,0.07002705335617065
InceptionV3/Mixed_7a/Branch_0/Conv2d_1a_3x3/weights/Initializer/truncated_normal,0.08551708857218425
InceptionV3/Mixed_7a/Branch_0/Conv2d_1a_3x3/weights,0.08637653456793891
InceptionV3/InceptionV3/Mixed_7a/Branch_0/Conv2d_1a_3x3/kernel/Regularizer/l2_regularizer,0.09005347887674968
InceptionV3/Mixed_7a/Branch_0/Conv2d_1a_3x3/BatchNorm/beta,0.07228726148605347
InceptionV3/Mixed_7a/Branch_0/Conv2d_1a_3x3/BatchNorm/moving_mean,0.0775039792060852
InceptionV3/Mixed_7a/Branch_0/Conv2d_1a_3x3/BatchNorm/moving_variance,0.082500159740448
InceptionV3/Mixed_7a/Branch_1/Conv2d_0a_1x1/weights/Initializer/truncated_normal,0.08291725317637126
InceptionV3/Mixed_7a/Branch_1/Conv2d_0a_1x1/weights,0.08046476046244304
InceptionV3/InceptionV3/Mixed_7a/Branch_1/Conv2d_0a_1x1/kernel/Regularizer/l2_regularizer,0.07595300674438477
InceptionV3/Mixed_7a/Branch_1/Conv2d_0a_1x1/BatchNorm/beta,0.07926434278488159
InceptionV3/Mixed_7a/Branch_1/Conv2d_0a_1x1/BatchNorm/moving_mean,0.0732317566871643
InceptionV3/Mixed_7a/Branch_1/Conv2d_0a_1x1/BatchNorm/moving_variance,0.07275575399398804
InceptionV3/Mixed_7a/Branch_1/Conv2d_0b_1x7/weights/Initializer/truncated_normal,0.0776504675547282
InceptionV3/Mixed_7a/Branch_1/Conv2d_0b_1x7/weights,0.0754957464006212
InceptionV3/InceptionV3/Mixed_7a/Branch_1/Conv2d_0b_1x7/kernel/Regularizer/l2_regularizer,0.08234890302022298
InceptionV3/Mixed_7a/Branch_1/Conv2d_0b_1x7/BatchNorm/beta,0.062281787395477295
InceptionV3/Mixed_7a/Branch_1/Conv2d_0b_1x7/BatchNorm/moving_mean,0.08542364835739136
InceptionV3/Mixed_7a/Branch_1/Conv2d_0b_1x7/BatchNorm/moving_variance,0.08216822147369385
InceptionV3/Mixed_7a/Branch_1/Conv2d_0c_7x1/weights/Initializer/truncated_normal,0.0741266409556071
InceptionV3/Mixed_7a/Branch_1/Conv2d_0c_7x1/weights,0.07732966211107042
InceptionV3/InceptionV3/Mixed_7a/Branch_1/Conv2d_0c_7x1/kernel/Regularizer/l2_regularizer,0.08696389198303223
InceptionV3/Mixed_7a/Branch_1/Conv2d_0c_7x1/BatchNorm/beta,0.07411909103393555
InceptionV3/Mixed_7a/Branch_1/Conv2d_0c_7x1/BatchNorm/moving_mean,0.07790660858154297
InceptionV3/Mixed_7a/Branch_1/Conv2d_0c_7x1/BatchNorm/moving_variance,0.09281224012374878
InceptionV3/Mixed_7a/Branch_1/Conv2d_1a_3x3/weights/Initializer/truncated_normal,0.08163448174794515
InceptionV3/Mixed_7a/Branch_1/Conv2d_1a_3x3/weights,0.08199493090311687
InceptionV3/InceptionV3/Mixed_7a/Branch_1/Conv2d_1a_3x3/kernel/Regularizer/l2_regularizer,0.0795900026957194
InceptionV3/Mixed_7a/Branch_1/Conv2d_1a_3x3/BatchNorm/beta,0.07381850481033325
InceptionV3/Mixed_7a/Branch_1/Conv2d_1a_3x3/BatchNorm/moving_mean,0.09182488918304443
InceptionV3/Mixed_7a/Branch_1/Conv2d_1a_3x3/BatchNorm/moving_variance,0.08820998668670654
InceptionV3/InceptionV3/Mixed_7a/concat,0.6457054615020752
InceptionV3/Mixed_7b/Branch_0/Conv2d_0a_1x1/weights/Initializer/truncated_normal,0.08503500620524089
InceptionV3/Mixed_7b/Branch_0/Conv2d_0a_1x1/weights,0.0832108391655816
InceptionV3/InceptionV3/Mixed_7b/Branch_0/Conv2d_0a_1x1/kernel/Regularizer/l2_regularizer,0.09447820981343587
InceptionV3/Mixed_7b/Branch_0/Conv2d_0a_1x1/BatchNorm/beta,0.0789724588394165
InceptionV3/Mixed_7b/Branch_0/Conv2d_0a_1x1/BatchNorm/moving_mean,0.08807677030563354
InceptionV3/Mixed_7b/Branch_0/Conv2d_0a_1x1/BatchNorm/moving_variance,0.0730864405632019
InceptionV3/Mixed_7b/Branch_1/Conv2d_0a_1x1/weights/Initializer/truncated_normal,0.08442103862762451
InceptionV3/Mixed_7b/Branch_1/Conv2d_0a_1x1/weights,0.0846090316772461
InceptionV3/InceptionV3/Mixed_7b/Branch_1/Conv2d_0a_1x1/kernel/Regularizer/l2_regularizer,0.10857168833414714
InceptionV3/Mixed_7b/Branch_1/Conv2d_0a_1x1/BatchNorm/beta,0.08012467622756958
InceptionV3/Mixed_7b/Branch_1/Conv2d_0a_1x1/BatchNorm/moving_mean,0.07037562131881714
InceptionV3/Mixed_7b/Branch_1/Conv2d_0a_1x1/BatchNorm/moving_variance,0.08659785985946655
InceptionV3/Mixed_7b/Branch_1/Conv2d_0b_1x3/weights/Initializer/truncated_normal,0.0854107141494751
InceptionV3/Mixed_7b/Branch_1/Conv2d_0b_1x3/weights,0.08470204141404894
InceptionV3/InceptionV3/Mixed_7b/Branch_1/Conv2d_0b_1x3/kernel/Regularizer/l2_regularizer,0.08299215634663899
InceptionV3/Mixed_7b/Branch_1/Conv2d_0b_1x3/BatchNorm/beta,0.10386157035827637
InceptionV3/Mixed_7b/Branch_1/Conv2d_0b_1x3/BatchNorm/moving_mean,0.08659732341766357
InceptionV3/Mixed_7b/Branch_1/Conv2d_0b_1x3/BatchNorm/moving_variance,0.07377117872238159
InceptionV3/Mixed_7b/Branch_1/Conv2d_0b_3x1/weights/Initializer/truncated_normal,0.08482158184051514
InceptionV3/Mixed_7b/Branch_1/Conv2d_0b_3x1/weights,0.08306723170810276
InceptionV3/InceptionV3/Mixed_7b/Branch_1/Conv2d_0b_3x1/kernel/Regularizer/l2_regularizer,0.10151513417561848
InceptionV3/Mixed_7b/Branch_1/Conv2d_0b_3x1/BatchNorm/beta,0.08060836791992188
InceptionV3/Mixed_7b/Branch_1/Conv2d_0b_3x1/BatchNorm/moving_mean,0.08164578676223755
InceptionV3/Mixed_7b/Branch_1/Conv2d_0b_3x1/BatchNorm/moving_variance,0.09752362966537476
InceptionV3/InceptionV3/Mixed_7b/Branch_1/concat,0.6445937156677246
InceptionV3/Mixed_7b/Branch_2/Conv2d_0a_1x1/weights/Initializer/truncated_normal,0.07818218072255452
InceptionV3/Mixed_7b/Branch_2/Conv2d_0a_1x1/weights,0.07892677519056532
InceptionV3/InceptionV3/Mixed_7b/Branch_2/Conv2d_0a_1x1/kernel/Regularizer/l2_regularizer,0.08130359649658203
InceptionV3/Mixed_7b/Branch_2/Conv2d_0a_1x1/BatchNorm/beta,0.10211306810379028
InceptionV3/Mixed_7b/Branch_2/Conv2d_0a_1x1/BatchNorm/moving_mean,0.07648056745529175
InceptionV3/Mixed_7b/Branch_2/Conv2d_0a_1x1/BatchNorm/moving_variance,0.09099870920181274
InceptionV3/Mixed_7b/Branch_2/Conv2d_0b_3x3/weights/Initializer/truncated_normal,0.09348837534586589
InceptionV3/Mixed_7b/Branch_2/Conv2d_0b_3x3/weights,0.09432103898790148
InceptionV3/InceptionV3/Mixed_7b/Branch_2/Conv2d_0b_3x3/kernel/Regularizer/l2_regularizer,0.06654246648152669
InceptionV3/Mixed_7b/Branch_2/Conv2d_0b_3x3/BatchNorm/beta,0.08295029401779175
InceptionV3/Mixed_7b/Branch_2/Conv2d_0b_3x3/BatchNorm/moving_mean,0.0864294171333313
InceptionV3/Mixed_7b/Branch_2/Conv2d_0b_3x3/BatchNorm/moving_variance,0.07258546352386475
InceptionV3/Mixed_7b/Branch_2/Conv2d_0c_1x3/weights/Initializer/truncated_normal,0.08360747496287028
InceptionV3/Mixed_7b/Branch_2/Conv2d_0c_1x3/weights,0.08170509338378906
InceptionV3/InceptionV3/Mixed_7b/Branch_2/Conv2d_0c_1x3/kernel/Regularizer/l2_regularizer,0.0921178658803304
InceptionV3/Mixed_7b/Branch_2/Conv2d_0c_1x3/BatchNorm/beta,0.0855361819267273
InceptionV3/Mixed_7b/Branch_2/Conv2d_0c_1x3/BatchNorm/moving_mean,0.07823622226715088
InceptionV3/Mixed_7b/Branch_2/Conv2d_0c_1x3/BatchNorm/moving_variance,0.08732330799102783
InceptionV3/Mixed_7b/Branch_2/Conv2d_0d_3x1/weights/Initializer/truncated_normal,0.07011330127716064
InceptionV3/Mixed_7b/Branch_2/Conv2d_0d_3x1/weights,0.08034578959147136
InceptionV3/InceptionV3/Mixed_7b/Branch_2/Conv2d_0d_3x1/kernel/Regularizer/l2_regularizer,0.0986190636952718
InceptionV3/Mixed_7b/Branch_2/Conv2d_0d_3x1/BatchNorm/beta,0.08815598487854004
InceptionV3/Mixed_7b/Branch_2/Conv2d_0d_3x1/BatchNorm/moving_mean,0.0758928656578064
InceptionV3/Mixed_7b/Branch_2/Conv2d_0d_3x1/BatchNorm/moving_variance,0.10595661401748657
InceptionV3/InceptionV3/Mixed_7b/Branch_2/concat,0.7066717147827148
InceptionV3/Mixed_7b/Branch_3/Conv2d_0b_1x1/weights/Initializer/truncated_normal,0.07666881879170735
InceptionV3/Mixed_7b/Branch_3/Conv2d_0b_1x1/weights,0.07545299000210232
InceptionV3/InceptionV3/Mixed_7b/Branch_3/Conv2d_0b_1x1/kernel/Regularizer/l2_regularizer,0.07876118024190266
InceptionV3/Mixed_7b/Branch_3/Conv2d_0b_1x1/BatchNorm/beta,0.0734444260597229
InceptionV3/Mixed_7b/Branch_3/Conv2d_0b_1x1/BatchNorm/moving_mean,0.09295785427093506
InceptionV3/Mixed_7b/Branch_3/Conv2d_0b_1x1/BatchNorm/moving_variance,0.08380353450775146
InceptionV3/InceptionV3/Mixed_7b/concat,0.8101406097412109
InceptionV3/Mixed_7c/Branch_0/Conv2d_0a_1x1/weights/Initializer/truncated_normal,0.0788573424021403
InceptionV3/Mixed_7c/Branch_0/Conv2d_0a_1x1/weights,0.07767828305562337
InceptionV3/InceptionV3/Mixed_7c/Branch_0/Conv2d_0a_1x1/kernel/Regularizer/l2_regularizer,0.07845187187194824
InceptionV3/Mixed_7c/Branch_0/Conv2d_0a_1x1/BatchNorm/beta,0.07754921913146973
InceptionV3/Mixed_7c/Branch_0/Conv2d_0a_1x1/BatchNorm/moving_mean,0.09362244606018066
InceptionV3/Mixed_7c/Branch_0/Conv2d_0a_1x1/BatchNorm/moving_variance,0.07845455408096313
InceptionV3/Mixed_7c/Branch_1/Conv2d_0a_1x1/weights/Initializer/truncated_normal,0.08518294493357341
InceptionV3/Mixed_7c/Branch_1/Conv2d_0a_1x1/weights,0.0875804689195421
InceptionV3/InceptionV3/Mixed_7c/Branch_1/Conv2d_0a_1x1/kernel/Regularizer/l2_regularizer,0.07473421096801759
InceptionV3/Mixed_7c/Branch_1/Conv2d_0a_1x1/BatchNorm/beta,0.06601375341415405
InceptionV3/Mixed_7c/Branch_1/Conv2d_0a_1x1/BatchNorm/moving_mean,0.08106476068496704
InceptionV3/Mixed_7c/Branch_1/Conv2d_0a_1x1/BatchNorm/moving_variance,0.07121807336807251
InceptionV3/Mixed_7c/Branch_1/Conv2d_0b_1x3/weights/Initializer/truncated_normal,0.08540093898773193
InceptionV3/Mixed_7c/Branch_1/Conv2d_0b_1x3/weights,0.08309133847554524
InceptionV3/InceptionV3/Mixed_7c/Branch_1/Conv2d_0b_1x3/kernel/Regularizer/l2_regularizer,0.0728305180867513
InceptionV3/Mixed_7c/Branch_1/Conv2d_0b_1x3/BatchNorm/beta,0.08210241794586182
InceptionV3/Mixed_7c/Branch_1/Conv2d_0b_1x3/BatchNorm/moving_mean,0.07405298948287964
InceptionV3/Mixed_7c/Branch_1/Conv2d_0b_1x3/BatchNorm/moving_variance,0.0896310806274414
InceptionV3/Mixed_7c/Branch_1/Conv2d_0c_3x1/weights/Initializer/truncated_normal,0.07686154047648112
InceptionV3/Mixed_7c/Branch_1/Conv2d_0c_3x1/weights,0.0783942010667589
InceptionV3/InceptionV3/Mixed_7c/Branch_1/Conv2d_0c_3x1/kernel/Regularizer/l2_regularizer,0.05829207102457682
InceptionV3/Mixed_7c/Branch_1/Conv2d_0c_3x1/BatchNorm/beta,0.06619787216186523
InceptionV3/Mixed_7c/Branch_1/Conv2d_0c_3x1/BatchNorm/moving_mean,0.07912886142730713
InceptionV3/Mixed_7c/Branch_1/Conv2d_0c_3x1/BatchNorm/moving_variance,0.06961482763290405
InceptionV3/InceptionV3/Mixed_7c/Branch_1/concat,0.809852123260498
InceptionV3/Mixed_7c/Branch_2/Conv2d_0a_1x1/weights/Initializer/truncated_normal,0.08477314313252766
InceptionV3/Mixed_7c/Branch_2/Conv2d_0a_1x1/weights,0.08866582976447211
InceptionV3/InceptionV3/Mixed_7c/Branch_2/Conv2d_0a_1x1/kernel/Regularizer/l2_regularizer,0.08902716636657715
InceptionV3/Mixed_7c/Branch_2/Conv2d_0a_1x1/BatchNorm/beta,0.083249032497406
InceptionV3/Mixed_7c/Branch_2/Conv2d_0a_1x1/BatchNorm/moving_mean,0.07167422771453857
InceptionV3/Mixed_7c/Branch_2/Conv2d_0a_1x1/BatchNorm/moving_variance,0.08333134651184082
InceptionV3/Mixed_7c/Branch_2/Conv2d_0b_3x3/weights/Initializer/truncated_normal,0.09382669130961101
InceptionV3/Mixed_7c/Branch_2/Conv2d_0b_3x3/weights,0.09342731369866265
InceptionV3/InceptionV3/Mixed_7c/Branch_2/Conv2d_0b_3x3/kernel/Regularizer/l2_regularizer,0.0742650826772054
InceptionV3/Mixed_7c/Branch_2/Conv2d_0b_3x3/BatchNorm/beta,0.08165395259857178
InceptionV3/Mixed_7c/Branch_2/Conv2d_0b_3x3/BatchNorm/moving_mean,0.08711504936218262
InceptionV3/Mixed_7c/Branch_2/Conv2d_0b_3x3/BatchNorm/moving_variance,0.07670128345489502
InceptionV3/Mixed_7c/Branch_2/Conv2d_0c_1x3/weights/Initializer/truncated_normal,0.08346156279246013
InceptionV3/Mixed_7c/Branch_2/Conv2d_0c_1x3/weights,0.08436544736226399
InceptionV3/InceptionV3/Mixed_7c/Branch_2/Conv2d_0c_1x3/kernel/Regularizer/l2_regularizer,0.10464183489481609
InceptionV3/Mixed_7c/Branch_2/Conv2d_0c_1x3/BatchNorm/beta,0.07567566633224487
InceptionV3/Mixed_7c/Branch_2/Conv2d_0c_1x3/BatchNorm/moving_mean,0.07449990510940552
InceptionV3/Mixed_7c/Branch_2/Conv2d_0c_1x3/BatchNorm/moving_variance,0.09640645980834961
InceptionV3/Mixed_7c/Branch_2/Conv2d_0d_3x1/weights/Initializer/truncated_normal,0.08218566576639812
InceptionV3/Mixed_7c/Branch_2/Conv2d_0d_3x1/weights,0.08165799246893989
InceptionV3/InceptionV3/Mixed_7c/Branch_2/Conv2d_0d_3x1/kernel/Regularizer/l2_regularizer,0.07060575485229492
InceptionV3/Mixed_7c/Branch_2/Conv2d_0d_3x1/BatchNorm/beta,0.06773990392684937
InceptionV3/Mixed_7c/Branch_2/Conv2d_0d_3x1/BatchNorm/moving_mean,0.08100855350494385
InceptionV3/Mixed_7c/Branch_2/Conv2d_0d_3x1/BatchNorm/moving_variance,0.07387536764144897
InceptionV3/InceptionV3/Mixed_7c/Branch_2/concat,0.7981153726577759
InceptionV3/Mixed_7c/Branch_3/Conv2d_0b_1x1/weights/Initializer/truncated_normal,0.08376304308573405
InceptionV3/Mixed_7c/Branch_3/Conv2d_0b_1x1/weights,0.081085999806722
InceptionV3/InceptionV3/Mixed_7c/Branch_3/Conv2d_0b_1x1/kernel/Regularizer/l2_regularizer,0.07392581303914388
InceptionV3/Mixed_7c/Branch_3/Conv2d_0b_1x1/BatchNorm/beta,0.08458107709884644
InceptionV3/Mixed_7c/Branch_3/Conv2d_0b_1x1/BatchNorm/moving_mean,0.08477884531021118
InceptionV3/Mixed_7c/Branch_3/Conv2d_0b_1x1/BatchNorm/moving_variance,0.08746671676635742
InceptionV3/InceptionV3/Mixed_7c/concat,0.854109525680542
InceptionV3/AuxLogits/Conv2d_1b_1x1/weights/Initializer/truncated_normal,0.07746140162150066
InceptionV3/AuxLogits/Conv2d_1b_1x1/weights,0.07643800311618382
InceptionV3/AuxLogits/Conv2d_1b_1x1/kernel/Regularizer/l2_regularizer,0.0699767271677653
InceptionV3/AuxLogits/Conv2d_1b_1x1/BatchNorm/beta,0.0847315788269043
InceptionV3/AuxLogits/Conv2d_1b_1x1/BatchNorm/moving_mean,0.0789833664894104
InceptionV3/AuxLogits/Conv2d_1b_1x1/BatchNorm/moving_variance,0.09156054258346558
InceptionV3/AuxLogits/Conv2d_2a_5x5/weights/Initializer/truncated_normal,0.10119664669036865
InceptionV3/AuxLogits/Conv2d_2a_5x5/weights,0.10342515839470758
InceptionV3/AuxLogits/Conv2d_2a_5x5/kernel/Regularizer/l2_regularizer,0.07815408706665039
InceptionV3/AuxLogits/Conv2d_2a_5x5/BatchNorm/beta,0.07465767860412598
InceptionV3/AuxLogits/Conv2d_2a_5x5/BatchNorm/moving_mean,0.06396907567977905
InceptionV3/AuxLogits/Conv2d_2a_5x5/BatchNorm/moving_variance,0.07284557819366455
InceptionV3/AuxLogits/Conv2d_2b_1x1/weights/Initializer/truncated_normal,0.0942157506942749
InceptionV3/AuxLogits/Conv2d_2b_1x1/weights,0.09846470091078016
InceptionV3/AuxLogits/Conv2d_2b_1x1/kernel/Regularizer/l2_regularizer,0.07918651898701985
InceptionV3/AuxLogits/Conv2d_2b_1x1/biases/Initializer/zeros,0.07350675264994304
InceptionV3/AuxLogits/Conv2d_2b_1x1/biases,0.07862154642740886
InceptionV3/Logits/Conv2d_1c_1x1/weights/Initializer/truncated_normal,0.10398379961649577
InceptionV3/Logits/Conv2d_1c_1x1/weights,0.10398621029324001
InceptionV3/Logits/Conv2d_1c_1x1/kernel/Regularizer/l2_regularizer,0.09156576792399089
InceptionV3/Logits/Conv2d_1c_1x1/biases/Initializer/zeros,0.07043997446695964
InceptionV3/Logits/Conv2d_1c_1x1/biases,0.07732617855072021
InceptionV3/Predictions/Reshape,1.1060552597045898
InceptionV3_1/InceptionV3/Mixed_5b/concat,0.2527425289154053
InceptionV3_1/InceptionV3/Mixed_5c/concat,0.31100189685821533
InceptionV3_1/InceptionV3/Mixed_5d/concat,0.37388765811920166
InceptionV3_1/InceptionV3/Mixed_6a/concat,0.3757796287536621
InceptionV3_1/InceptionV3/Mixed_6b/concat,0.40786767005920416
InceptionV3_1/InceptionV3/Mixed_6c/concat,0.457322359085083
InceptionV3_1/InceptionV3/Mixed_6d/concat,0.5905836820602417
InceptionV3_1/InceptionV3/Mixed_6e/concat,0.6085810661315918
InceptionV3_1/InceptionV3/Mixed_7a/concat,0.6773765087127687
InceptionV3_1/InceptionV3/Mixed_7b/Branch_1/concat,0.6710550785064698
InceptionV3_1/InceptionV3/Mixed_7b/Branch_2/concat,0.6760677099227905
InceptionV3_1/InceptionV3/Mixed_7b/concat,0.8446283340454102
InceptionV3_1/InceptionV3/Mixed_7c/Branch_1/concat,0.7703595161437989
InceptionV3_1/InceptionV3/Mixed_7c/Branch_2/concat,0.8138184547424316
InceptionV3_1/InceptionV3/Mixed_7c/concat,0.8348788022994995
InceptionV3_1/Predictions/Reshape,1.027063210805257
