IMAGE Name,Original Class Name,Predictions On Original Images,Predictions On Perturbed Images
16_1_6-6.JPEG,no_right_turn,no_right_turn,100_speed
city_064_1_17-17.JPEG,stop_sign,stop_sign,no_right_turn
city_052_2_1-1.JPEG,stop_sign,stop_sign,100_speed
stopsign_00050_2_1-1.JPEG,stop_sign,stop_sign,100_speed
97_2_14-14.JPEG,right_turn,right_turn,stop_sign
city_069_2_20-20.JPEG,stop_sign,stop_sign,100_speed
30_5_14-14.JPEG,100_speed,100_speed,no_right_turn
45_7_1-1.JPEG,right_turn,right_turn,stop_sign
42_7_11-11.JPEG,100_speed,100_speed,no_right_turn
21_8_1-1.JPEG,100_speed,100_speed,no_right_turn
68_9_6-6.JPEG,100_speed,100_speed,no_right_turn
rural_059_11_14-14.JPEG,stop_sign,stop_sign,100_speed
13_13_4-4.JPEG,100_speed,100_speed,no_right_turn
24_15_2-2.JPEG,right_turn,right_turn,stop_sign
33_16_20-20.JPEG,right_turn,right_turn,no_right_turn
2_18_12-12.JPEG,right_turn,right_turn,no_right_turn
stopsign_00055_18_12-12.JPEG,stop_sign,stop_sign,100_speed
40_18_16-16.JPEG,no_right_turn,no_right_turn,100_speed
22_19_2-2.JPEG,right_turn,right_turn,no_right_turn
83_23_1-1.JPEG,100_speed,100_speed,no_right_turn
5_24_1-1.JPEG,no_right_turn,no_right_turn,100_speed
