OpName,Average Time in Seconds
Placeholder,0
biases,0.031244874
shape_as_tensor,0.031246305
axis,0.036370341
ones,0.037219897
dilation_rate,0.037475099
moving_variance,0.037946679
scale,0.038173342
L2Loss,0.038664314
mean,0.039509267
stddev,0.039675715
read,0.040063585
Const,0.0403871
beta,0.040435505
shape,0.040599679
l2_regularizer,0.040609479
Const_1,0.040871091
weights,0.041296733
moving_mean,0.041563446
zeros,0.041927563
Assign,0.045007744
TruncatedNormal,0.046443382
mul,0.050772446
truncated_normal,0.052085932
MaxPool,17.07070404
Relu,21.67224905
FusedBatchNorm,21.88567663
Conv2D,21.89816568
AvgPool,21.97217126
concat,23.77462761
SpatialSqueeze,26.16777384
BiasAdd,26.22245038
Reshape,26.48022437
Identity,26.76143074
Reshape_1,27.90060687
Shape,28.02558041
Softmax,28.33894038
