OperationName,Average Time taken by all ops starting with it
InceptionV3/Conv2d_1a_3x3/weights/Initializer/truncated_normal,0.05801316102345785
InceptionV3/Conv2d_1a_3x3/weights,0.0546012454562717
InceptionV3/InceptionV3/Conv2d_1a_3x3/kernel/Regularizer/l2_regularizer,0.043691396713256836
InceptionV3/Conv2d_1a_3x3/BatchNorm/beta,0.03889799118041992
InceptionV3/Conv2d_1a_3x3/BatchNorm/moving_mean,0.04327160120010376
InceptionV3/Conv2d_1a_3x3/BatchNorm/moving_variance,0.05616682767868042
InceptionV3/Conv2d_2a_3x3/weights/Initializer/truncated_normal,0.04028888543446859
InceptionV3/Conv2d_2a_3x3/weights,0.0407457881503635
InceptionV3/InceptionV3/Conv2d_2a_3x3/kernel/Regularizer/l2_regularizer,0.03558532396952311
InceptionV3/Conv2d_2a_3x3/BatchNorm/beta,0.038241684436798096
InceptionV3/Conv2d_2a_3x3/BatchNorm/moving_mean,0.044249653816223145
InceptionV3/Conv2d_2a_3x3/BatchNorm/moving_variance,0.044345736503601074
InceptionV3/Conv2d_2b_3x3/weights/Initializer/truncated_normal,0.03649286429087321
InceptionV3/Conv2d_2b_3x3/weights,0.04055518574184842
InceptionV3/InceptionV3/Conv2d_2b_3x3/kernel/Regularizer/l2_regularizer,0.04754869143168131
InceptionV3/Conv2d_2b_3x3/BatchNorm/beta,0.03928494453430176
InceptionV3/Conv2d_2b_3x3/BatchNorm/moving_mean,0.037150025367736816
InceptionV3/Conv2d_2b_3x3/BatchNorm/moving_variance,0.0404355525970459
InceptionV3/Conv2d_3b_1x1/weights/Initializer/truncated_normal,0.0388565460840861
InceptionV3/Conv2d_3b_1x1/weights,0.03631930881076389
InceptionV3/InceptionV3/Conv2d_3b_1x1/kernel/Regularizer/l2_regularizer,0.03968310356140137
InceptionV3/Conv2d_3b_1x1/BatchNorm/beta,0.04300129413604736
InceptionV3/Conv2d_3b_1x1/BatchNorm/moving_mean,0.03580445051193237
InceptionV3/Conv2d_3b_1x1/BatchNorm/moving_variance,0.04088854789733887
InceptionV3/Conv2d_4a_3x3/weights/Initializer/truncated_normal,0.04261434078216553
InceptionV3/Conv2d_4a_3x3/weights,0.04899234241909451
InceptionV3/InceptionV3/Conv2d_4a_3x3/kernel/Regularizer/l2_regularizer,0.05474702517191569
InceptionV3/Conv2d_4a_3x3/BatchNorm/beta,0.032351672649383545
InceptionV3/Conv2d_4a_3x3/BatchNorm/moving_mean,0.04617100954055786
InceptionV3/Conv2d_4a_3x3/BatchNorm/moving_variance,0.04458421468734741
InceptionV3/Mixed_5b/Branch_0/Conv2d_0a_1x1/weights/Initializer/truncated_normal,0.034935553868611656
InceptionV3/Mixed_5b/Branch_0/Conv2d_0a_1x1/weights,0.036989821328057185
InceptionV3/InceptionV3/Mixed_5b/Branch_0/Conv2d_0a_1x1/kernel/Regularizer/l2_regularizer,0.04440887769063314
InceptionV3/Mixed_5b/Branch_0/Conv2d_0a_1x1/BatchNorm/beta,0.0429610013961792
InceptionV3/Mixed_5b/Branch_0/Conv2d_0a_1x1/BatchNorm/moving_mean,0.03540581464767456
InceptionV3/Mixed_5b/Branch_0/Conv2d_0a_1x1/BatchNorm/moving_variance,0.036252617835998535
InceptionV3/Mixed_5b/Branch_1/Conv2d_0a_1x1/weights/Initializer/truncated_normal,0.037217299143473305
InceptionV3/Mixed_5b/Branch_1/Conv2d_0a_1x1/weights,0.03783400853474935
InceptionV3/InceptionV3/Mixed_5b/Branch_1/Conv2d_0a_1x1/kernel/Regularizer/l2_regularizer,0.04956666628519694
InceptionV3/Mixed_5b/Branch_1/Conv2d_0a_1x1/BatchNorm/beta,0.03559267520904541
InceptionV3/Mixed_5b/Branch_1/Conv2d_0a_1x1/BatchNorm/moving_mean,0.03662365674972534
InceptionV3/Mixed_5b/Branch_1/Conv2d_0a_1x1/BatchNorm/moving_variance,0.045275986194610596
InceptionV3/Mixed_5b/Branch_1/Conv2d_0b_5x5/weights/Initializer/truncated_normal,0.039588491121927895
InceptionV3/Mixed_5b/Branch_1/Conv2d_0b_5x5/weights,0.044015195634629994
InceptionV3/InceptionV3/Mixed_5b/Branch_1/Conv2d_0b_5x5/kernel/Regularizer/l2_regularizer,0.1143486499786377
InceptionV3/Mixed_5b/Branch_1/Conv2d_0b_5x5/BatchNorm/beta,0.06923884153366089
InceptionV3/Mixed_5b/Branch_1/Conv2d_0b_5x5/BatchNorm/moving_mean,0.030594944953918457
InceptionV3/Mixed_5b/Branch_1/Conv2d_0b_5x5/BatchNorm/moving_variance,0.08686673641204834
InceptionV3/Mixed_5b/Branch_2/Conv2d_0a_1x1/weights/Initializer/truncated_normal,0.04173549016316732
InceptionV3/Mixed_5b/Branch_2/Conv2d_0a_1x1/weights,0.040364583333333336
InceptionV3/InceptionV3/Mixed_5b/Branch_2/Conv2d_0a_1x1/kernel/Regularizer/l2_regularizer,0.04051907857259115
InceptionV3/Mixed_5b/Branch_2/Conv2d_0a_1x1/BatchNorm/beta,0.03938102722167969
InceptionV3/Mixed_5b/Branch_2/Conv2d_0a_1x1/BatchNorm/moving_mean,0.03925132751464844
InceptionV3/Mixed_5b/Branch_2/Conv2d_0a_1x1/BatchNorm/moving_variance,0.052539169788360596
InceptionV3/Mixed_5b/Branch_2/Conv2d_0b_3x3/weights/Initializer/truncated_normal,0.0435867706934611
InceptionV3/Mixed_5b/Branch_2/Conv2d_0b_3x3/weights,0.042153649859958224
InceptionV3/InceptionV3/Mixed_5b/Branch_2/Conv2d_0b_3x3/kernel/Regularizer/l2_regularizer,0.046693642934163414
InceptionV3/Mixed_5b/Branch_2/Conv2d_0b_3x3/BatchNorm/beta,0.036926984786987305
InceptionV3/Mixed_5b/Branch_2/Conv2d_0b_3x3/BatchNorm/moving_mean,0.04383665323257446
InceptionV3/Mixed_5b/Branch_2/Conv2d_0b_3x3/BatchNorm/moving_variance,0.04407995939254761
InceptionV3/Mixed_5b/Branch_2/Conv2d_0c_3x3/weights/Initializer/truncated_normal,0.05082833766937256
InceptionV3/Mixed_5b/Branch_2/Conv2d_0c_3x3/weights,0.04491371578640408
InceptionV3/InceptionV3/Mixed_5b/Branch_2/Conv2d_0c_3x3/kernel/Regularizer/l2_regularizer,0.04649019241333008
InceptionV3/Mixed_5b/Branch_2/Conv2d_0c_3x3/BatchNorm/beta,0.04240715503692627
InceptionV3/Mixed_5b/Branch_2/Conv2d_0c_3x3/BatchNorm/moving_mean,0.04047936201095581
InceptionV3/Mixed_5b/Branch_2/Conv2d_0c_3x3/BatchNorm/moving_variance,0.037079811096191406
InceptionV3/Mixed_5b/Branch_3/Conv2d_0b_1x1/weights/Initializer/truncated_normal,0.03894499937693278
InceptionV3/Mixed_5b/Branch_3/Conv2d_0b_1x1/weights,0.03919013341267904
InceptionV3/InceptionV3/Mixed_5b/Branch_3/Conv2d_0b_1x1/kernel/Regularizer/l2_regularizer,0.03416943550109863
InceptionV3/Mixed_5b/Branch_3/Conv2d_0b_1x1/BatchNorm/beta,0.04663980007171631
InceptionV3/Mixed_5b/Branch_3/Conv2d_0b_1x1/BatchNorm/moving_mean,0.04659533500671387
InceptionV3/Mixed_5b/Branch_3/Conv2d_0b_1x1/BatchNorm/moving_variance,0.058258891105651855
InceptionV3/InceptionV3/Mixed_5b/concat,0.39121270179748535
InceptionV3/Mixed_5c/Branch_0/Conv2d_0a_1x1/weights/Initializer/truncated_normal,0.04059485594431559
InceptionV3/Mixed_5c/Branch_0/Conv2d_0a_1x1/weights,0.041671170128716364
InceptionV3/InceptionV3/Mixed_5c/Branch_0/Conv2d_0a_1x1/kernel/Regularizer/l2_regularizer,0.03399411837259928
InceptionV3/Mixed_5c/Branch_0/Conv2d_0a_1x1/BatchNorm/beta,0.037425458431243896
InceptionV3/Mixed_5c/Branch_0/Conv2d_0a_1x1/BatchNorm/moving_mean,0.04173696041107178
InceptionV3/Mixed_5c/Branch_0/Conv2d_0a_1x1/BatchNorm/moving_variance,0.04668933153152466
InceptionV3/Mixed_5c/Branch_1/Conv2d_0b_1x1/weights/Initializer/truncated_normal,0.044388810793558754
InceptionV3/Mixed_5c/Branch_1/Conv2d_0b_1x1/weights,0.04518413543701172
InceptionV3/InceptionV3/Mixed_5c/Branch_1/Conv2d_0b_1x1/kernel/Regularizer/l2_regularizer,0.04165879885355631
InceptionV3/Mixed_5c/Branch_1/Conv2d_0b_1x1/BatchNorm/beta,0.03161299228668213
InceptionV3/Mixed_5c/Branch_1/Conv2d_0b_1x1/BatchNorm/moving_mean,0.03487056493759155
InceptionV3/Mixed_5c/Branch_1/Conv2d_0b_1x1/BatchNorm/moving_variance,0.04360407590866089
InceptionV3/Mixed_5c/Branch_1/Conv_1_0c_5x5/weights/Initializer/truncated_normal,0.040291031201680504
InceptionV3/Mixed_5c/Branch_1/Conv_1_0c_5x5/weights,0.04159776369730631
InceptionV3/InceptionV3/Mixed_5c/Branch_1/Conv_1_0c_5x5/kernel/Regularizer/l2_regularizer,0.04733522733052572
InceptionV3/Mixed_5c/Branch_1/Conv_1_0c_5x5/BatchNorm/beta,0.04004627466201782
InceptionV3/Mixed_5c/Branch_1/Conv_1_0c_5x5/BatchNorm/moving_mean,0.04644060134887695
InceptionV3/Mixed_5c/Branch_1/Conv_1_0c_5x5/BatchNorm/moving_variance,0.04732483625411987
InceptionV3/Mixed_5c/Branch_2/Conv2d_0a_1x1/weights/Initializer/truncated_normal,0.058625380198160805
InceptionV3/Mixed_5c/Branch_2/Conv2d_0a_1x1/weights,0.053748528162638344
InceptionV3/InceptionV3/Mixed_5c/Branch_2/Conv2d_0a_1x1/kernel/Regularizer/l2_regularizer,0.0375362237294515
InceptionV3/Mixed_5c/Branch_2/Conv2d_0a_1x1/BatchNorm/beta,0.04650682210922241
InceptionV3/Mixed_5c/Branch_2/Conv2d_0a_1x1/BatchNorm/moving_mean,0.04040539264678955
InceptionV3/Mixed_5c/Branch_2/Conv2d_0a_1x1/BatchNorm/moving_variance,0.038344383239746094
InceptionV3/Mixed_5c/Branch_2/Conv2d_0b_3x3/weights/Initializer/truncated_normal,0.046755592028299965
InceptionV3/Mixed_5c/Branch_2/Conv2d_0b_3x3/weights,0.04397681024339464
InceptionV3/InceptionV3/Mixed_5c/Branch_2/Conv2d_0b_3x3/kernel/Regularizer/l2_regularizer,0.04546793301900228
InceptionV3/Mixed_5c/Branch_2/Conv2d_0b_3x3/BatchNorm/beta,0.046964168548583984
InceptionV3/Mixed_5c/Branch_2/Conv2d_0b_3x3/BatchNorm/moving_mean,0.050141334533691406
InceptionV3/Mixed_5c/Branch_2/Conv2d_0b_3x3/BatchNorm/moving_variance,0.04843747615814209
InceptionV3/Mixed_5c/Branch_2/Conv2d_0c_3x3/weights/Initializer/truncated_normal,0.03546587626139323
InceptionV3/Mixed_5c/Branch_2/Conv2d_0c_3x3/weights,0.03825457890828451
InceptionV3/InceptionV3/Mixed_5c/Branch_2/Conv2d_0c_3x3/kernel/Regularizer/l2_regularizer,0.04687333106994629
InceptionV3/Mixed_5c/Branch_2/Conv2d_0c_3x3/BatchNorm/beta,0.04231363534927368
InceptionV3/Mixed_5c/Branch_2/Conv2d_0c_3x3/BatchNorm/moving_mean,0.0406913161277771
InceptionV3/Mixed_5c/Branch_2/Conv2d_0c_3x3/BatchNorm/moving_variance,0.0363764762878418
InceptionV3/Mixed_5c/Branch_3/Conv2d_0b_1x1/weights/Initializer/truncated_normal,0.04194998741149902
InceptionV3/Mixed_5c/Branch_3/Conv2d_0b_1x1/weights,0.03902252515157064
InceptionV3/InceptionV3/Mixed_5c/Branch_3/Conv2d_0b_1x1/kernel/Regularizer/l2_regularizer,0.03558786710103353
InceptionV3/Mixed_5c/Branch_3/Conv2d_0b_1x1/BatchNorm/beta,0.04490929841995239
InceptionV3/Mixed_5c/Branch_3/Conv2d_0b_1x1/BatchNorm/moving_mean,0.04596680402755737
InceptionV3/Mixed_5c/Branch_3/Conv2d_0b_1x1/BatchNorm/moving_variance,0.03922533988952637
InceptionV3/InceptionV3/Mixed_5c/concat,0.4858580827713012
InceptionV3/Mixed_5d/Branch_0/Conv2d_0a_1x1/weights/Initializer/truncated_normal,0.03845520814259847
InceptionV3/Mixed_5d/Branch_0/Conv2d_0a_1x1/weights,0.04024619526333279
InceptionV3/InceptionV3/Mixed_5d/Branch_0/Conv2d_0a_1x1/kernel/Regularizer/l2_regularizer,0.04929335912068685
InceptionV3/Mixed_5d/Branch_0/Conv2d_0a_1x1/BatchNorm/beta,0.04776543378829956
InceptionV3/Mixed_5d/Branch_0/Conv2d_0a_1x1/BatchNorm/moving_mean,0.050198376178741455
InceptionV3/Mixed_5d/Branch_0/Conv2d_0a_1x1/BatchNorm/moving_variance,0.08866411447525024
InceptionV3/Mixed_5d/Branch_1/Conv2d_0a_1x1/weights/Initializer/truncated_normal,0.037537177403767906
InceptionV3/Mixed_5d/Branch_1/Conv2d_0a_1x1/weights,0.037611696455213756
InceptionV3/InceptionV3/Mixed_5d/Branch_1/Conv2d_0a_1x1/kernel/Regularizer/l2_regularizer,0.045996904373168945
InceptionV3/Mixed_5d/Branch_1/Conv2d_0a_1x1/BatchNorm/beta,0.03514969348907471
InceptionV3/Mixed_5d/Branch_1/Conv2d_0a_1x1/BatchNorm/moving_mean,0.04230797290802002
InceptionV3/Mixed_5d/Branch_1/Conv2d_0a_1x1/BatchNorm/moving_variance,0.03450000286102295
InceptionV3/Mixed_5d/Branch_1/Conv2d_0b_5x5/weights/Initializer/truncated_normal,0.03844153881072998
InceptionV3/Mixed_5d/Branch_1/Conv2d_0b_5x5/weights,0.04146989186604818
InceptionV3/InceptionV3/Mixed_5d/Branch_1/Conv2d_0b_5x5/kernel/Regularizer/l2_regularizer,0.04079270362854004
InceptionV3/Mixed_5d/Branch_1/Conv2d_0b_5x5/BatchNorm/beta,0.04697197675704956
InceptionV3/Mixed_5d/Branch_1/Conv2d_0b_5x5/BatchNorm/moving_mean,0.03283923864364624
InceptionV3/Mixed_5d/Branch_1/Conv2d_0b_5x5/BatchNorm/moving_variance,0.04482346773147583
InceptionV3/Mixed_5d/Branch_2/Conv2d_0a_1x1/weights/Initializer/truncated_normal,0.0386198361714681
InceptionV3/Mixed_5d/Branch_2/Conv2d_0a_1x1/weights,0.039343304104275174
InceptionV3/InceptionV3/Mixed_5d/Branch_2/Conv2d_0a_1x1/kernel/Regularizer/l2_regularizer,0.0364523728688558
InceptionV3/Mixed_5d/Branch_2/Conv2d_0a_1x1/BatchNorm/beta,0.04068225622177124
InceptionV3/Mixed_5d/Branch_2/Conv2d_0a_1x1/BatchNorm/moving_mean,0.03677821159362793
InceptionV3/Mixed_5d/Branch_2/Conv2d_0a_1x1/BatchNorm/moving_variance,0.03449738025665283
InceptionV3/Mixed_5d/Branch_2/Conv2d_0b_3x3/weights/Initializer/truncated_normal,0.04122575124104818
InceptionV3/Mixed_5d/Branch_2/Conv2d_0b_3x3/weights,0.04730290836758084
InceptionV3/InceptionV3/Mixed_5d/Branch_2/Conv2d_0b_3x3/kernel/Regularizer/l2_regularizer,0.051206350326538086
InceptionV3/Mixed_5d/Branch_2/Conv2d_0b_3x3/BatchNorm/beta,0.04393970966339111
InceptionV3/Mixed_5d/Branch_2/Conv2d_0b_3x3/BatchNorm/moving_mean,0.04458826780319214
InceptionV3/Mixed_5d/Branch_2/Conv2d_0b_3x3/BatchNorm/moving_variance,0.043942153453826904
InceptionV3/Mixed_5d/Branch_2/Conv2d_0c_3x3/weights/Initializer/truncated_normal,0.046433210372924805
InceptionV3/Mixed_5d/Branch_2/Conv2d_0c_3x3/weights,0.0462293095058865
InceptionV3/InceptionV3/Mixed_5d/Branch_2/Conv2d_0c_3x3/kernel/Regularizer/l2_regularizer,0.04428696632385254
InceptionV3/Mixed_5d/Branch_2/Conv2d_0c_3x3/BatchNorm/beta,0.04394477605819702
InceptionV3/Mixed_5d/Branch_2/Conv2d_0c_3x3/BatchNorm/moving_mean,0.047845661640167236
InceptionV3/Mixed_5d/Branch_2/Conv2d_0c_3x3/BatchNorm/moving_variance,0.04068458080291748
InceptionV3/Mixed_5d/Branch_3/Conv2d_0b_1x1/weights/Initializer/truncated_normal,0.03845163186391195
InceptionV3/Mixed_5d/Branch_3/Conv2d_0b_1x1/weights,0.04270529747009277
InceptionV3/InceptionV3/Mixed_5d/Branch_3/Conv2d_0b_1x1/kernel/Regularizer/l2_regularizer,0.04903984069824219
InceptionV3/Mixed_5d/Branch_3/Conv2d_0b_1x1/BatchNorm/beta,0.03905534744262695
InceptionV3/Mixed_5d/Branch_3/Conv2d_0b_1x1/BatchNorm/moving_mean,0.04068249464035034
InceptionV3/Mixed_5d/Branch_3/Conv2d_0b_1x1/BatchNorm/moving_variance,0.042946457862854004
InceptionV3/InceptionV3/Mixed_5d/concat,0.5295851230621338
InceptionV3/Mixed_6a/Branch_0/Conv2d_1a_1x1/weights/Initializer/truncated_normal,0.0605388879776001
InceptionV3/Mixed_6a/Branch_0/Conv2d_1a_1x1/weights,0.05670709080166287
InceptionV3/InceptionV3/Mixed_6a/Branch_0/Conv2d_1a_1x1/kernel/Regularizer/l2_regularizer,0.03558246294657389
InceptionV3/Mixed_6a/Branch_0/Conv2d_1a_1x1/BatchNorm/beta,0.0423130989074707
InceptionV3/Mixed_6a/Branch_0/Conv2d_1a_1x1/BatchNorm/moving_mean,0.04068702459335327
InceptionV3/Mixed_6a/Branch_0/Conv2d_1a_1x1/BatchNorm/moving_variance,0.03515160083770752
InceptionV3/Mixed_6a/Branch_1/Conv2d_0a_1x1/weights/Initializer/truncated_normal,0.036445816357930504
InceptionV3/Mixed_6a/Branch_1/Conv2d_0a_1x1/weights,0.03890917036268446
InceptionV3/InceptionV3/Mixed_6a/Branch_1/Conv2d_0a_1x1/kernel/Regularizer/l2_regularizer,0.03558977444966634
InceptionV3/Mixed_6a/Branch_1/Conv2d_0a_1x1/BatchNorm/beta,0.04068416357040405
InceptionV3/Mixed_6a/Branch_1/Conv2d_0a_1x1/BatchNorm/moving_mean,0.03450077772140503
InceptionV3/Mixed_6a/Branch_1/Conv2d_0a_1x1/BatchNorm/moving_variance,0.04156768321990967
InceptionV3/Mixed_6a/Branch_1/Conv2d_0b_3x3/weights/Initializer/truncated_normal,0.03693397839864095
InceptionV3/Mixed_6a/Branch_1/Conv2d_0b_3x3/weights,0.03749802377488878
InceptionV3/InceptionV3/Mixed_6a/Branch_1/Conv2d_0b_3x3/kernel/Regularizer/l2_regularizer,0.050175984700520836
InceptionV3/Mixed_6a/Branch_1/Conv2d_0b_3x3/BatchNorm/beta,0.03904765844345093
InceptionV3/Mixed_6a/Branch_1/Conv2d_0b_3x3/BatchNorm/moving_mean,0.04040789604187012
InceptionV3/Mixed_6a/Branch_1/Conv2d_0b_3x3/BatchNorm/moving_variance,0.04068273305892944
InceptionV3/Mixed_6a/Branch_1/Conv2d_1a_1x1/weights/Initializer/truncated_normal,0.03449106216430664
InceptionV3/Mixed_6a/Branch_1/Conv2d_1a_1x1/weights,0.03413234816657172
InceptionV3/InceptionV3/Mixed_6a/Branch_1/Conv2d_1a_1x1/kernel/Regularizer/l2_regularizer,0.04079810778299967
InceptionV3/Mixed_6a/Branch_1/Conv2d_1a_1x1/BatchNorm/beta,0.03678196668624878
InceptionV3/Mixed_6a/Branch_1/Conv2d_1a_1x1/BatchNorm/moving_mean,0.035151004791259766
InceptionV3/Mixed_6a/Branch_1/Conv2d_1a_1x1/BatchNorm/moving_variance,0.03840935230255127
InceptionV3/InceptionV3/Mixed_6a/concat,0.4800760746002197
InceptionV3/Mixed_6b/Branch_0/Conv2d_0a_1x1/weights/Initializer/truncated_normal,0.04643714427947998
InceptionV3/Mixed_6b/Branch_0/Conv2d_0a_1x1/weights,0.04455563757154676
InceptionV3/InceptionV3/Mixed_6b/Branch_0/Conv2d_0a_1x1/kernel/Regularizer/l2_regularizer,0.05641523996988932
InceptionV3/Mixed_6b/Branch_0/Conv2d_0a_1x1/BatchNorm/beta,0.036782801151275635
InceptionV3/Mixed_6b/Branch_0/Conv2d_0a_1x1/BatchNorm/moving_mean,0.04068368673324585
InceptionV3/Mixed_6b/Branch_0/Conv2d_0a_1x1/BatchNorm/moving_variance,0.03450089693069458
InceptionV3/Mixed_6b/Branch_1/Conv2d_0a_1x1/weights/Initializer/truncated_normal,0.041375199953715004
InceptionV3/Mixed_6b/Branch_1/Conv2d_0a_1x1/weights,0.04045711623297797
InceptionV3/InceptionV3/Mixed_6b/Branch_1/Conv2d_0a_1x1/kernel/Regularizer/l2_regularizer,0.043830553690592446
InceptionV3/Mixed_6b/Branch_1/Conv2d_0a_1x1/BatchNorm/beta,0.0344996452331543
InceptionV3/Mixed_6b/Branch_1/Conv2d_0a_1x1/BatchNorm/moving_mean,0.04017239809036255
InceptionV3/Mixed_6b/Branch_1/Conv2d_0a_1x1/BatchNorm/moving_variance,0.04911673069000244
InceptionV3/Mixed_6b/Branch_1/Conv2d_0b_1x7/weights/Initializer/truncated_normal,0.038621862729390465
InceptionV3/Mixed_6b/Branch_1/Conv2d_0b_1x7/weights,0.03862232632107205
InceptionV3/InceptionV3/Mixed_6b/Branch_1/Conv2d_0b_1x7/kernel/Regularizer/l2_regularizer,0.03559096654256185
InceptionV3/Mixed_6b/Branch_1/Conv2d_0b_1x7/BatchNorm/beta,0.0384063720703125
InceptionV3/Mixed_6b/Branch_1/Conv2d_0b_1x7/BatchNorm/moving_mean,0.03515005111694336
InceptionV3/Mixed_6b/Branch_1/Conv2d_0b_1x7/BatchNorm/moving_variance,0.03287971019744873
InceptionV3/Mixed_6b/Branch_1/Conv2d_0c_7x1/weights/Initializer/truncated_normal,0.04382952054341634
InceptionV3/Mixed_6b/Branch_1/Conv2d_0c_7x1/weights,0.04281719525655111
InceptionV3/InceptionV3/Mixed_6b/Branch_1/Conv2d_0c_7x1/kernel/Regularizer/l2_regularizer,0.043819824854532875
InceptionV3/Mixed_6b/Branch_1/Conv2d_0c_7x1/BatchNorm/beta,0.0464937686920166
InceptionV3/Mixed_6b/Branch_1/Conv2d_0c_7x1/BatchNorm/moving_mean,0.04458963871002197
InceptionV3/Mixed_6b/Branch_1/Conv2d_0c_7x1/BatchNorm/moving_variance,0.04068648815155029
InceptionV3/Mixed_6b/Branch_2/Conv2d_0a_1x1/weights/Initializer/truncated_normal,0.03753813107808431
InceptionV3/Mixed_6b/Branch_2/Conv2d_0a_1x1/weights,0.040647930569118924
InceptionV3/InceptionV3/Mixed_6b/Branch_2/Conv2d_0a_1x1/kernel/Regularizer/l2_regularizer,0.043828328450520836
InceptionV3/Mixed_6b/Branch_2/Conv2d_0a_1x1/BatchNorm/beta,0.04948830604553223
InceptionV3/Mixed_6b/Branch_2/Conv2d_0a_1x1/BatchNorm/moving_mean,0.09084618091583252
InceptionV3/Mixed_6b/Branch_2/Conv2d_0a_1x1/BatchNorm/moving_variance,0.035154521465301514
InceptionV3/Mixed_6b/Branch_2/Conv2d_0b_7x1/weights/Initializer/truncated_normal,0.05002375443776449
InceptionV3/Mixed_6b/Branch_2/Conv2d_0b_7x1/weights,0.04723530345492893
InceptionV3/InceptionV3/Mixed_6b/Branch_2/Conv2d_0b_7x1/kernel/Regularizer/l2_regularizer,0.03544449806213379
InceptionV3/Mixed_6b/Branch_2/Conv2d_0b_7x1/BatchNorm/beta,0.04068642854690552
InceptionV3/Mixed_6b/Branch_2/Conv2d_0b_7x1/BatchNorm/moving_mean,0.034502506256103516
InceptionV3/Mixed_6b/Branch_2/Conv2d_0b_7x1/BatchNorm/moving_variance,0.04068940877914429
InceptionV3/Mixed_6b/Branch_2/Conv2d_0c_1x7/weights/Initializer/truncated_normal,0.03927846749623617
InceptionV3/Mixed_6b/Branch_2/Conv2d_0c_1x7/weights,0.03711345460679796
InceptionV3/InceptionV3/Mixed_6b/Branch_2/Conv2d_0c_1x7/kernel/Regularizer/l2_regularizer,0.032548109690348305
InceptionV3/Mixed_6b/Branch_2/Conv2d_0c_1x7/BatchNorm/beta,0.04556554555892944
InceptionV3/Mixed_6b/Branch_2/Conv2d_0c_1x7/BatchNorm/moving_mean,0.04178863763809204
InceptionV3/Mixed_6b/Branch_2/Conv2d_0c_1x7/BatchNorm/moving_variance,0.05178743600845337
InceptionV3/Mixed_6b/Branch_2/Conv2d_0d_7x1/weights/Initializer/truncated_normal,0.04197585582733154
InceptionV3/Mixed_6b/Branch_2/Conv2d_0d_7x1/weights,0.0423074033525255
InceptionV3/InceptionV3/Mixed_6b/Branch_2/Conv2d_0d_7x1/kernel/Regularizer/l2_regularizer,0.04246934254964193
InceptionV3/Mixed_6b/Branch_2/Conv2d_0d_7x1/BatchNorm/beta,0.040034353733062744
InceptionV3/Mixed_6b/Branch_2/Conv2d_0d_7x1/BatchNorm/moving_mean,0.05344635248184204
InceptionV3/Mixed_6b/Branch_2/Conv2d_0d_7x1/BatchNorm/moving_variance,0.04293227195739746
InceptionV3/Mixed_6b/Branch_2/Conv2d_0e_1x7/weights/Initializer/truncated_normal,0.0465160608291626
InceptionV3/Mixed_6b/Branch_2/Conv2d_0e_1x7/weights,0.05338846312628852
InceptionV3/InceptionV3/Mixed_6b/Branch_2/Conv2d_0e_1x7/kernel/Regularizer/l2_regularizer,0.0469819704691569
InceptionV3/Mixed_6b/Branch_2/Conv2d_0e_1x7/BatchNorm/beta,0.04695451259613037
InceptionV3/Mixed_6b/Branch_2/Conv2d_0e_1x7/BatchNorm/moving_mean,0.044807612895965576
InceptionV3/Mixed_6b/Branch_2/Conv2d_0e_1x7/BatchNorm/moving_variance,0.03604704141616821
InceptionV3/Mixed_6b/Branch_3/Conv2d_0b_1x1/weights/Initializer/truncated_normal,0.058066328366597496
InceptionV3/Mixed_6b/Branch_3/Conv2d_0b_1x1/weights,0.05606958601209852
InceptionV3/InceptionV3/Mixed_6b/Branch_3/Conv2d_0b_1x1/kernel/Regularizer/l2_regularizer,0.05205663045247396
InceptionV3/Mixed_6b/Branch_3/Conv2d_0b_1x1/BatchNorm/beta,0.04747140407562256
InceptionV3/Mixed_6b/Branch_3/Conv2d_0b_1x1/BatchNorm/moving_mean,0.04296541213989258
InceptionV3/Mixed_6b/Branch_3/Conv2d_0b_1x1/BatchNorm/moving_variance,0.055655598640441895
InceptionV3/InceptionV3/Mixed_6b/concat,0.617664098739624
InceptionV3/Mixed_6c/Branch_0/Conv2d_0a_1x1/weights/Initializer/truncated_normal,0.043396313985188804
InceptionV3/Mixed_6c/Branch_0/Conv2d_0a_1x1/weights,0.04281796349419488
InceptionV3/InceptionV3/Mixed_6c/Branch_0/Conv2d_0a_1x1/kernel/Regularizer/l2_regularizer,0.04600334167480469
InceptionV3/Mixed_6c/Branch_0/Conv2d_0a_1x1/BatchNorm/beta,0.048218727111816406
InceptionV3/Mixed_6c/Branch_0/Conv2d_0a_1x1/BatchNorm/moving_mean,0.04205060005187988
InceptionV3/Mixed_6c/Branch_0/Conv2d_0a_1x1/BatchNorm/moving_variance,0.04622107744216919
InceptionV3/Mixed_6c/Branch_1/Conv2d_0a_1x1/weights/Initializer/truncated_normal,0.04643539587656657
InceptionV3/Mixed_6c/Branch_1/Conv2d_0a_1x1/weights,0.044553650750054255
InceptionV3/InceptionV3/Mixed_6c/Branch_1/Conv2d_0a_1x1/kernel/Regularizer/l2_regularizer,0.03862134615580241
InceptionV3/Mixed_6c/Branch_1/Conv2d_0a_1x1/BatchNorm/beta,0.054029226303100586
InceptionV3/Mixed_6c/Branch_1/Conv2d_0a_1x1/BatchNorm/moving_mean,0.04458892345428467
InceptionV3/Mixed_6c/Branch_1/Conv2d_0a_1x1/BatchNorm/moving_variance,0.038409531116485596
InceptionV3/Mixed_6c/Branch_1/Conv2d_0b_1x7/weights/Initializer/truncated_normal,0.04627315203348795
InceptionV3/Mixed_6c/Branch_1/Conv2d_0b_1x7/weights,0.05023958947923449
InceptionV3/InceptionV3/Mixed_6c/Branch_1/Conv2d_0b_1x7/kernel/Regularizer/l2_regularizer,0.05662767092386881
InceptionV3/Mixed_6c/Branch_1/Conv2d_0b_1x7/BatchNorm/beta,0.03985476493835449
InceptionV3/Mixed_6c/Branch_1/Conv2d_0b_1x7/BatchNorm/moving_mean,0.05177587270736694
InceptionV3/Mixed_6c/Branch_1/Conv2d_0b_1x7/BatchNorm/moving_variance,0.05013328790664673
InceptionV3/Mixed_6c/Branch_1/Conv2d_0c_7x1/weights/Initializer/truncated_normal,0.08112728595733643
InceptionV3/Mixed_6c/Branch_1/Conv2d_0c_7x1/weights,0.07144424650404188
InceptionV3/InceptionV3/Mixed_6c/Branch_1/Conv2d_0c_7x1/kernel/Regularizer/l2_regularizer,0.04447317123413086
InceptionV3/Mixed_6c/Branch_1/Conv2d_0c_7x1/BatchNorm/beta,0.05399632453918457
InceptionV3/Mixed_6c/Branch_1/Conv2d_0c_7x1/BatchNorm/moving_mean,0.04458737373352051
InceptionV3/Mixed_6c/Branch_1/Conv2d_0c_7x1/BatchNorm/moving_variance,0.03700906038284302
InceptionV3/Mixed_6c/Branch_2/Conv2d_0a_1x1/weights/Initializer/truncated_normal,0.05120988686879476
InceptionV3/Mixed_6c/Branch_2/Conv2d_0a_1x1/weights,0.05222113927205404
InceptionV3/InceptionV3/Mixed_6c/Branch_2/Conv2d_0a_1x1/kernel/Regularizer/l2_regularizer,0.049034674962361656
InceptionV3/Mixed_6c/Branch_2/Conv2d_0a_1x1/BatchNorm/beta,0.042567551136016846
InceptionV3/Mixed_6c/Branch_2/Conv2d_0a_1x1/BatchNorm/moving_mean,0.048497140407562256
InceptionV3/Mixed_6c/Branch_2/Conv2d_0a_1x1/BatchNorm/moving_variance,0.04459649324417114
InceptionV3/Mixed_6c/Branch_2/Conv2d_0b_7x1/weights/Initializer/truncated_normal,0.04534900188446045
InceptionV3/Mixed_6c/Branch_2/Conv2d_0b_7x1/weights,0.04696069823371039
InceptionV3/InceptionV3/Mixed_6c/Branch_2/Conv2d_0b_7x1/kernel/Regularizer/l2_regularizer,0.03558595975240072
InceptionV3/Mixed_6c/Branch_2/Conv2d_0b_7x1/BatchNorm/beta,0.03840559720993042
InceptionV3/Mixed_6c/Branch_2/Conv2d_0b_7x1/BatchNorm/moving_mean,0.05175131559371948
InceptionV3/Mixed_6c/Branch_2/Conv2d_0b_7x1/BatchNorm/moving_variance,0.04003727436065674
InceptionV3/Mixed_6c/Branch_2/Conv2d_0c_1x7/weights/Initializer/truncated_normal,0.0429003636042277
InceptionV3/Mixed_6c/Branch_2/Conv2d_0c_1x7/weights,0.04393278227912055
InceptionV3/InceptionV3/Mixed_6c/Branch_2/Conv2d_0c_1x7/kernel/Regularizer/l2_regularizer,0.03645348548889161
InceptionV3/Mixed_6c/Branch_2/Conv2d_0c_1x7/BatchNorm/beta,0.04318702220916748
InceptionV3/Mixed_6c/Branch_2/Conv2d_0c_1x7/BatchNorm/moving_mean,0.03541165590286255
InceptionV3/Mixed_6c/Branch_2/Conv2d_0c_1x7/BatchNorm/moving_variance,0.034537553787231445
InceptionV3/Mixed_6c/Branch_2/Conv2d_0d_7x1/weights/Initializer/truncated_normal,0.0423126220703125
InceptionV3/Mixed_6c/Branch_2/Conv2d_0d_7x1/weights,0.04209600554572211
InceptionV3/InceptionV3/Mixed_6c/Branch_2/Conv2d_0d_7x1/kernel/Regularizer/l2_regularizer,0.041294097900390625
InceptionV3/Mixed_6c/Branch_2/Conv2d_0d_7x1/BatchNorm/beta,0.042962610721588135
InceptionV3/Mixed_6c/Branch_2/Conv2d_0d_7x1/BatchNorm/moving_mean,0.03612643480300903
InceptionV3/Mixed_6c/Branch_2/Conv2d_0d_7x1/BatchNorm/moving_variance,0.03840738534927368
InceptionV3/Mixed_6c/Branch_2/Conv2d_0e_1x7/weights/Initializer/truncated_normal,0.0475161075592041
InceptionV3/Mixed_6c/Branch_2/Conv2d_0e_1x7/weights,0.04599915610419379
InceptionV3/InceptionV3/Mixed_6c/Branch_2/Conv2d_0e_1x7/kernel/Regularizer/l2_regularizer,0.04166245460510254
InceptionV3/Mixed_6c/Branch_2/Conv2d_0e_1x7/BatchNorm/beta,0.04395526647567749
InceptionV3/Mixed_6c/Branch_2/Conv2d_0e_1x7/BatchNorm/moving_mean,0.046219825744628906
InceptionV3/Mixed_6c/Branch_2/Conv2d_0e_1x7/BatchNorm/moving_variance,0.04797559976577759
InceptionV3/Mixed_6c/Branch_3/Conv2d_0b_1x1/weights/Initializer/truncated_normal,0.04181234041849772
InceptionV3/Mixed_6c/Branch_3/Conv2d_0b_1x1/weights,0.0382897588941786
InceptionV3/InceptionV3/Mixed_6c/Branch_3/Conv2d_0b_1x1/kernel/Regularizer/l2_regularizer,0.02716676394144694
InceptionV3/Mixed_6c/Branch_3/Conv2d_0b_1x1/BatchNorm/beta,0.03543722629547119
InceptionV3/Mixed_6c/Branch_3/Conv2d_0b_1x1/BatchNorm/moving_mean,0.04734069108963013
InceptionV3/Mixed_6c/Branch_3/Conv2d_0b_1x1/BatchNorm/moving_variance,0.038782596588134766
InceptionV3/InceptionV3/Mixed_6c/concat,0.5665085315704345
InceptionV3/Mixed_6d/Branch_0/Conv2d_0a_1x1/weights/Initializer/truncated_normal,0.04231194655100504
InceptionV3/Mixed_6d/Branch_0/Conv2d_0a_1x1/weights,0.040685812632242836
InceptionV3/InceptionV3/Mixed_6d/Branch_0/Conv2d_0a_1x1/kernel/Regularizer/l2_regularizer,0.033420960108439125
InceptionV3/Mixed_6d/Branch_0/Conv2d_0a_1x1/BatchNorm/beta,0.02832210063934326
InceptionV3/Mixed_6d/Branch_0/Conv2d_0a_1x1/BatchNorm/moving_mean,0.0367809534072876
InceptionV3/Mixed_6d/Branch_0/Conv2d_0a_1x1/BatchNorm/moving_variance,0.04393965005874634
InceptionV3/Mixed_6d/Branch_1/Conv2d_0a_1x1/weights/Initializer/truncated_normal,0.03710524241129557
InceptionV3/Mixed_6d/Branch_1/Conv2d_0a_1x1/weights,0.04281912909613715
InceptionV3/InceptionV3/Mixed_6d/Branch_1/Conv2d_0a_1x1/kernel/Regularizer/l2_regularizer,0.04600914319356283
InceptionV3/Mixed_6d/Branch_1/Conv2d_0a_1x1/BatchNorm/beta,0.03677910566329956
InceptionV3/Mixed_6d/Branch_1/Conv2d_0a_1x1/BatchNorm/moving_mean,0.03613239526748657
InceptionV3/Mixed_6d/Branch_1/Conv2d_0a_1x1/BatchNorm/moving_variance,0.037366628646850586
InceptionV3/Mixed_6d/Branch_1/Conv2d_0b_1x7/weights/Initializer/truncated_normal,0.03397758801778158
InceptionV3/Mixed_6d/Branch_1/Conv2d_0b_1x7/weights,0.032962057325575084
InceptionV3/InceptionV3/Mixed_6d/Branch_1/Conv2d_0b_1x7/kernel/Regularizer/l2_regularizer,0.03294579188028971
InceptionV3/Mixed_6d/Branch_1/Conv2d_0b_1x7/BatchNorm/beta,0.03804779052734375
InceptionV3/Mixed_6d/Branch_1/Conv2d_0b_1x7/BatchNorm/moving_mean,0.042210161685943604
InceptionV3/Mixed_6d/Branch_1/Conv2d_0b_1x7/BatchNorm/moving_variance,0.04483109712600708
InceptionV3/Mixed_6d/Branch_1/Conv2d_0c_7x1/weights/Initializer/truncated_normal,0.04874225457509359
InceptionV3/Mixed_6d/Branch_1/Conv2d_0c_7x1/weights,0.044357882605658636
InceptionV3/InceptionV3/Mixed_6d/Branch_1/Conv2d_0c_7x1/kernel/Regularizer/l2_regularizer,0.03645197550455729
InceptionV3/Mixed_6d/Branch_1/Conv2d_0c_7x1/BatchNorm/beta,0.03656047582626343
InceptionV3/Mixed_6d/Branch_1/Conv2d_0c_7x1/BatchNorm/moving_mean,0.03328847885131836
InceptionV3/Mixed_6d/Branch_1/Conv2d_0c_7x1/BatchNorm/moving_variance,0.03338050842285156
InceptionV3/Mixed_6d/Branch_2/Conv2d_0a_1x1/weights/Initializer/truncated_normal,0.03505591551462809
InceptionV3/Mixed_6d/Branch_2/Conv2d_0a_1x1/weights,0.0369676219092475
InceptionV3/InceptionV3/Mixed_6d/Branch_2/Conv2d_0a_1x1/kernel/Regularizer/l2_regularizer,0.03691713015238444
InceptionV3/Mixed_6d/Branch_2/Conv2d_0a_1x1/BatchNorm/beta,0.0349544882774353
InceptionV3/Mixed_6d/Branch_2/Conv2d_0a_1x1/BatchNorm/moving_mean,0.03515082597732544
InceptionV3/Mixed_6d/Branch_2/Conv2d_0a_1x1/BatchNorm/moving_variance,0.03677499294281006
InceptionV3/Mixed_6d/Branch_2/Conv2d_0b_7x1/weights/Initializer/truncated_normal,0.04248460133870443
InceptionV3/Mixed_6d/Branch_2/Conv2d_0b_7x1/weights,0.043946531083848744
InceptionV3/InceptionV3/Mixed_6d/Branch_2/Conv2d_0b_7x1/kernel/Regularizer/l2_regularizer,0.04383103052775065
InceptionV3/Mixed_6d/Branch_2/Conv2d_0b_7x1/BatchNorm/beta,0.03450649976730347
InceptionV3/Mixed_6d/Branch_2/Conv2d_0b_7x1/BatchNorm/moving_mean,0.040685176849365234
InceptionV3/Mixed_6d/Branch_2/Conv2d_0b_7x1/BatchNorm/moving_variance,0.042680323123931885
InceptionV3/Mixed_6d/Branch_2/Conv2d_0c_1x7/weights/Initializer/truncated_normal,0.04165955384572347
InceptionV3/Mixed_6d/Branch_2/Conv2d_0c_1x7/weights,0.03958646456400553
InceptionV3/InceptionV3/Mixed_6d/Branch_2/Conv2d_0c_1x7/kernel/Regularizer/l2_regularizer,0.03340935707092285
InceptionV3/Mixed_6d/Branch_2/Conv2d_0c_1x7/BatchNorm/beta,0.036010026931762695
InceptionV3/Mixed_6d/Branch_2/Conv2d_0c_1x7/BatchNorm/moving_mean,0.028969526290893555
InceptionV3/Mixed_6d/Branch_2/Conv2d_0c_1x7/BatchNorm/moving_variance,0.044100165367126465
InceptionV3/Mixed_6d/Branch_2/Conv2d_0d_7x1/weights/Initializer/truncated_normal,0.03645416100819906
InceptionV3/Mixed_6d/Branch_2/Conv2d_0d_7x1/weights,0.03819055027431912
InceptionV3/InceptionV3/Mixed_6d/Branch_2/Conv2d_0d_7x1/kernel/Regularizer/l2_regularizer,0.036464850107828774
InceptionV3/Mixed_6d/Branch_2/Conv2d_0d_7x1/BatchNorm/beta,0.03515446186065674
InceptionV3/Mixed_6d/Branch_2/Conv2d_0d_7x1/BatchNorm/moving_mean,0.03982645273208618
InceptionV3/Mixed_6d/Branch_2/Conv2d_0d_7x1/BatchNorm/moving_variance,0.03124380111694336
InceptionV3/Mixed_6d/Branch_2/Conv2d_0e_1x7/weights/Initializer/truncated_normal,0.03702930609385172
InceptionV3/Mixed_6d/Branch_2/Conv2d_0e_1x7/weights,0.04103350639343262
InceptionV3/InceptionV3/Mixed_6d/Branch_2/Conv2d_0e_1x7/kernel/Regularizer/l2_regularizer,0.037004311879475914
InceptionV3/Mixed_6d/Branch_2/Conv2d_0e_1x7/BatchNorm/beta,0.0429614782333374
InceptionV3/Mixed_6d/Branch_2/Conv2d_0e_1x7/BatchNorm/moving_mean,0.032875657081604004
InceptionV3/Mixed_6d/Branch_2/Conv2d_0e_1x7/BatchNorm/moving_variance,0.041348397731781006
InceptionV3/Mixed_6d/Branch_3/Conv2d_0b_1x1/weights/Initializer/truncated_normal,0.03449960549672445
InceptionV3/Mixed_6d/Branch_3/Conv2d_0b_1x1/weights,0.03413724899291992
InceptionV3/InceptionV3/Mixed_6d/Branch_3/Conv2d_0b_1x1/kernel/Regularizer/l2_regularizer,0.038627068201700844
InceptionV3/Mixed_6d/Branch_3/Conv2d_0b_1x1/BatchNorm/beta,0.03287851810455322
InceptionV3/Mixed_6d/Branch_3/Conv2d_0b_1x1/BatchNorm/moving_mean,0.036776185035705566
InceptionV3/Mixed_6d/Branch_3/Conv2d_0b_1x1/BatchNorm/moving_variance,0.03747057914733887
InceptionV3/InceptionV3/Mixed_6d/concat,0.6516830921173096
InceptionV3/Mixed_6e/Branch_0/Conv2d_0a_1x1/weights/Initializer/truncated_normal,0.03570040067036947
InceptionV3/Mixed_6e/Branch_0/Conv2d_0a_1x1/weights,0.04092539681328668
InceptionV3/InceptionV3/Mixed_6e/Branch_0/Conv2d_0a_1x1/kernel/Regularizer/l2_regularizer,0.035588741302490234
InceptionV3/Mixed_6e/Branch_0/Conv2d_0a_1x1/BatchNorm/beta,0.036788344383239746
InceptionV3/Mixed_6e/Branch_0/Conv2d_0a_1x1/BatchNorm/moving_mean,0.03438085317611694
InceptionV3/Mixed_6e/Branch_0/Conv2d_0a_1x1/BatchNorm/moving_variance,0.03288459777832031
InceptionV3/Mixed_6e/Branch_1/Conv2d_0a_1x1/weights/Initializer/truncated_normal,0.035591443379720054
InceptionV3/Mixed_6e/Branch_1/Conv2d_0a_1x1/weights,0.03486850526597765
InceptionV3/InceptionV3/Mixed_6e/Branch_1/Conv2d_0a_1x1/kernel/Regularizer/l2_regularizer,0.04166285196940104
InceptionV3/Mixed_6e/Branch_1/Conv2d_0a_1x1/BatchNorm/beta,0.031247735023498535
InceptionV3/Mixed_6e/Branch_1/Conv2d_0a_1x1/BatchNorm/moving_mean,0.035147249698638916
InceptionV3/Mixed_6e/Branch_1/Conv2d_0a_1x1/BatchNorm/moving_variance,0.04393923282623291
InceptionV3/Mixed_6e/Branch_1/Conv2d_0b_1x7/weights/Initializer/truncated_normal,0.04554323355356852
InceptionV3/Mixed_6e/Branch_1/Conv2d_0b_1x7/weights,0.04510651694403754
InceptionV3/InceptionV3/Mixed_6e/Branch_1/Conv2d_0b_1x7/kernel/Regularizer/l2_regularizer,0.04079707463582357
InceptionV3/Mixed_6e/Branch_1/Conv2d_0b_1x7/BatchNorm/beta,0.04140782356262207
InceptionV3/Mixed_6e/Branch_1/Conv2d_0b_1x7/BatchNorm/moving_mean,0.038408756256103516
InceptionV3/Mixed_6e/Branch_1/Conv2d_0b_1x7/BatchNorm/moving_variance,0.03678089380264282
InceptionV3/Mixed_6e/Branch_1/Conv2d_0c_7x1/weights/Initializer/truncated_normal,0.04239960511525472
InceptionV3/Mixed_6e/Branch_1/Conv2d_0c_7x1/weights,0.041140582826402455
InceptionV3/InceptionV3/Mixed_6e/Branch_1/Conv2d_0c_7x1/kernel/Regularizer/l2_regularizer,0.028203964233398438
InceptionV3/Mixed_6e/Branch_1/Conv2d_0c_7x1/BatchNorm/beta,0.04178738594055176
InceptionV3/Mixed_6e/Branch_1/Conv2d_0c_7x1/BatchNorm/moving_mean,0.04405808448791504
InceptionV3/Mixed_6e/Branch_1/Conv2d_0c_7x1/BatchNorm/moving_variance,0.04520219564437866
InceptionV3/Mixed_6e/Branch_2/Conv2d_0a_1x1/weights/Initializer/truncated_normal,0.0345085064570109
InceptionV3/Mixed_6e/Branch_2/Conv2d_0a_1x1/weights,0.03342090712653266
InceptionV3/InceptionV3/Mixed_6e/Branch_2/Conv2d_0a_1x1/kernel/Regularizer/l2_regularizer,0.033426364262898765
InceptionV3/Mixed_6e/Branch_2/Conv2d_0a_1x1/BatchNorm/beta,0.025059640407562256
InceptionV3/Mixed_6e/Branch_2/Conv2d_0a_1x1/BatchNorm/moving_mean,0.03449833393096924
InceptionV3/Mixed_6e/Branch_2/Conv2d_0a_1x1/BatchNorm/moving_variance,0.032868146896362305
InceptionV3/Mixed_6e/Branch_2/Conv2d_0b_7x1/weights/Initializer/truncated_normal,0.03402761618296305
InceptionV3/Mixed_6e/Branch_2/Conv2d_0b_7x1/weights,0.03902954525417752
InceptionV3/InceptionV3/Mixed_6e/Branch_2/Conv2d_0b_7x1/kernel/Regularizer/l2_regularizer,0.03124539057413737
InceptionV3/Mixed_6e/Branch_2/Conv2d_0b_7x1/BatchNorm/beta,0.026687979698181152
InceptionV3/Mixed_6e/Branch_2/Conv2d_0b_7x1/BatchNorm/moving_mean,0.02505725622177124
InceptionV3/Mixed_6e/Branch_2/Conv2d_0b_7x1/BatchNorm/moving_variance,0.022784173488616943
InceptionV3/Mixed_6e/Branch_2/Conv2d_0c_1x7/weights/Initializer/truncated_normal,0.03450791041056315
InceptionV3/Mixed_6e/Branch_2/Conv2d_0c_1x7/weights,0.033418628904554576
InceptionV3/InceptionV3/Mixed_6e/Branch_2/Conv2d_0c_1x7/kernel/Regularizer/l2_regularizer,0.02820698420206706
InceptionV3/Mixed_6e/Branch_2/Conv2d_0c_1x7/BatchNorm/beta,0.026691019535064697
InceptionV3/Mixed_6e/Branch_2/Conv2d_0c_1x7/BatchNorm/moving_mean,0.03287863731384277
InceptionV3/Mixed_6e/Branch_2/Conv2d_0c_1x7/BatchNorm/moving_variance,0.022791028022766113
InceptionV3/Mixed_6e/Branch_2/Conv2d_0d_7x1/weights/Initializer/truncated_normal,0.038132111231486
InceptionV3/Mixed_6e/Branch_2/Conv2d_0d_7x1/weights,0.033088366190592446
InceptionV3/InceptionV3/Mixed_6e/Branch_2/Conv2d_0d_7x1/kernel/Regularizer/l2_regularizer,0.03719003995259603
InceptionV3/Mixed_6e/Branch_2/Conv2d_0d_7x1/BatchNorm/beta,0.028969764709472656
InceptionV3/Mixed_6e/Branch_2/Conv2d_0d_7x1/BatchNorm/moving_mean,0.025065243244171143
InceptionV3/Mixed_6e/Branch_2/Conv2d_0d_7x1/BatchNorm/moving_variance,0.030605077743530273
InceptionV3/Mixed_6e/Branch_2/Conv2d_0e_1x7/weights/Initializer/truncated_normal,0.03649246692657471
InceptionV3/Mixed_6e/Branch_2/Conv2d_0e_1x7/weights,0.037201642990112305
InceptionV3/InceptionV3/Mixed_6e/Branch_2/Conv2d_0e_1x7/kernel/Regularizer/l2_regularizer,0.028206745783487957
InceptionV3/Mixed_6e/Branch_2/Conv2d_0e_1x7/BatchNorm/beta,0.03449815511703491
InceptionV3/Mixed_6e/Branch_2/Conv2d_0e_1x7/BatchNorm/moving_mean,0.03059983253479004
InceptionV3/Mixed_6e/Branch_2/Conv2d_0e_1x7/BatchNorm/moving_variance,0.027852237224578857
InceptionV3/Mixed_6e/Branch_3/Conv2d_0b_1x1/weights/Initializer/truncated_normal,0.030814369519551594
InceptionV3/Mixed_6e/Branch_3/Conv2d_0b_1x1/weights,0.03269465764363607
InceptionV3/InceptionV3/Mixed_6e/Branch_3/Conv2d_0b_1x1/kernel/Regularizer/l2_regularizer,0.03341976801554362
InceptionV3/Mixed_6e/Branch_3/Conv2d_0b_1x1/BatchNorm/beta,0.03286945819854736
InceptionV3/Mixed_6e/Branch_3/Conv2d_0b_1x1/BatchNorm/moving_mean,0.03060370683670044
InceptionV3/Mixed_6e/Branch_3/Conv2d_0b_1x1/BatchNorm/moving_variance,0.032879769802093506
InceptionV3/InceptionV3/Mixed_6e/concat,0.6120909452438354
InceptionV3/Mixed_7a/Branch_0/Conv2d_0a_1x1/weights/Initializer/truncated_normal,0.02973504861195882
InceptionV3/Mixed_7a/Branch_0/Conv2d_0a_1x1/weights,0.031688160366482206
InceptionV3/InceptionV3/Mixed_7a/Branch_0/Conv2d_0a_1x1/kernel/Regularizer/l2_regularizer,0.028206189473470058
InceptionV3/Mixed_7a/Branch_0/Conv2d_0a_1x1/BatchNorm/beta,0.03905332088470459
InceptionV3/Mixed_7a/Branch_0/Conv2d_0a_1x1/BatchNorm/moving_mean,0.02896738052368164
InceptionV3/Mixed_7a/Branch_0/Conv2d_0a_1x1/BatchNorm/moving_variance,0.040682971477508545
InceptionV3/Mixed_7a/Branch_0/Conv2d_1a_3x3/weights/Initializer/truncated_normal,0.03921107451121012
InceptionV3/Mixed_7a/Branch_0/Conv2d_1a_3x3/weights,0.03901582294040256
InceptionV3/InceptionV3/Mixed_7a/Branch_0/Conv2d_1a_3x3/kernel/Regularizer/l2_regularizer,0.036453803380330406
InceptionV3/Mixed_7a/Branch_0/Conv2d_1a_3x3/BatchNorm/beta,0.03287363052368164
InceptionV3/Mixed_7a/Branch_0/Conv2d_1a_3x3/BatchNorm/moving_mean,0.028966426849365234
InceptionV3/Mixed_7a/Branch_0/Conv2d_1a_3x3/BatchNorm/moving_variance,0.028967559337615967
InceptionV3/Mixed_7a/Branch_1/Conv2d_0a_1x1/weights/Initializer/truncated_normal,0.03292640050252279
InceptionV3/Mixed_7a/Branch_1/Conv2d_0a_1x1/weights,0.03482776217990451
InceptionV3/InceptionV3/Mixed_7a/Branch_1/Conv2d_0a_1x1/kernel/Regularizer/l2_regularizer,0.028205712636311848
InceptionV3/Mixed_7a/Branch_1/Conv2d_0a_1x1/BatchNorm/beta,0.03286886215209961
InceptionV3/Mixed_7a/Branch_1/Conv2d_0a_1x1/BatchNorm/moving_mean,0.03450584411621094
InceptionV3/Mixed_7a/Branch_1/Conv2d_0a_1x1/BatchNorm/moving_variance,0.02896946668624878
InceptionV3/Mixed_7a/Branch_1/Conv2d_0b_1x7/weights/Initializer/truncated_normal,0.03232892354329427
InceptionV3/Mixed_7a/Branch_1/Conv2d_0b_1x7/weights,0.03269129329257541
InceptionV3/InceptionV3/Mixed_7a/Branch_1/Conv2d_0b_1x7/kernel/Regularizer/l2_regularizer,0.03038676579793294
InceptionV3/Mixed_7a/Branch_1/Conv2d_0b_1x7/BatchNorm/beta,0.030588626861572266
InceptionV3/Mixed_7a/Branch_1/Conv2d_0b_1x7/BatchNorm/moving_mean,0.028966665267944336
InceptionV3/Mixed_7a/Branch_1/Conv2d_0b_1x7/BatchNorm/moving_variance,0.03287839889526367
InceptionV3/Mixed_7a/Branch_1/Conv2d_0c_7x1/weights/Initializer/truncated_normal,0.0366211732228597
InceptionV3/Mixed_7a/Branch_1/Conv2d_0c_7x1/weights,0.03483009338378906
InceptionV3/InceptionV3/Mixed_7a/Branch_1/Conv2d_0c_7x1/kernel/Regularizer/l2_regularizer,0.028212547302246094
InceptionV3/Mixed_7a/Branch_1/Conv2d_0c_7x1/BatchNorm/beta,0.038406193256378174
InceptionV3/Mixed_7a/Branch_1/Conv2d_0c_7x1/BatchNorm/moving_mean,0.024414896965026855
InceptionV3/Mixed_7a/Branch_1/Conv2d_0c_7x1/BatchNorm/moving_variance,0.03450196981430054
InceptionV3/Mixed_7a/Branch_1/Conv2d_1a_3x3/weights/Initializer/truncated_normal,0.036017775535583496
InceptionV3/Mixed_7a/Branch_1/Conv2d_1a_3x3/weights,0.035150766372680664
InceptionV3/InceptionV3/Mixed_7a/Branch_1/Conv2d_1a_3x3/kernel/Regularizer/l2_regularizer,0.03640826543172201
InceptionV3/Mixed_7a/Branch_1/Conv2d_1a_3x3/BatchNorm/beta,0.03286808729171753
InceptionV3/Mixed_7a/Branch_1/Conv2d_1a_3x3/BatchNorm/moving_mean,0.028973400592803955
InceptionV3/Mixed_7a/Branch_1/Conv2d_1a_3x3/BatchNorm/moving_variance,0.03450196981430054
InceptionV3/InceptionV3/Mixed_7a/concat,0.6611487865447998
InceptionV3/Mixed_7b/Branch_0/Conv2d_0a_1x1/weights/Initializer/truncated_normal,0.04549423853556315
InceptionV3/Mixed_7b/Branch_0/Conv2d_0a_1x1/weights,0.043205976486206055
InceptionV3/InceptionV3/Mixed_7b/Branch_0/Conv2d_0a_1x1/kernel/Regularizer/l2_regularizer,0.02822081247965495
InceptionV3/Mixed_7b/Branch_0/Conv2d_0a_1x1/BatchNorm/beta,0.031245708465576172
InceptionV3/Mixed_7b/Branch_0/Conv2d_0a_1x1/BatchNorm/moving_mean,0.028963923454284668
InceptionV3/Mixed_7b/Branch_0/Conv2d_0a_1x1/BatchNorm/moving_variance,0.03288012742996216
InceptionV3/Mixed_7b/Branch_1/Conv2d_0a_1x1/weights/Initializer/truncated_normal,0.03753852844238281
InceptionV3/Mixed_7b/Branch_1/Conv2d_0a_1x1/weights,0.03790473937988281
InceptionV3/InceptionV3/Mixed_7b/Branch_1/Conv2d_0a_1x1/kernel/Regularizer/l2_regularizer,0.035583178202311196
InceptionV3/Mixed_7b/Branch_1/Conv2d_0a_1x1/BatchNorm/beta,0.03450298309326172
InceptionV3/Mixed_7b/Branch_1/Conv2d_0a_1x1/BatchNorm/moving_mean,0.0384138822555542
InceptionV3/Mixed_7b/Branch_1/Conv2d_0a_1x1/BatchNorm/moving_variance,0.03059399127960205
InceptionV3/Mixed_7b/Branch_1/Conv2d_0b_1x3/weights/Initializer/truncated_normal,0.03399749596913656
InceptionV3/Mixed_7b/Branch_1/Conv2d_0b_1x3/weights,0.03278753492567274
InceptionV3/InceptionV3/Mixed_7b/Branch_1/Conv2d_0b_1x3/kernel/Regularizer/l2_regularizer,0.02603912353515625
InceptionV3/Mixed_7b/Branch_1/Conv2d_0b_1x3/BatchNorm/beta,0.031246960163116455
InceptionV3/Mixed_7b/Branch_1/Conv2d_0b_1x3/BatchNorm/moving_mean,0.03678315877914429
InceptionV3/Mixed_7b/Branch_1/Conv2d_0b_1x3/BatchNorm/moving_variance,0.03287684917449951
InceptionV3/Mixed_7b/Branch_1/Conv2d_0b_3x1/weights/Initializer/truncated_normal,0.04079333941141764
InceptionV3/Mixed_7b/Branch_1/Conv2d_0b_3x1/weights,0.04006844096713596
InceptionV3/InceptionV3/Mixed_7b/Branch_1/Conv2d_0b_3x1/kernel/Regularizer/l2_regularizer,0.022997617721557617
InceptionV3/Mixed_7b/Branch_1/Conv2d_0b_3x1/BatchNorm/beta,0.03385329246520996
InceptionV3/Mixed_7b/Branch_1/Conv2d_0b_3x1/BatchNorm/moving_mean,0.03059905767440796
InceptionV3/Mixed_7b/Branch_1/Conv2d_0b_3x1/BatchNorm/moving_variance,0.04458564519882202
InceptionV3/InceptionV3/Mixed_7b/Branch_1/concat,0.8136075735092163
InceptionV3/Mixed_7b/Branch_2/Conv2d_0a_1x1/weights/Initializer/truncated_normal,0.053198536237080894
InceptionV3/Mixed_7b/Branch_2/Conv2d_0a_1x1/weights,0.049064291848076716
InceptionV3/InceptionV3/Mixed_7b/Branch_2/Conv2d_0a_1x1/kernel/Regularizer/l2_regularizer,0.026039759318033855
InceptionV3/Mixed_7b/Branch_2/Conv2d_0a_1x1/BatchNorm/beta,0.026692211627960205
InceptionV3/Mixed_7b/Branch_2/Conv2d_0a_1x1/BatchNorm/moving_mean,0.028967618942260742
InceptionV3/Mixed_7b/Branch_2/Conv2d_0a_1x1/BatchNorm/moving_variance,0.028964579105377197
InceptionV3/Mixed_7b/Branch_2/Conv2d_0b_3x3/weights/Initializer/truncated_normal,0.04585150877634684
InceptionV3/Mixed_7b/Branch_2/Conv2d_0b_3x3/weights,0.0450746218363444
InceptionV3/InceptionV3/Mixed_7b/Branch_2/Conv2d_0b_3x3/kernel/Regularizer/l2_regularizer,0.036191860834757485
InceptionV3/Mixed_7b/Branch_2/Conv2d_0b_3x3/BatchNorm/beta,0.026690244674682617
InceptionV3/Mixed_7b/Branch_2/Conv2d_0b_3x3/BatchNorm/moving_mean,0.032877326011657715
InceptionV3/Mixed_7b/Branch_2/Conv2d_0b_3x3/BatchNorm/moving_variance,0.028967559337615967
InceptionV3/Mixed_7b/Branch_2/Conv2d_0c_1x3/weights/Initializer/truncated_normal,0.03449829419453939
InceptionV3/Mixed_7b/Branch_2/Conv2d_0c_1x3/weights,0.03587481710645887
InceptionV3/InceptionV3/Mixed_7b/Branch_2/Conv2d_0c_1x3/kernel/Regularizer/l2_regularizer,0.02821071942647298
InceptionV3/Mixed_7b/Branch_2/Conv2d_0c_1x3/BatchNorm/beta,0.02505362033843994
InceptionV3/Mixed_7b/Branch_2/Conv2d_0c_1x3/BatchNorm/moving_mean,0.028968334197998047
InceptionV3/Mixed_7b/Branch_2/Conv2d_0c_1x3/BatchNorm/moving_variance,0.029839634895324707
InceptionV3/Mixed_7b/Branch_2/Conv2d_0d_3x1/weights/Initializer/truncated_normal,0.03232936064402262
InceptionV3/Mixed_7b/Branch_2/Conv2d_0d_3x1/weights,0.034424914254082575
InceptionV3/InceptionV3/Mixed_7b/Branch_2/Conv2d_0d_3x1/kernel/Regularizer/l2_regularizer,0.028206904729207356
InceptionV3/Mixed_7b/Branch_2/Conv2d_0d_3x1/BatchNorm/beta,0.028964519500732422
InceptionV3/Mixed_7b/Branch_2/Conv2d_0d_3x1/BatchNorm/moving_mean,0.028968870639801025
InceptionV3/Mixed_7b/Branch_2/Conv2d_0d_3x1/BatchNorm/moving_variance,0.028970420360565186
InceptionV3/InceptionV3/Mixed_7b/Branch_2/concat,0.6672149896621704
InceptionV3/Mixed_7b/Branch_3/Conv2d_0b_1x1/weights/Initializer/truncated_normal,0.038269241650899254
InceptionV3/Mixed_7b/Branch_3/Conv2d_0b_1x1/weights,0.03390275107489692
InceptionV3/InceptionV3/Mixed_7b/Branch_3/Conv2d_0b_1x1/kernel/Regularizer/l2_regularizer,0.02821803092956543
InceptionV3/Mixed_7b/Branch_3/Conv2d_0b_1x1/BatchNorm/beta,0.031245172023773193
InceptionV3/Mixed_7b/Branch_3/Conv2d_0b_1x1/BatchNorm/moving_mean,0.031247496604919434
InceptionV3/Mixed_7b/Branch_3/Conv2d_0b_1x1/BatchNorm/moving_variance,0.030595004558563232
InceptionV3/InceptionV3/Mixed_7b/concat,0.6889586448669434
InceptionV3/Mixed_7c/Branch_0/Conv2d_0a_1x1/weights/Initializer/truncated_normal,0.04013915856679281
InceptionV3/Mixed_7c/Branch_0/Conv2d_0a_1x1/weights,0.043833017349243164
InceptionV3/InceptionV3/Mixed_7c/Branch_0/Conv2d_0a_1x1/kernel/Regularizer/l2_regularizer,0.033419291178385414
InceptionV3/Mixed_7c/Branch_0/Conv2d_0a_1x1/BatchNorm/beta,0.03449767827987671
InceptionV3/Mixed_7c/Branch_0/Conv2d_0a_1x1/BatchNorm/moving_mean,0.028964221477508545
InceptionV3/Mixed_7c/Branch_0/Conv2d_0a_1x1/BatchNorm/moving_variance,0.03287529945373535
InceptionV3/Mixed_7c/Branch_1/Conv2d_0a_1x1/weights/Initializer/truncated_normal,0.04231405258178711
InceptionV3/Mixed_7c/Branch_1/Conv2d_0a_1x1/weights,0.04108381271362305
InceptionV3/InceptionV3/Mixed_7c/Branch_1/Conv2d_0a_1x1/kernel/Regularizer/l2_regularizer,0.028208812077840168
InceptionV3/Mixed_7c/Branch_1/Conv2d_0a_1x1/BatchNorm/beta,0.028320133686065674
InceptionV3/Mixed_7c/Branch_1/Conv2d_0a_1x1/BatchNorm/moving_mean,0.02896648645401001
InceptionV3/Mixed_7c/Branch_1/Conv2d_0a_1x1/BatchNorm/moving_variance,0.03060203790664673
InceptionV3/Mixed_7c/Branch_1/Conv2d_0b_1x3/weights/Initializer/truncated_normal,0.03862909475962321
InceptionV3/Mixed_7c/Branch_1/Conv2d_0b_1x3/weights,0.037614557478162974
InceptionV3/InceptionV3/Mixed_7c/Branch_1/Conv2d_0b_1x3/kernel/Regularizer/l2_regularizer,0.03124372164408366
InceptionV3/Mixed_7c/Branch_1/Conv2d_0b_1x3/BatchNorm/beta,0.04936152696609497
InceptionV3/Mixed_7c/Branch_1/Conv2d_0b_1x3/BatchNorm/moving_mean,0.029441237449645996
InceptionV3/Mixed_7c/Branch_1/Conv2d_0b_1x3/BatchNorm/moving_variance,0.03515976667404175
InceptionV3/Mixed_7c/Branch_1/Conv2d_0c_3x1/weights/Initializer/truncated_normal,0.03786377112070719
InceptionV3/Mixed_7c/Branch_1/Conv2d_0c_3x1/weights,0.03811584578620063
InceptionV3/InceptionV3/Mixed_7c/Branch_1/Conv2d_0c_3x1/kernel/Regularizer/l2_regularizer,0.033414363861083984
InceptionV3/Mixed_7c/Branch_1/Conv2d_0c_3x1/BatchNorm/beta,0.032876551151275635
InceptionV3/Mixed_7c/Branch_1/Conv2d_0c_3x1/BatchNorm/moving_mean,0.03288280963897705
InceptionV3/Mixed_7c/Branch_1/Conv2d_0c_3x1/BatchNorm/moving_variance,0.028970420360565186
InceptionV3/InceptionV3/Mixed_7c/Branch_1/concat,0.6958003044128418
InceptionV3/Mixed_7c/Branch_2/Conv2d_0a_1x1/weights/Initializer/truncated_normal,0.04122769832611084
InceptionV3/Mixed_7c/Branch_2/Conv2d_0a_1x1/weights,0.03963629404703776
InceptionV3/InceptionV3/Mixed_7c/Branch_2/Conv2d_0a_1x1/kernel/Regularizer/l2_regularizer,0.041660706202189125
InceptionV3/Mixed_7c/Branch_2/Conv2d_0a_1x1/BatchNorm/beta,0.028968751430511475
InceptionV3/Mixed_7c/Branch_2/Conv2d_0a_1x1/BatchNorm/moving_mean,0.03598892688751221
InceptionV3/Mixed_7c/Branch_2/Conv2d_0a_1x1/BatchNorm/moving_variance,0.04230976104736328
InceptionV3/Mixed_7c/Branch_2/Conv2d_0b_3x3/weights/Initializer/truncated_normal,0.05901642640431722
InceptionV3/Mixed_7c/Branch_2/Conv2d_0b_3x3/weights,0.058149231804741755
InceptionV3/InceptionV3/Mixed_7c/Branch_2/Conv2d_0b_3x3/kernel/Regularizer/l2_regularizer,0.03862460454305013
InceptionV3/Mixed_7c/Branch_2/Conv2d_0b_3x3/BatchNorm/beta,0.043936967849731445
InceptionV3/Mixed_7c/Branch_2/Conv2d_0b_3x3/BatchNorm/moving_mean,0.036776959896087646
InceptionV3/Mixed_7c/Branch_2/Conv2d_0b_3x3/BatchNorm/moving_variance,0.03840434551239014
InceptionV3/Mixed_7c/Branch_2/Conv2d_0c_1x3/weights/Initializer/truncated_normal,0.03970261414845785
InceptionV3/Mixed_7c/Branch_2/Conv2d_0c_1x3/weights,0.041804764005872935
InceptionV3/InceptionV3/Mixed_7c/Branch_2/Conv2d_0c_1x3/kernel/Regularizer/l2_regularizer,0.0386208693186442
InceptionV3/Mixed_7c/Branch_2/Conv2d_0c_1x3/BatchNorm/beta,0.03449302911758423
InceptionV3/Mixed_7c/Branch_2/Conv2d_0c_1x3/BatchNorm/moving_mean,0.046090662479400635
InceptionV3/Mixed_7c/Branch_2/Conv2d_0c_1x3/BatchNorm/moving_variance,0.030595839023590088
InceptionV3/Mixed_7c/Branch_2/Conv2d_0d_3x1/weights/Initializer/truncated_normal,0.03534440199534098
InceptionV3/Mixed_7c/Branch_2/Conv2d_0d_3x1/weights,0.0347035461001926
InceptionV3/InceptionV3/Mixed_7c/Branch_2/Conv2d_0d_3x1/kernel/Regularizer/l2_regularizer,0.03341571489969889
InceptionV3/Mixed_7c/Branch_2/Conv2d_0d_3x1/BatchNorm/beta,0.030599474906921387
InceptionV3/Mixed_7c/Branch_2/Conv2d_0d_3x1/BatchNorm/moving_mean,0.025091052055358887
InceptionV3/Mixed_7c/Branch_2/Conv2d_0d_3x1/BatchNorm/moving_variance,0.03287726640701294
InceptionV3/InceptionV3/Mixed_7c/Branch_2/concat,0.7017267942428589
InceptionV3/Mixed_7c/Branch_3/Conv2d_0b_1x1/weights/Initializer/truncated_normal,0.03601729869842529
InceptionV3/Mixed_7c/Branch_3/Conv2d_0b_1x1/weights,0.0368853939904107
InceptionV3/InceptionV3/Mixed_7c/Branch_3/Conv2d_0b_1x1/kernel/Regularizer/l2_regularizer,0.03124578793843587
InceptionV3/Mixed_7c/Branch_3/Conv2d_0b_1x1/BatchNorm/beta,0.02506464719772339
InceptionV3/Mixed_7c/Branch_3/Conv2d_0b_1x1/BatchNorm/moving_mean,0.02896958589553833
InceptionV3/Mixed_7c/Branch_3/Conv2d_0b_1x1/BatchNorm/moving_variance,0.03449714183807373
InceptionV3/InceptionV3/Mixed_7c/concat,0.7700344324111938
InceptionV3/AuxLogits/Conv2d_1b_1x1/weights/Initializer/truncated_normal,0.03196569283803304
InceptionV3/AuxLogits/Conv2d_1b_1x1/weights,0.03418061468336317
InceptionV3/AuxLogits/Conv2d_1b_1x1/kernel/Regularizer/l2_regularizer,0.031244198481241863
InceptionV3/AuxLogits/Conv2d_1b_1x1/BatchNorm/beta,0.025061428546905518
InceptionV3/AuxLogits/Conv2d_1b_1x1/BatchNorm/moving_mean,0.0328640341758728
InceptionV3/AuxLogits/Conv2d_1b_1x1/BatchNorm/moving_variance,0.02897191047668457
InceptionV3/AuxLogits/Conv2d_2a_5x5/weights/Initializer/truncated_normal,0.05793146292368571
InceptionV3/AuxLogits/Conv2d_2a_5x5/weights,0.06525331073337132
InceptionV3/AuxLogits/Conv2d_2a_5x5/kernel/Regularizer/l2_regularizer,0.039460341135660805
InceptionV3/AuxLogits/Conv2d_2a_5x5/BatchNorm/beta,0.030597329139709473
InceptionV3/AuxLogits/Conv2d_2a_5x5/BatchNorm/moving_mean,0.03287637233734131
InceptionV3/AuxLogits/Conv2d_2a_5x5/BatchNorm/moving_variance,0.028969645500183105
InceptionV3/AuxLogits/Conv2d_2b_1x1/weights/Initializer/truncated_normal,0.036020636558532715
InceptionV3/AuxLogits/Conv2d_2b_1x1/weights,0.03688804308573405
InceptionV3/AuxLogits/Conv2d_2b_1x1/kernel/Regularizer/l2_regularizer,0.038618246714274086
InceptionV3/AuxLogits/Conv2d_2b_1x1/biases/Initializer/zeros,0.0334162712097168
InceptionV3/AuxLogits/Conv2d_2b_1x1/biases,0.029297709465026855
InceptionV3/Logits/Conv2d_1c_1x1/weights/Initializer/truncated_normal,0.05685349305470785
InceptionV3/Logits/Conv2d_1c_1x1/weights,0.05598653687371148
InceptionV3/Logits/Conv2d_1c_1x1/kernel/Regularizer/l2_regularizer,0.02820611000061035
InceptionV3/Logits/Conv2d_1c_1x1/biases/Initializer/zeros,0.028208017349243164
InceptionV3/Logits/Conv2d_1c_1x1/biases,0.028209209442138672
InceptionV3/Predictions/Reshape,1.1289884249369304
InceptionV3_1/InceptionV3/Mixed_5b/concat,0.3021763563156128
InceptionV3_1/InceptionV3/Mixed_5c/concat,0.3909355401992798
InceptionV3_1/InceptionV3/Mixed_5d/concat,0.3827691078186035
InceptionV3_1/InceptionV3/Mixed_6a/concat,0.47273302078247076
InceptionV3_1/InceptionV3/Mixed_6b/concat,0.466709852218628
InceptionV3_1/InceptionV3/Mixed_6c/concat,0.636910319328308
InceptionV3_1/InceptionV3/Mixed_6d/concat,0.6866106986999512
InceptionV3_1/InceptionV3/Mixed_6e/concat,0.7078253030776978
InceptionV3_1/InceptionV3/Mixed_7a/concat,0.6592432260513306
InceptionV3_1/InceptionV3/Mixed_7b/Branch_1/concat,0.6864807605743408
InceptionV3_1/InceptionV3/Mixed_7b/Branch_2/concat,0.7838369607925414
InceptionV3_1/InceptionV3/Mixed_7b/concat,0.7454551458358765
InceptionV3_1/InceptionV3/Mixed_7c/Branch_1/concat,0.7334092855453491
InceptionV3_1/InceptionV3/Mixed_7c/Branch_2/concat,0.782896637916565
InceptionV3_1/InceptionV3/Mixed_7c/concat,0.8151217699050904
InceptionV3_1/Predictions/Reshape,1.044722557067871
