OperationName,Average Time taken by all ops starting with it
Conv1_pad/Pad,0.12291252613067627
Conv1/random_uniform,0.10709016663687569
Conv1/convolution,0.12074494361877441
bn_Conv1/strided_slice,0.11099334557851155
bn_Conv1/strided_slice_1,0.10985839366912842
bn_Conv1/strided_slice_2,0.1111409068107605
bn_Conv1/Rank,0.10945916175842285
bn_Conv1/range,0.10418740908304851
bn_Conv1/Prod,0.12100255489349365
bn_Conv1/sub,0.11272466182708739
bn_Conv1/moving_mean/local_step,0.10700982809066772
bn_Conv1/AssignMovingAvg/bn_Conv1/moving_mean/AssignAdd,0.10777938365936279
bn_Conv1/AssignMovingAvg/bn_Conv1/moving_mean/sub_1,0.11795186996459961
bn_Conv1/AssignMovingAvg/bn_Conv1/moving_mean/sub_2,0.12061703205108643
bn_Conv1/AssignMovingAvg,0.12173670880934771
bn_Conv1/moving_variance/local_step,0.11272352933883667
bn_Conv1/AssignMovingAvg_1/bn_Conv1/moving_variance/AssignAdd,0.10909581184387207
bn_Conv1/AssignMovingAvg_1/bn_Conv1/moving_variance/sub_1,0.13077318668365479
bn_Conv1/AssignMovingAvg_1/bn_Conv1/moving_variance/sub_2,0.1323155164718628
bn_Conv1/AssignMovingAvg_1,0.1259016289430506
bn_Conv1/keras_learning_phase,0.10879743099212648
expanded_conv_depthwise/random_uniform,0.10583090782165527
expanded_conv_depthwise/depthwise,0.10903410116831462
expanded_conv_depthwise_BN/strided_slice,0.1130481759707133
expanded_conv_depthwise_BN/strided_slice_1,0.1139305830001831
expanded_conv_depthwise_BN/strided_slice_2,0.11454206705093384
expanded_conv_depthwise_BN/Rank,0.12189126014709473
expanded_conv_depthwise_BN/range,0.1096656322479248
expanded_conv_depthwise_BN/Prod,0.1358567476272583
expanded_conv_depthwise_BN/sub,0.12395858764648438
expanded_conv_depthwise_BN/moving_mean/local_step,0.11118930578231812
expanded_conv_depthwise_BN/AssignMovingAvg/expanded_conv_depthwise_BN/moving_mean/AssignAdd,0.11177456378936768
expanded_conv_depthwise_BN/AssignMovingAvg/expanded_conv_depthwise_BN/moving_mean/sub_1,0.14032995700836182
expanded_conv_depthwise_BN/AssignMovingAvg/expanded_conv_depthwise_BN/moving_mean/sub_2,0.13375532627105713
expanded_conv_depthwise_BN/AssignMovingAvg,0.13431323275846593
expanded_conv_depthwise_BN/moving_variance/local_step,0.10949987173080444
expanded_conv_depthwise_BN/AssignMovingAvg_1/expanded_conv_depthwise_BN/moving_variance/AssignAdd,0.11008226871490479
expanded_conv_depthwise_BN/AssignMovingAvg_1/expanded_conv_depthwise_BN/moving_variance/sub_1,0.14662694931030273
expanded_conv_depthwise_BN/AssignMovingAvg_1/expanded_conv_depthwise_BN/moving_variance/sub_2,0.14744460582733154
expanded_conv_depthwise_BN/AssignMovingAvg_1,0.13923112083883846
expanded_conv_project/random_uniform,0.11361847605024065
expanded_conv_project/convolution,0.13186955451965332
expanded_conv_project_BN/strided_slice,0.1252155303955078
expanded_conv_project_BN/strided_slice_1,0.12526816129684448
expanded_conv_project_BN/strided_slice_2,0.12658101320266724
expanded_conv_project_BN/Rank,0.13518273830413818
expanded_conv_project_BN/range,0.11597466468811035
expanded_conv_project_BN/Prod,0.15705156326293945
expanded_conv_project_BN/sub,0.13189458847045898
expanded_conv_project_BN/moving_mean/local_step,0.10833364725112915
expanded_conv_project_BN/AssignMovingAvg/expanded_conv_project_BN/moving_mean/AssignAdd,0.11101937294006348
expanded_conv_project_BN/AssignMovingAvg/expanded_conv_project_BN/moving_mean/sub_1,0.14893877506256104
expanded_conv_project_BN/AssignMovingAvg/expanded_conv_project_BN/moving_mean/sub_2,0.14475631713867188
expanded_conv_project_BN/AssignMovingAvg,0.14425750339732452
expanded_conv_project_BN/moving_variance/local_step,0.11138802766799927
expanded_conv_project_BN/AssignMovingAvg_1/expanded_conv_project_BN/moving_variance/AssignAdd,0.11274361610412596
expanded_conv_project_BN/AssignMovingAvg_1/expanded_conv_project_BN/moving_variance/sub_1,0.16248869895935059
expanded_conv_project_BN/AssignMovingAvg_1/expanded_conv_project_BN/moving_variance/sub_2,0.16597747802734375
expanded_conv_project_BN/AssignMovingAvg_1,0.14998646343455596
block_1_expand/random_uniform,0.1181192057473319
block_1_expand/convolution,0.15811538696289062
block_1_expand_BN/strided_slice,0.12562056382497153
block_1_expand_BN/strided_slice_1,0.12509232759475708
block_1_expand_BN/strided_slice_2,0.1288740038871765
block_1_expand_BN/Rank,0.13816583156585693
block_1_expand_BN/range,0.12636423110961914
block_1_expand_BN/Prod,0.1698448657989502
block_1_expand_BN/sub,0.1479283571243286
block_1_expand_BN/moving_mean/local_step,0.11938542127609253
block_1_expand_BN/AssignMovingAvg/block_1_expand_BN/moving_mean/AssignAdd,0.11451709270477295
block_1_expand_BN/AssignMovingAvg/block_1_expand_BN/moving_mean/sub_1,0.16123747825622559
block_1_expand_BN/AssignMovingAvg/block_1_expand_BN/moving_mean/sub_2,0.16174757480621338
block_1_expand_BN/AssignMovingAvg,0.1547473528805901
block_1_expand_BN/moving_variance/local_step,0.11196798086166382
block_1_expand_BN/AssignMovingAvg_1/block_1_expand_BN/moving_variance/AssignAdd,0.11527693271636963
block_1_expand_BN/AssignMovingAvg_1/block_1_expand_BN/moving_variance/sub_1,0.17395997047424316
block_1_expand_BN/AssignMovingAvg_1/block_1_expand_BN/moving_variance/sub_2,0.16961026191711426
block_1_expand_BN/AssignMovingAvg_1,0.15809226036071777
block_1_pad/Pad,0.1404581069946289
block_1_depthwise/random_uniform,0.11383213315691267
block_1_depthwise/depthwise,0.12639756997426352
block_1_depthwise_BN/strided_slice,0.1283439795176188
block_1_depthwise_BN/strided_slice_1,0.12955451011657715
block_1_depthwise_BN/strided_slice_2,0.1279575228691101
block_1_depthwise_BN/Rank,0.14100372791290283
block_1_depthwise_BN/range,0.11157019933064778
block_1_depthwise_BN/Prod,0.17806267738342285
block_1_depthwise_BN/sub,0.15128850936889648
block_1_depthwise_BN/moving_mean/local_step,0.11579304933547974
block_1_depthwise_BN/AssignMovingAvg/block_1_depthwise_BN/moving_mean/AssignAdd,0.11387765407562256
block_1_depthwise_BN/AssignMovingAvg/block_1_depthwise_BN/moving_mean/sub_1,0.17646944522857666
block_1_depthwise_BN/AssignMovingAvg/block_1_depthwise_BN/moving_mean/sub_2,0.18047666549682617
block_1_depthwise_BN/AssignMovingAvg,0.16917209765490362
block_1_depthwise_BN/moving_variance/local_step,0.11435437202453613
block_1_depthwise_BN/AssignMovingAvg_1/block_1_depthwise_BN/moving_variance/AssignAdd,0.10928940773010254
block_1_depthwise_BN/AssignMovingAvg_1/block_1_depthwise_BN/moving_variance/sub_1,0.19134652614593506
block_1_depthwise_BN/AssignMovingAvg_1/block_1_depthwise_BN/moving_variance/sub_2,0.19600212574005127
block_1_depthwise_BN/AssignMovingAvg_1,0.175046864677878
block_1_project/random_uniform,0.11785578727722168
block_1_project/convolution,0.15933990478515625
block_1_project_BN/strided_slice,0.1354955236117045
block_1_project_BN/strided_slice_1,0.1348963975906372
block_1_project_BN/strided_slice_2,0.13478189706802368
block_1_project_BN/Rank,0.15731370449066162
block_1_project_BN/range,0.1199649175008138
block_1_project_BN/Prod,0.1942036151885986
block_1_project_BN/sub,0.15918099880218506
block_1_project_BN/moving_mean/local_step,0.1187848448753357
block_1_project_BN/AssignMovingAvg/block_1_project_BN/moving_mean/AssignAdd,0.11162936687469482
block_1_project_BN/AssignMovingAvg/block_1_project_BN/moving_mean/sub_1,0.18978583812713623
block_1_project_BN/AssignMovingAvg/block_1_project_BN/moving_mean/sub_2,0.20857059955596924
block_1_project_BN/AssignMovingAvg,0.17976129055023193
block_1_project_BN/moving_variance/local_step,0.11745500564575195
block_1_project_BN/AssignMovingAvg_1/block_1_project_BN/moving_variance/AssignAdd,0.11280632019042969
block_1_project_BN/AssignMovingAvg_1/block_1_project_BN/moving_variance/sub_1,0.20389330387115479
block_1_project_BN/AssignMovingAvg_1/block_1_project_BN/moving_variance/sub_2,0.20025336742401123
block_1_project_BN/AssignMovingAvg_1,0.1830780926872702
block_2_expand/random_uniform,0.11716961860656738
block_2_expand/convolution,0.1529397964477539
block_2_expand_BN/strided_slice,0.13855034112930298
block_2_expand_BN/strided_slice_1,0.1389319896697998
block_2_expand_BN/strided_slice_2,0.1397596001625061
block_2_expand_BN/Rank,0.1603785753250122
block_2_expand_BN/range,0.1219017505645752
block_2_expand_BN/Prod,0.20106291770935059
block_2_expand_BN/sub,0.16476643085479736
block_2_expand_BN/moving_mean/local_step,0.12002140283584595
block_2_expand_BN/AssignMovingAvg/block_2_expand_BN/moving_mean/AssignAdd,0.11638534069061279
block_2_expand_BN/AssignMovingAvg/block_2_expand_BN/moving_mean/sub_1,0.19762694835662842
block_2_expand_BN/AssignMovingAvg/block_2_expand_BN/moving_mean/sub_2,0.19478857517242432
block_2_expand_BN/AssignMovingAvg,0.1828464480007396
block_2_expand_BN/moving_variance/local_step,0.1090618371963501
block_2_expand_BN/AssignMovingAvg_1/block_2_expand_BN/moving_variance/AssignAdd,0.10930228233337401
block_2_expand_BN/AssignMovingAvg_1/block_2_expand_BN/moving_variance/sub_1,0.21219956874847412
block_2_expand_BN/AssignMovingAvg_1/block_2_expand_BN/moving_variance/sub_2,0.2110881805419922
block_2_expand_BN/AssignMovingAvg_1,0.18621509215411017
block_2_depthwise/random_uniform,0.11086388996669225
block_2_depthwise/depthwise,0.1271446943283081
block_2_depthwise_BN/strided_slice,0.1411114732424418
block_2_depthwise_BN/strided_slice_1,0.1412256360054016
block_2_depthwise_BN/strided_slice_2,0.13872134685516357
block_2_depthwise_BN/Rank,0.16147780418395996
block_2_depthwise_BN/range,0.11527450879414876
block_2_depthwise_BN/Prod,0.21461737155914307
block_2_depthwise_BN/sub,0.1675422191619873
block_2_depthwise_BN/moving_mean/local_step,0.11444389820098877
block_2_depthwise_BN/AssignMovingAvg/block_2_depthwise_BN/moving_mean/AssignAdd,0.11292433738708496
block_2_depthwise_BN/AssignMovingAvg/block_2_depthwise_BN/moving_mean/sub_1,0.21024656295776367
block_2_depthwise_BN/AssignMovingAvg/block_2_depthwise_BN/moving_mean/sub_2,0.2114783525466919
block_2_depthwise_BN/AssignMovingAvg,0.19535853582270005
block_2_depthwise_BN/moving_variance/local_step,0.1182173490524292
block_2_depthwise_BN/AssignMovingAvg_1/block_2_depthwise_BN/moving_variance/AssignAdd,0.11997044086456297
block_2_depthwise_BN/AssignMovingAvg_1/block_2_depthwise_BN/moving_variance/sub_1,0.23067915439605716
block_2_depthwise_BN/AssignMovingAvg_1/block_2_depthwise_BN/moving_variance/sub_2,0.23219084739685059
block_2_depthwise_BN/AssignMovingAvg_1,0.20279718847835765
block_2_project/random_uniform,0.1211909566606794
block_2_project/convolution,0.1715766191482544
block_2_project_BN/strided_slice,0.1464930772781372
block_2_project_BN/strided_slice_1,0.14424490928649902
block_2_project_BN/strided_slice_2,0.14810234308242798
block_2_project_BN/Rank,0.18000221252441406
block_2_project_BN/range,0.12720584869384766
block_2_project_BN/Prod,0.23446035385131836
block_2_project_BN/sub,0.1775888204574585
block_2_project_BN/moving_mean/local_step,0.12712699174880981
block_2_project_BN/AssignMovingAvg/block_2_project_BN/moving_mean/AssignAdd,0.12841331958770752
block_2_project_BN/AssignMovingAvg/block_2_project_BN/moving_mean/sub_1,0.23446142673492432
block_2_project_BN/AssignMovingAvg/block_2_project_BN/moving_mean/sub_2,0.22784399986267087
block_2_project_BN/AssignMovingAvg,0.21089269834406235
block_2_project_BN/moving_variance/local_step,0.12291502952575684
block_2_project_BN/AssignMovingAvg_1/block_2_project_BN/moving_variance/AssignAdd,0.1213982105255127
block_2_project_BN/AssignMovingAvg_1/block_2_project_BN/moving_variance/sub_1,0.2400888204574585
block_2_project_BN/AssignMovingAvg_1/block_2_project_BN/moving_variance/sub_2,0.24313998222351074
block_2_project_BN/AssignMovingAvg_1,0.21489694539238424
block_3_expand/random_uniform,0.12470528057643346
block_3_expand/convolution,0.1806802749633789
block_3_expand_BN/strided_slice,0.14962575833002725
block_3_expand_BN/strided_slice_1,0.15034407377243042
block_3_expand_BN/strided_slice_2,0.15062230825424194
block_3_expand_BN/Rank,0.18417394161224365
block_3_expand_BN/range,0.1265090306599935
block_3_expand_BN/Prod,0.2390216588973999
block_3_expand_BN/sub,0.1762019395828247
block_3_expand_BN/moving_mean/local_step,0.11013203859329224
block_3_expand_BN/AssignMovingAvg/block_3_expand_BN/moving_mean/AssignAdd,0.11328017711639404
block_3_expand_BN/AssignMovingAvg/block_3_expand_BN/moving_mean/sub_1,0.236702561378479
block_3_expand_BN/AssignMovingAvg/block_3_expand_BN/moving_mean/sub_2,0.23415744304656982
block_3_expand_BN/AssignMovingAvg,0.20848363287308636
block_3_expand_BN/moving_variance/local_step,0.11165499687194824
block_3_expand_BN/AssignMovingAvg_1/block_3_expand_BN/moving_variance/AssignAdd,0.1146385669708252
block_3_expand_BN/AssignMovingAvg_1/block_3_expand_BN/moving_variance/sub_1,0.24059188365936285
block_3_expand_BN/AssignMovingAvg_1/block_3_expand_BN/moving_variance/sub_2,0.24442040920257568
block_3_expand_BN/AssignMovingAvg_1,0.2127220350153306
block_3_pad/Pad,0.17956364154815674
block_3_depthwise/random_uniform,0.1197451182774135
block_3_depthwise/depthwise,0.14094706376393637
block_3_depthwise_BN/strided_slice,0.14589452743530273
block_3_depthwise_BN/strided_slice_1,0.14675581455230713
block_3_depthwise_BN/strided_slice_2,0.1440749168395996
block_3_depthwise_BN/Rank,0.17762494087219236
block_3_depthwise_BN/range,0.11576437950134277
block_3_depthwise_BN/Prod,0.24789166450500488
block_3_depthwise_BN/sub,0.18231415748596191
block_3_depthwise_BN/moving_mean/local_step,0.12208795547485352
block_3_depthwise_BN/AssignMovingAvg/block_3_depthwise_BN/moving_mean/AssignAdd,0.113503098487854
block_3_depthwise_BN/AssignMovingAvg/block_3_depthwise_BN/moving_mean/sub_1,0.2504647970199585
block_3_depthwise_BN/AssignMovingAvg/block_3_depthwise_BN/moving_mean/sub_2,0.24953186511993408
block_3_depthwise_BN/AssignMovingAvg,0.22097171054166906
block_3_depthwise_BN/moving_variance/local_step,0.11132323741912842
block_3_depthwise_BN/AssignMovingAvg_1/block_3_depthwise_BN/moving_variance/AssignAdd,0.11392247676849365
block_3_depthwise_BN/AssignMovingAvg_1/block_3_depthwise_BN/moving_variance/sub_1,0.25804603099823
block_3_depthwise_BN/AssignMovingAvg_1/block_3_depthwise_BN/moving_variance/sub_2,0.2583528757095337
block_3_depthwise_BN/AssignMovingAvg_1,0.22347476903130026
block_3_project/random_uniform,0.12201993806021554
block_3_project/convolution,0.18573153018951416
block_3_project_BN/strided_slice,0.14860844612121582
block_3_project_BN/strided_slice_1,0.1474287509918213
block_3_project_BN/strided_slice_2,0.1495121717453003
block_3_project_BN/Rank,0.19030380249023435
block_3_project_BN/range,0.11837021509806316
block_3_project_BN/Prod,0.26123619079589844
block_3_project_BN/sub,0.18870317935943604
block_3_project_BN/moving_mean/local_step,0.11142832040786743
block_3_project_BN/AssignMovingAvg/block_3_project_BN/moving_mean/AssignAdd,0.11257195472717285
block_3_project_BN/AssignMovingAvg/block_3_project_BN/moving_mean/sub_1,0.25450170040130615
block_3_project_BN/AssignMovingAvg/block_3_project_BN/moving_mean/sub_2,0.2529029846191406
block_3_project_BN/AssignMovingAvg,0.22578317277571736
block_3_project_BN/moving_variance/local_step,0.11052685976028442
block_3_project_BN/AssignMovingAvg_1/block_3_project_BN/moving_variance/AssignAdd,0.11375772953033447
block_3_project_BN/AssignMovingAvg_1/block_3_project_BN/moving_variance/sub_1,0.26703906059265137
block_3_project_BN/AssignMovingAvg_1/block_3_project_BN/moving_variance/sub_2,0.2711920738220215
block_3_project_BN/AssignMovingAvg_1,0.2309907043681425
block_4_expand/random_uniform,0.11976865359715053
block_4_expand/convolution,0.18169844150543213
block_4_expand_BN/strided_slice,0.14857997496922812
block_4_expand_BN/strided_slice_1,0.145707905292511
block_4_expand_BN/strided_slice_2,0.15183639526367188
block_4_expand_BN/Rank,0.18434929847717285
block_4_expand_BN/range,0.11336565017700195
block_4_expand_BN/Prod,0.26249074935913086
block_4_expand_BN/sub,0.19006240367889404
block_4_expand_BN/moving_mean/local_step,0.11805397272109985
block_4_expand_BN/AssignMovingAvg/block_4_expand_BN/moving_mean/AssignAdd,0.12098944187164305
block_4_expand_BN/AssignMovingAvg/block_4_expand_BN/moving_mean/sub_1,0.2600613832473755
block_4_expand_BN/AssignMovingAvg/block_4_expand_BN/moving_mean/sub_2,0.25997817516326904
block_4_expand_BN/AssignMovingAvg,0.23189236837274887
block_4_expand_BN/moving_variance/local_step,0.10826897621154785
block_4_expand_BN/AssignMovingAvg_1/block_4_expand_BN/moving_variance/AssignAdd,0.1139364242553711
block_4_expand_BN/AssignMovingAvg_1/block_4_expand_BN/moving_variance/sub_1,0.2760106325149536
block_4_expand_BN/AssignMovingAvg_1/block_4_expand_BN/moving_variance/sub_2,0.27346694469451904
block_4_expand_BN/AssignMovingAvg_1,0.23476004600524902
block_4_depthwise/random_uniform,0.1078859737941197
block_4_depthwise/depthwise,0.13205047448476157
block_4_depthwise_BN/strided_slice,0.14948713779449463
block_4_depthwise_BN/strided_slice_1,0.14935189485549927
block_4_depthwise_BN/strided_slice_2,0.15151000022888184
block_4_depthwise_BN/Rank,0.18342339992523193
block_4_depthwise_BN/range,0.11179288228352864
block_4_depthwise_BN/Prod,0.2742455005645752
block_4_depthwise_BN/sub,0.1936739683151245
block_4_depthwise_BN/moving_mean/local_step,0.10674619674682617
block_4_depthwise_BN/AssignMovingAvg/block_4_depthwise_BN/moving_mean/AssignAdd,0.10714077949523926
block_4_depthwise_BN/AssignMovingAvg/block_4_depthwise_BN/moving_mean/sub_1,0.26955926418304443
block_4_depthwise_BN/AssignMovingAvg/block_4_depthwise_BN/moving_mean/sub_2,0.2723912000656128
block_4_depthwise_BN/AssignMovingAvg,0.23949893081889434
block_4_depthwise_BN/moving_variance/local_step,0.11975753307342529
block_4_depthwise_BN/AssignMovingAvg_1/block_4_depthwise_BN/moving_variance/AssignAdd,0.11709904670715332
block_4_depthwise_BN/AssignMovingAvg_1/block_4_depthwise_BN/moving_variance/sub_1,0.286088228225708
block_4_depthwise_BN/AssignMovingAvg_1/block_4_depthwise_BN/moving_variance/sub_2,0.28702008724212646
block_4_depthwise_BN/AssignMovingAvg_1,0.2470565964193905
block_4_project/random_uniform,0.11981163706098284
block_4_project/convolution,0.18864095211029053
block_4_project_BN/strided_slice,0.1590124766031901
block_4_project_BN/strided_slice_1,0.15832483768463135
block_4_project_BN/strided_slice_2,0.157880961894989
block_4_project_BN/Rank,0.20105278491973877
block_4_project_BN/range,0.11593397458394368
block_4_project_BN/Prod,0.28782176971435547
block_4_project_BN/sub,0.20464396476745605
block_4_project_BN/moving_mean/local_step,0.11404544115066528
block_4_project_BN/AssignMovingAvg/block_4_project_BN/moving_mean/AssignAdd,0.13004684448242188
block_4_project_BN/AssignMovingAvg/block_4_project_BN/moving_mean/sub_1,0.2829775810241699
block_4_project_BN/AssignMovingAvg/block_4_project_BN/moving_mean/sub_2,0.27976667881011963
block_4_project_BN/AssignMovingAvg,0.25041060587939096
block_4_project_BN/moving_variance/local_step,0.11192041635513306
block_4_project_BN/AssignMovingAvg_1/block_4_project_BN/moving_variance/AssignAdd,0.12033379077911377
block_4_project_BN/AssignMovingAvg_1/block_4_project_BN/moving_variance/sub_1,0.29803431034088135
block_4_project_BN/AssignMovingAvg_1/block_4_project_BN/moving_variance/sub_2,0.3000861406326294
block_4_project_BN/AssignMovingAvg_1,0.25495538992040295
block_5_expand/random_uniform,0.1148784841809954
block_5_expand/convolution,0.20237457752227783
block_5_expand_BN/strided_slice,0.16466844081878662
block_5_expand_BN/strided_slice_1,0.16620534658432007
block_5_expand_BN/strided_slice_2,0.16481900215148926
block_5_expand_BN/Rank,0.208809494972229
block_5_expand_BN/range,0.1248319943745931
block_5_expand_BN/Prod,0.3072831630706787
block_5_expand_BN/sub,0.21493065357208252
block_5_expand_BN/moving_mean/local_step,0.11767834424972534
block_5_expand_BN/AssignMovingAvg/block_5_expand_BN/moving_mean/AssignAdd,0.11951816082000732
block_5_expand_BN/AssignMovingAvg/block_5_expand_BN/moving_mean/sub_1,0.2883106470108032
block_5_expand_BN/AssignMovingAvg/block_5_expand_BN/moving_mean/sub_2,0.29437053203582764
block_5_expand_BN/AssignMovingAvg,0.25808993507834044
block_5_expand_BN/moving_variance/local_step,0.11456024646759033
block_5_expand_BN/AssignMovingAvg_1/block_5_expand_BN/moving_variance/AssignAdd,0.11696076393127441
block_5_expand_BN/AssignMovingAvg_1/block_5_expand_BN/moving_variance/sub_1,0.3064776659011841
block_5_expand_BN/AssignMovingAvg_1/block_5_expand_BN/moving_variance/sub_2,0.3105471134185791
block_5_expand_BN/AssignMovingAvg_1,0.26338063969331627
block_5_depthwise/random_uniform,0.11445062501089913
block_5_depthwise/depthwise,0.14336466789245605
block_5_depthwise_BN/strided_slice,0.15967377026875815
block_5_depthwise_BN/strided_slice_1,0.1591140627861023
block_5_depthwise_BN/strided_slice_2,0.1603131890296936
block_5_depthwise_BN/Rank,0.21277534961700442
block_5_depthwise_BN/range,0.12385082244873047
block_5_depthwise_BN/Prod,0.3123142719268799
block_5_depthwise_BN/sub,0.21988534927368164
block_5_depthwise_BN/moving_mean/local_step,0.12147998809814452
block_5_depthwise_BN/AssignMovingAvg/block_5_depthwise_BN/moving_mean/AssignAdd,0.1218414306640625
block_5_depthwise_BN/AssignMovingAvg/block_5_depthwise_BN/moving_mean/sub_1,0.3106355667114258
block_5_depthwise_BN/AssignMovingAvg/block_5_depthwise_BN/moving_mean/sub_2,0.3101005554199219
block_5_depthwise_BN/AssignMovingAvg,0.2705032544977525
block_5_depthwise_BN/moving_variance/local_step,0.12132948637008667
block_5_depthwise_BN/AssignMovingAvg_1/block_5_depthwise_BN/moving_variance/AssignAdd,0.12175452709197998
block_5_depthwise_BN/AssignMovingAvg_1/block_5_depthwise_BN/moving_variance/sub_1,0.3198838233947754
block_5_depthwise_BN/AssignMovingAvg_1/block_5_depthwise_BN/moving_variance/sub_2,0.324199914932251
block_5_depthwise_BN/AssignMovingAvg_1,0.2759861805859734
block_5_project/random_uniform,0.121553863797869
block_5_project/convolution,0.21528220176696777
block_5_project_BN/strided_slice,0.1669380267461141
block_5_project_BN/strided_slice_1,0.16832011938095093
block_5_project_BN/strided_slice_2,0.16551649570465088
block_5_project_BN/Rank,0.2097820043563843
block_5_project_BN/range,0.11467583974202473
block_5_project_BN/Prod,0.3088458776473999
block_5_project_BN/sub,0.21570014953613278
block_5_project_BN/moving_mean/local_step,0.11567956209182739
block_5_project_BN/AssignMovingAvg/block_5_project_BN/moving_mean/AssignAdd,0.11385214328765869
block_5_project_BN/AssignMovingAvg/block_5_project_BN/moving_mean/sub_1,0.31327152252197266
block_5_project_BN/AssignMovingAvg/block_5_project_BN/moving_mean/sub_2,0.3090277910232544
block_5_project_BN/AssignMovingAvg,0.2687524346744313
block_5_project_BN/moving_variance/local_step,0.11460191011428833
block_5_project_BN/AssignMovingAvg_1/block_5_project_BN/moving_variance/AssignAdd,0.11439383029937744
block_5_project_BN/AssignMovingAvg_1/block_5_project_BN/moving_variance/sub_1,0.31858885288238525
block_5_project_BN/AssignMovingAvg_1/block_5_project_BN/moving_variance/sub_2,0.32593023777008057
block_5_project_BN/AssignMovingAvg_1,0.2729940554674934
block_6_expand/random_uniform,0.11192294529506139
block_6_expand/convolution,0.21336555480957034
block_6_expand_BN/strided_slice,0.1614920695622762
block_6_expand_BN/strided_slice_1,0.16047173738479614
block_6_expand_BN/strided_slice_2,0.16096121072769165
block_6_expand_BN/Rank,0.21570611000061035
block_6_expand_BN/range,0.11284510294596355
block_6_expand_BN/Prod,0.31443727016448975
block_6_expand_BN/sub,0.21903717517852783
block_6_expand_BN/moving_mean/local_step,0.11760574579238893
block_6_expand_BN/AssignMovingAvg/block_6_expand_BN/moving_mean/AssignAdd,0.10987687110900879
block_6_expand_BN/AssignMovingAvg/block_6_expand_BN/moving_mean/sub_1,0.3151015043258667
block_6_expand_BN/AssignMovingAvg/block_6_expand_BN/moving_mean/sub_2,0.32400083541870117
block_6_expand_BN/AssignMovingAvg,0.27744805111604576
block_6_expand_BN/moving_variance/local_step,0.11826413869857788
block_6_expand_BN/AssignMovingAvg_1/block_6_expand_BN/moving_variance/AssignAdd,0.10779261589050294
block_6_expand_BN/AssignMovingAvg_1/block_6_expand_BN/moving_variance/sub_1,0.3343386650085449
block_6_expand_BN/AssignMovingAvg_1/block_6_expand_BN/moving_variance/sub_2,0.3342418670654297
block_6_expand_BN/AssignMovingAvg_1,0.28319989933687095
block_6_pad/Pad,0.21517598628997803
block_6_depthwise/random_uniform,0.11402504784720284
block_6_depthwise/depthwise,0.1494368314743042
block_6_depthwise_BN/strided_slice,0.16873029867808023
block_6_depthwise_BN/strided_slice_1,0.17052078247070312
block_6_depthwise_BN/strided_slice_2,0.16616147756576538
block_6_depthwise_BN/Rank,0.21942138671875
block_6_depthwise_BN/range,0.10965895652770996
block_6_depthwise_BN/Prod,0.33036839962005615
block_6_depthwise_BN/sub,0.23054265975952148
block_6_depthwise_BN/moving_mean/local_step,0.11865150928497314
block_6_depthwise_BN/AssignMovingAvg/block_6_depthwise_BN/moving_mean/AssignAdd,0.12084352970123291
block_6_depthwise_BN/AssignMovingAvg/block_6_depthwise_BN/moving_mean/sub_1,0.32854771614074707
block_6_depthwise_BN/AssignMovingAvg/block_6_depthwise_BN/moving_mean/sub_2,0.32486987113952637
block_6_depthwise_BN/AssignMovingAvg,0.28517165604759664
block_6_depthwise_BN/moving_variance/local_step,0.10906517505645752
block_6_depthwise_BN/AssignMovingAvg_1/block_6_depthwise_BN/moving_variance/AssignAdd,0.11428594589233398
block_6_depthwise_BN/AssignMovingAvg_1/block_6_depthwise_BN/moving_variance/sub_1,0.34398603439331055
block_6_depthwise_BN/AssignMovingAvg_1/block_6_depthwise_BN/moving_variance/sub_2,0.35079896450042725
block_6_depthwise_BN/AssignMovingAvg_1,0.29082423097947063
block_6_project/random_uniform,0.11173299380711146
block_6_project/convolution,0.2163257598876953
block_6_project_BN/strided_slice,0.1654987931251526
block_6_project_BN/strided_slice_1,0.16225147247314453
block_6_project_BN/strided_slice_2,0.1664678454399109
block_6_project_BN/Rank,0.22164201736450195
block_6_project_BN/range,0.10814706484476726
block_6_project_BN/Prod,0.33726930618286133
block_6_project_BN/sub,0.2231334447860718
block_6_project_BN/moving_mean/local_step,0.10890746116638184
block_6_project_BN/AssignMovingAvg/block_6_project_BN/moving_mean/AssignAdd,0.11209702491760254
block_6_project_BN/AssignMovingAvg/block_6_project_BN/moving_mean/sub_1,0.3306739330291748
block_6_project_BN/AssignMovingAvg/block_6_project_BN/moving_mean/sub_2,0.33819568157196045
block_6_project_BN/AssignMovingAvg,0.2898793430889354
block_6_project_BN/moving_variance/local_step,0.10833162069320679
block_6_project_BN/AssignMovingAvg_1/block_6_project_BN/moving_variance/AssignAdd,0.11501860618591309
block_6_project_BN/AssignMovingAvg_1/block_6_project_BN/moving_variance/sub_1,0.3578096628189087
block_6_project_BN/AssignMovingAvg_1/block_6_project_BN/moving_variance/sub_2,0.35642337799072266
block_6_project_BN/AssignMovingAvg_1,0.29719629007227283
block_7_expand/random_uniform,0.1117011478969029
block_7_expand/convolution,0.2252894639968872
block_7_expand_BN/strided_slice,0.1762154499689738
block_7_expand_BN/strided_slice_1,0.17638945579528809
block_7_expand_BN/strided_slice_2,0.17362672090530396
block_7_expand_BN/Rank,0.23153340816497803
block_7_expand_BN/range,0.11514608065287273
block_7_expand_BN/Prod,0.34605228900909424
block_7_expand_BN/sub,0.2367403507232666
block_7_expand_BN/moving_mean/local_step,0.12088245153427124
block_7_expand_BN/AssignMovingAvg/block_7_expand_BN/moving_mean/AssignAdd,0.11732661724090576
block_7_expand_BN/AssignMovingAvg/block_7_expand_BN/moving_mean/sub_1,0.3464329242706299
block_7_expand_BN/AssignMovingAvg/block_7_expand_BN/moving_mean/sub_2,0.35167229175567627
block_7_expand_BN/AssignMovingAvg,0.2992326301686904
block_7_expand_BN/moving_variance/local_step,0.11265963315963745
block_7_expand_BN/AssignMovingAvg_1/block_7_expand_BN/moving_variance/AssignAdd,0.11075460910797119
block_7_expand_BN/AssignMovingAvg_1/block_7_expand_BN/moving_variance/sub_1,0.3563421964645386
block_7_expand_BN/AssignMovingAvg_1/block_7_expand_BN/moving_variance/sub_2,0.3588402271270752
block_7_expand_BN/AssignMovingAvg_1,0.30208633927737966
block_7_depthwise/random_uniform,0.11149580138070243
block_7_depthwise/depthwise,0.14989964167277017
block_7_depthwise_BN/strided_slice,0.17166322469711304
block_7_depthwise_BN/strided_slice_1,0.16843104362487793
block_7_depthwise_BN/strided_slice_2,0.17284917831420898
block_7_depthwise_BN/Rank,0.23576951026916507
block_7_depthwise_BN/range,0.11252260208129883
block_7_depthwise_BN/Prod,0.3608565330505371
block_7_depthwise_BN/sub,0.23902618885040283
block_7_depthwise_BN/moving_mean/local_step,0.11398983001708984
block_7_depthwise_BN/AssignMovingAvg/block_7_depthwise_BN/moving_mean/AssignAdd,0.1154700517654419
block_7_depthwise_BN/AssignMovingAvg/block_7_depthwise_BN/moving_mean/sub_1,0.3621782064437866
block_7_depthwise_BN/AssignMovingAvg/block_7_depthwise_BN/moving_mean/sub_2,0.3467186689376831
block_7_depthwise_BN/AssignMovingAvg,0.30309868560117836
block_7_depthwise_BN/moving_variance/local_step,0.1098487377166748
block_7_depthwise_BN/AssignMovingAvg_1/block_7_depthwise_BN/moving_variance/AssignAdd,0.11055123805999756
block_7_depthwise_BN/AssignMovingAvg_1/block_7_depthwise_BN/moving_variance/sub_1,0.37116920948028564
block_7_depthwise_BN/AssignMovingAvg_1/block_7_depthwise_BN/moving_variance/sub_2,0.3723517656326294
block_7_depthwise_BN/AssignMovingAvg_1,0.30817374061135683
block_7_project/random_uniform,0.10851635251726423
block_7_project/convolution,0.2284247875213623
block_7_project_BN/strided_slice,0.1657570799191793
block_7_project_BN/strided_slice_1,0.16657942533493042
block_7_project_BN/strided_slice_2,0.1657484769821167
block_7_project_BN/Rank,0.23040103912353516
block_7_project_BN/range,0.10438625017801921
block_7_project_BN/Prod,0.36139369010925293
block_7_project_BN/sub,0.2334657907485962
block_7_project_BN/moving_mean/local_step,0.10676413774490356
block_7_project_BN/AssignMovingAvg/block_7_project_BN/moving_mean/AssignAdd,0.10594844818115234
block_7_project_BN/AssignMovingAvg/block_7_project_BN/moving_mean/sub_1,0.3579827547073364
block_7_project_BN/AssignMovingAvg/block_7_project_BN/moving_mean/sub_2,0.361169695854187
block_7_project_BN/AssignMovingAvg,0.3054726754917818
block_7_project_BN/moving_variance/local_step,0.10671448707580566
block_7_project_BN/AssignMovingAvg_1/block_7_project_BN/moving_variance/AssignAdd,0.10638105869293213
block_7_project_BN/AssignMovingAvg_1/block_7_project_BN/moving_variance/sub_1,0.3741213083267212
block_7_project_BN/AssignMovingAvg_1/block_7_project_BN/moving_variance/sub_2,0.37823700904846197
block_7_project_BN/AssignMovingAvg_1,0.3110852662254782
block_8_expand/random_uniform,0.10926410130092076
block_8_expand/convolution,0.2361725568771362
block_8_expand_BN/strided_slice,0.16967936356862387
block_8_expand_BN/strided_slice_1,0.16939377784729004
block_8_expand_BN/strided_slice_2,0.1700049638748169
block_8_expand_BN/Rank,0.23461794853210452
block_8_expand_BN/range,0.10502004623413086
block_8_expand_BN/Prod,0.3674464225769043
block_8_expand_BN/sub,0.2379567623138428
block_8_expand_BN/moving_mean/local_step,0.10972791910171509
block_8_expand_BN/AssignMovingAvg/block_8_expand_BN/moving_mean/AssignAdd,0.10364091396331787
block_8_expand_BN/AssignMovingAvg/block_8_expand_BN/moving_mean/sub_1,0.37269771099090576
block_8_expand_BN/AssignMovingAvg/block_8_expand_BN/moving_mean/sub_2,0.3636823892593384
block_8_expand_BN/AssignMovingAvg,0.31770215314977307
block_8_expand_BN/moving_variance/local_step,0.11457186937332153
block_8_expand_BN/AssignMovingAvg_1/block_8_expand_BN/moving_variance/AssignAdd,0.12281668186187744
block_8_expand_BN/AssignMovingAvg_1/block_8_expand_BN/moving_variance/sub_1,0.39461183547973633
block_8_expand_BN/AssignMovingAvg_1/block_8_expand_BN/moving_variance/sub_2,0.389615535736084
block_8_expand_BN/AssignMovingAvg_1,0.32825712596668916
block_8_depthwise/random_uniform,0.10990190505981445
block_8_depthwise/depthwise,0.1522542635599772
block_8_depthwise_BN/strided_slice,0.17719290653864542
block_8_depthwise_BN/strided_slice_1,0.17514503002166748
block_8_depthwise_BN/strided_slice_2,0.17958378791809082
block_8_depthwise_BN/Rank,0.2500015497207641
block_8_depthwise_BN/range,0.11742281913757324
block_8_depthwise_BN/Prod,0.38603758811950684
block_8_depthwise_BN/sub,0.2524021863937378
block_8_depthwise_BN/moving_mean/local_step,0.10804438591003418
block_8_depthwise_BN/AssignMovingAvg/block_8_depthwise_BN/moving_mean/AssignAdd,0.1101992130279541
block_8_depthwise_BN/AssignMovingAvg/block_8_depthwise_BN/moving_mean/sub_1,0.3754408359527588
block_8_depthwise_BN/AssignMovingAvg/block_8_depthwise_BN/moving_mean/sub_2,0.3773152828216553
block_8_depthwise_BN/AssignMovingAvg,0.32227587699890137
block_8_depthwise_BN/moving_variance/local_step,0.10911363363265991
block_8_depthwise_BN/AssignMovingAvg_1/block_8_depthwise_BN/moving_variance/AssignAdd,0.10760223865509033
block_8_depthwise_BN/AssignMovingAvg_1/block_8_depthwise_BN/moving_variance/sub_1,0.3926039934158326
block_8_depthwise_BN/AssignMovingAvg_1/block_8_depthwise_BN/moving_variance/sub_2,0.39594292640686035
block_8_depthwise_BN/AssignMovingAvg_1,0.32847196915570426
block_8_project/random_uniform,0.10825804301670619
block_8_project/convolution,0.24235117435455322
block_8_project_BN/strided_slice,0.17424251635869345
block_8_project_BN/strided_slice_1,0.17516344785690308
block_8_project_BN/strided_slice_2,0.17281383275985718
block_8_project_BN/Rank,0.24592173099517825
block_8_project_BN/range,0.10506772994995117
block_8_project_BN/Prod,0.38605713844299316
block_8_project_BN/sub,0.2451317310333252
block_8_project_BN/moving_mean/local_step,0.10374099016189575
block_8_project_BN/AssignMovingAvg/block_8_project_BN/moving_mean/AssignAdd,0.10528981685638428
block_8_project_BN/AssignMovingAvg/block_8_project_BN/moving_mean/sub_1,0.3861105442047119
block_8_project_BN/AssignMovingAvg/block_8_project_BN/moving_mean/sub_2,0.3925306797027588
block_8_project_BN/AssignMovingAvg,0.3255164763506721
block_8_project_BN/moving_variance/local_step,0.10539466142654419
block_8_project_BN/AssignMovingAvg_1/block_8_project_BN/moving_variance/AssignAdd,0.10656142234802246
block_8_project_BN/AssignMovingAvg_1/block_8_project_BN/moving_variance/sub_1,0.3958626985549927
block_8_project_BN/AssignMovingAvg_1/block_8_project_BN/moving_variance/sub_2,0.39667391777038574
block_8_project_BN/AssignMovingAvg_1,0.33040740910698385
block_9_expand/random_uniform,0.10438179969787598
block_9_expand/convolution,0.2495490312576294
block_9_expand_BN/strided_slice,0.18097553650538126
block_9_expand_BN/strided_slice_1,0.1812964677810669
block_9_expand_BN/strided_slice_2,0.18205279111862183
block_9_expand_BN/Rank,0.260217547416687
block_9_expand_BN/range,0.11584806442260742
block_9_expand_BN/Prod,0.4029581546783447
block_9_expand_BN/sub,0.2638746500015259
block_9_expand_BN/moving_mean/local_step,0.1097191572189331
block_9_expand_BN/AssignMovingAvg/block_9_expand_BN/moving_mean/AssignAdd,0.11192059516906738
block_9_expand_BN/AssignMovingAvg/block_9_expand_BN/moving_mean/sub_1,0.4030306339263916
block_9_expand_BN/AssignMovingAvg/block_9_expand_BN/moving_mean/sub_2,0.4008462429046631
block_9_expand_BN/AssignMovingAvg,0.33809922723209157
block_9_expand_BN/moving_variance/local_step,0.1093873381614685
block_9_expand_BN/AssignMovingAvg_1/block_9_expand_BN/moving_variance/AssignAdd,0.10311031341552734
block_9_expand_BN/AssignMovingAvg_1/block_9_expand_BN/moving_variance/sub_1,0.4079153537750244
block_9_expand_BN/AssignMovingAvg_1/block_9_expand_BN/moving_variance/sub_2,0.42137038707733154
block_9_expand_BN/AssignMovingAvg_1,0.3437274904812084
block_9_depthwise/random_uniform,0.11170721054077148
block_9_depthwise/depthwise,0.15763453642527261
block_9_depthwise_BN/strided_slice,0.17676222324371338
block_9_depthwise_BN/strided_slice_1,0.17281180620193481
block_9_depthwise_BN/strided_slice_2,0.17457640171051025
block_9_depthwise_BN/Rank,0.24999237060546875
block_9_depthwise_BN/range,0.10372193654378255
block_9_depthwise_BN/Prod,0.3988509178161621
block_9_depthwise_BN/sub,0.26186835765838623
block_9_depthwise_BN/moving_mean/local_step,0.10621744394302368
block_9_depthwise_BN/AssignMovingAvg/block_9_depthwise_BN/moving_mean/AssignAdd,0.11202716827392578
block_9_depthwise_BN/AssignMovingAvg/block_9_depthwise_BN/moving_mean/sub_1,0.40408968925476074
block_9_depthwise_BN/AssignMovingAvg/block_9_depthwise_BN/moving_mean/sub_2,0.4078817367553711
block_9_depthwise_BN/AssignMovingAvg,0.33933598153731404
block_9_depthwise_BN/moving_variance/local_step,0.10526221990585327
block_9_depthwise_BN/AssignMovingAvg_1/block_9_depthwise_BN/moving_variance/AssignAdd,0.10317480564117432
block_9_depthwise_BN/AssignMovingAvg_1/block_9_depthwise_BN/moving_variance/sub_1,0.4221813678741455
block_9_depthwise_BN/AssignMovingAvg_1/block_9_depthwise_BN/moving_variance/sub_2,0.4141101837158203
block_9_depthwise_BN/AssignMovingAvg_1,0.34235111404867735
block_9_project/random_uniform,0.10368258612496513
block_9_project/convolution,0.2511347532272339
block_9_project_BN/strided_slice,0.1858397920926412
block_9_project_BN/strided_slice_1,0.18922030925750732
block_9_project_BN/strided_slice_2,0.18832069635391238
block_9_project_BN/Rank,0.2706913948059082
block_9_project_BN/range,0.11866299311319987
block_9_project_BN/Prod,0.43473029136657715
block_9_project_BN/sub,0.2846047878265381
block_9_project_BN/moving_mean/local_step,0.1146690845489502
block_9_project_BN/AssignMovingAvg/block_9_project_BN/moving_mean/AssignAdd,0.11389017105102539
block_9_project_BN/AssignMovingAvg/block_9_project_BN/moving_mean/sub_1,0.4229001998901367
block_9_project_BN/AssignMovingAvg/block_9_project_BN/moving_mean/sub_2,0.4293012619018555
block_9_project_BN/AssignMovingAvg,0.36379999974194693
block_9_project_BN/moving_variance/local_step,0.12434542179107666
block_9_project_BN/AssignMovingAvg_1/block_9_project_BN/moving_variance/AssignAdd,0.11844396591186523
block_9_project_BN/AssignMovingAvg_1/block_9_project_BN/moving_variance/sub_1,0.4429086446762085
block_9_project_BN/AssignMovingAvg_1/block_9_project_BN/moving_variance/sub_2,0.4449295997619629
block_9_project_BN/AssignMovingAvg_1,0.37057821890887094
block_10_expand/random_uniform,0.11568382808140346
block_10_expand/convolution,0.2662116289138794
block_10_expand_BN/strided_slice,0.19525221983591715
block_10_expand_BN/strided_slice_1,0.19481879472732544
block_10_expand_BN/strided_slice_2,0.19547563791275024
block_10_expand_BN/Rank,0.2776358127593994
block_10_expand_BN/range,0.11659542719523112
block_10_expand_BN/Prod,0.44307518005371094
block_10_expand_BN/sub,0.28094232082366943
block_10_expand_BN/moving_mean/local_step,0.11521852016448975
block_10_expand_BN/AssignMovingAvg/block_10_expand_BN/moving_mean/AssignAdd,0.11464905738830568
block_10_expand_BN/AssignMovingAvg/block_10_expand_BN/moving_mean/sub_1,0.42909371852874756
block_10_expand_BN/AssignMovingAvg/block_10_expand_BN/moving_mean/sub_2,0.436065673828125
block_10_expand_BN/AssignMovingAvg,0.36841269801644716
block_10_expand_BN/moving_variance/local_step,0.11566770076751709
block_10_expand_BN/AssignMovingAvg_1/block_10_expand_BN/moving_variance/AssignAdd,0.11682569980621338
block_10_expand_BN/AssignMovingAvg_1/block_10_expand_BN/moving_variance/sub_1,0.45662355422973633
block_10_expand_BN/AssignMovingAvg_1/block_10_expand_BN/moving_variance/sub_2,0.4577651023864746
block_10_expand_BN/AssignMovingAvg_1,0.37766561788671155
block_10_depthwise/random_uniform,0.11603648321969169
block_10_depthwise/depthwise,0.17012290159861246
block_10_depthwise_BN/strided_slice,0.19661490122477213
block_10_depthwise_BN/strided_slice_1,0.1974259614944458
block_10_depthwise_BN/strided_slice_2,0.19642406702041626
block_10_depthwise_BN/Rank,0.277843713760376
block_10_depthwise_BN/range,0.1158136526743571
block_10_depthwise_BN/Prod,0.4442156553268433
block_10_depthwise_BN/sub,0.2890489101409912
block_10_depthwise_BN/moving_mean/local_step,0.11626267433166504
block_10_depthwise_BN/AssignMovingAvg/block_10_depthwise_BN/moving_mean/AssignAdd,0.115293025970459
block_10_depthwise_BN/AssignMovingAvg/block_10_depthwise_BN/moving_mean/sub_1,0.4458754062652588
block_10_depthwise_BN/AssignMovingAvg/block_10_depthwise_BN/moving_mean/sub_2,0.4489041566848755
block_10_depthwise_BN/AssignMovingAvg,0.3801317846073824
block_10_depthwise_BN/moving_variance/local_step,0.11775636672973633
block_10_depthwise_BN/AssignMovingAvg_1/block_10_depthwise_BN/moving_variance/AssignAdd,0.12014591693878174
block_10_depthwise_BN/AssignMovingAvg_1/block_10_depthwise_BN/moving_variance/sub_1,0.4749847650527954
block_10_depthwise_BN/AssignMovingAvg_1/block_10_depthwise_BN/moving_variance/sub_2,0.47052586078643793
block_10_depthwise_BN/AssignMovingAvg_1,0.38989883310654583
block_10_project/random_uniform,0.1194314616067069
block_10_project/convolution,0.2781848907470703
block_10_project_BN/strided_slice,0.20056668917338052
block_10_project_BN/strided_slice_1,0.20143693685531616
block_10_project_BN/strided_slice_2,0.1982724666595459
block_10_project_BN/Rank,0.29179584980010986
block_10_project_BN/range,0.11680308977762859
block_10_project_BN/Prod,0.46487677097320557
block_10_project_BN/sub,0.29785430431365967
block_10_project_BN/moving_mean/local_step,0.11872392892837524
block_10_project_BN/AssignMovingAvg/block_10_project_BN/moving_mean/AssignAdd,0.1208416223526001
block_10_project_BN/AssignMovingAvg/block_10_project_BN/moving_mean/sub_1,0.46108055114746094
block_10_project_BN/AssignMovingAvg/block_10_project_BN/moving_mean/sub_2,0.4663287401199341
block_10_project_BN/AssignMovingAvg,0.38806895648731904
block_10_project_BN/moving_variance/local_step,0.11719387769699095
block_10_project_BN/AssignMovingAvg_1/block_10_project_BN/moving_variance/AssignAdd,0.11918175220489502
block_10_project_BN/AssignMovingAvg_1/block_10_project_BN/moving_variance/sub_1,0.47678935527801514
block_10_project_BN/AssignMovingAvg_1/block_10_project_BN/moving_variance/sub_2,0.48596251010894775
block_10_project_BN/AssignMovingAvg_1,0.3943310204674216
block_11_expand/random_uniform,0.11730786732264928
block_11_expand/convolution,0.29270970821380615
block_11_expand_BN/strided_slice,0.20238486925760904
block_11_expand_BN/strided_slice_1,0.2026568055152893
block_11_expand_BN/strided_slice_2,0.19877243041992188
block_11_expand_BN/Rank,0.28816998004913325
block_11_expand_BN/range,0.1157836119333903
block_11_expand_BN/Prod,0.463795781135559
block_11_expand_BN/sub,0.3003406524658203
block_11_expand_BN/moving_mean/local_step,0.11733150482177734
block_11_expand_BN/AssignMovingAvg/block_11_expand_BN/moving_mean/AssignAdd,0.11813056468963623
block_11_expand_BN/AssignMovingAvg/block_11_expand_BN/moving_mean/sub_1,0.4783538579940796
block_11_expand_BN/AssignMovingAvg/block_11_expand_BN/moving_mean/sub_2,0.4672505855560303
block_11_expand_BN/AssignMovingAvg,0.40182706187753114
block_11_expand_BN/moving_variance/local_step,0.12443935871124268
block_11_expand_BN/AssignMovingAvg_1/block_11_expand_BN/moving_variance/AssignAdd,0.1220172643661499
block_11_expand_BN/AssignMovingAvg_1/block_11_expand_BN/moving_variance/sub_1,0.5024600028991699
block_11_expand_BN/AssignMovingAvg_1/block_11_expand_BN/moving_variance/sub_2,0.5027225017547607
block_11_expand_BN/AssignMovingAvg_1,0.41420506028568044
block_11_depthwise/random_uniform,0.12254469735281807
block_11_depthwise/depthwise,0.1832375923792521
block_11_depthwise_BN/strided_slice,0.211086372534434
block_11_depthwise_BN/strided_slice_1,0.21063929796218872
block_11_depthwise_BN/strided_slice_2,0.20957446098327637
block_11_depthwise_BN/Rank,0.2988094091415405
block_11_depthwise_BN/range,0.11834120750427246
block_11_depthwise_BN/Prod,0.48686301708221436
block_11_depthwise_BN/sub,0.31467247009277344
block_11_depthwise_BN/moving_mean/local_step,0.12175881862640381
block_11_depthwise_BN/AssignMovingAvg/block_11_depthwise_BN/moving_mean/AssignAdd,0.12026786804199219
block_11_depthwise_BN/AssignMovingAvg/block_11_depthwise_BN/moving_mean/sub_1,0.4786761999130249
block_11_depthwise_BN/AssignMovingAvg/block_11_depthwise_BN/moving_mean/sub_2,0.47910380363464355
block_11_depthwise_BN/AssignMovingAvg,0.4036089883131139
block_11_depthwise_BN/moving_variance/local_step,0.11619037389755249
block_11_depthwise_BN/AssignMovingAvg_1/block_11_depthwise_BN/moving_variance/AssignAdd,0.11919355392456055
block_11_depthwise_BN/AssignMovingAvg_1/block_11_depthwise_BN/moving_variance/sub_1,0.5036090612411499
block_11_depthwise_BN/AssignMovingAvg_1/block_11_depthwise_BN/moving_variance/sub_2,0.5031802654266357
block_11_depthwise_BN/AssignMovingAvg_1,0.4099312950583065
block_11_project/random_uniform,0.11838446344648089
block_11_project/convolution,0.29773247241973877
block_11_project_BN/strided_slice,0.20570677518844604
block_11_project_BN/strided_slice_1,0.20728737115859985
block_11_project_BN/strided_slice_2,0.20384585857391357
block_11_project_BN/Rank,0.298819899559021
block_11_project_BN/range,0.11580117543538411
block_11_project_BN/Prod,0.4917490482330322
block_11_project_BN/sub,0.3105062246322632
block_11_project_BN/moving_mean/local_step,0.11940395832061768
block_11_project_BN/AssignMovingAvg/block_11_project_BN/moving_mean/AssignAdd,0.11766529083251953
block_11_project_BN/AssignMovingAvg/block_11_project_BN/moving_mean/sub_1,0.4895986318588257
block_11_project_BN/AssignMovingAvg/block_11_project_BN/moving_mean/sub_2,0.4943808317184448
block_11_project_BN/AssignMovingAvg,0.41159475550932045
block_11_project_BN/moving_variance/local_step,0.11663311719894409
block_11_project_BN/AssignMovingAvg_1/block_11_project_BN/moving_variance/AssignAdd,0.11837828159332275
block_11_project_BN/AssignMovingAvg_1/block_11_project_BN/moving_variance/sub_1,0.503564715385437
block_11_project_BN/AssignMovingAvg_1/block_11_project_BN/moving_variance/sub_2,0.5067791938781738
block_11_project_BN/AssignMovingAvg_1,0.4194405920365277
block_12_expand/random_uniform,0.11667820385524204
block_12_expand/convolution,0.29983758926391607
block_12_expand_BN/strided_slice,0.21225170294443765
block_12_expand_BN/strided_slice_1,0.21145451068878174
block_12_expand_BN/strided_slice_2,0.2099558711051941
block_12_expand_BN/Rank,0.3078352212905884
block_12_expand_BN/range,0.11529827117919922
block_12_expand_BN/Prod,0.4941321611404419
block_12_expand_BN/sub,0.3117917776107788
block_12_expand_BN/moving_mean/local_step,0.11807781457901001
block_12_expand_BN/AssignMovingAvg/block_12_expand_BN/moving_mean/AssignAdd,0.11530232429504395
block_12_expand_BN/AssignMovingAvg/block_12_expand_BN/moving_mean/sub_1,0.49192166328430176
block_12_expand_BN/AssignMovingAvg/block_12_expand_BN/moving_mean/sub_2,0.5019240379333496
block_12_expand_BN/AssignMovingAvg,0.4157636095495785
block_12_expand_BN/moving_variance/local_step,0.11763477325439453
block_12_expand_BN/AssignMovingAvg_1/block_12_expand_BN/moving_variance/AssignAdd,0.11876368522644043
block_12_expand_BN/AssignMovingAvg_1/block_12_expand_BN/moving_variance/sub_1,0.519890546798706
block_12_expand_BN/AssignMovingAvg_1/block_12_expand_BN/moving_variance/sub_2,0.51496422290802
block_12_expand_BN/AssignMovingAvg_1,0.4233647795284496
block_12_depthwise/random_uniform,0.11647530964442662
block_12_depthwise/depthwise,0.18004020055135092
block_12_depthwise_BN/strided_slice,0.21002346277236938
block_12_depthwise_BN/strided_slice_1,0.2091212272644043
block_12_depthwise_BN/strided_slice_2,0.2128334641456604
block_12_depthwise_BN/Rank,0.30389952659606934
block_12_depthwise_BN/range,0.11597593625386556
block_12_depthwise_BN/Prod,0.5104238986968994
block_12_depthwise_BN/sub,0.31956446170806885
block_12_depthwise_BN/moving_mean/local_step,0.11769050359725952
block_12_depthwise_BN/AssignMovingAvg/block_12_depthwise_BN/moving_mean/AssignAdd,0.11796450614929199
block_12_depthwise_BN/AssignMovingAvg/block_12_depthwise_BN/moving_mean/sub_1,0.5038418769836426
block_12_depthwise_BN/AssignMovingAvg/block_12_depthwise_BN/moving_mean/sub_2,0.5001931190490723
block_12_depthwise_BN/AssignMovingAvg,0.42368806810940013
block_12_depthwise_BN/moving_variance/local_step,0.11808907985687256
block_12_depthwise_BN/AssignMovingAvg_1/block_12_depthwise_BN/moving_variance/AssignAdd,0.1180599927902222
block_12_depthwise_BN/AssignMovingAvg_1/block_12_depthwise_BN/moving_variance/sub_1,0.5260517597198486
block_12_depthwise_BN/AssignMovingAvg_1/block_12_depthwise_BN/moving_variance/sub_2,0.5323039293289185
block_12_depthwise_BN/AssignMovingAvg_1,0.43333864212036133
block_12_project/random_uniform,0.11708950996398926
block_12_project/convolution,0.31429386138916016
block_12_project_BN/strided_slice,0.22787731885910034
block_12_project_BN/strided_slice_1,0.22724294662475586
block_12_project_BN/strided_slice_2,0.2281162142753601
block_12_project_BN/Rank,0.33023226261138916
block_12_project_BN/range,0.1175385316212972
block_12_project_BN/Prod,0.5283267498016357
block_12_project_BN/sub,0.3233768939971924
block_12_project_BN/moving_mean/local_step,0.11959582567214966
block_12_project_BN/AssignMovingAvg/block_12_project_BN/moving_mean/AssignAdd,0.12032830715179443
block_12_project_BN/AssignMovingAvg/block_12_project_BN/moving_mean/sub_1,0.5134662389755249
block_12_project_BN/AssignMovingAvg/block_12_project_BN/moving_mean/sub_2,0.5137693881988525
block_12_project_BN/AssignMovingAvg,0.4285491143955904
block_12_project_BN/moving_variance/local_step,0.11471998691558838
block_12_project_BN/AssignMovingAvg_1/block_12_project_BN/moving_variance/AssignAdd,0.11496400833129881
block_12_project_BN/AssignMovingAvg_1/block_12_project_BN/moving_variance/sub_1,0.5379726886749268
block_12_project_BN/AssignMovingAvg_1/block_12_project_BN/moving_variance/sub_2,0.5380383729934692
block_12_project_BN/AssignMovingAvg_1,0.4356299288132611
block_13_expand/random_uniform,0.11632898875645228
block_13_expand/convolution,0.3168346881866455
block_13_expand_BN/strided_slice,0.21476463476816812
block_13_expand_BN/strided_slice_1,0.21473723649978638
block_13_expand_BN/strided_slice_2,0.21607118844985962
block_13_expand_BN/Rank,0.31113171577453613
block_13_expand_BN/range,0.11449535687764485
block_13_expand_BN/Prod,0.5344047546386719
block_13_expand_BN/sub,0.32547271251678467
block_13_expand_BN/moving_mean/local_step,0.11603665351867676
block_13_expand_BN/AssignMovingAvg/block_13_expand_BN/moving_mean/AssignAdd,0.11227023601531982
block_13_expand_BN/AssignMovingAvg/block_13_expand_BN/moving_mean/sub_1,0.5233242511749268
block_13_expand_BN/AssignMovingAvg/block_13_expand_BN/moving_mean/sub_2,0.5305322408676147
block_13_expand_BN/AssignMovingAvg,0.43608931934132295
block_13_expand_BN/moving_variance/local_step,0.11481565237045288
block_13_expand_BN/AssignMovingAvg_1/block_13_expand_BN/moving_variance/AssignAdd,0.11523616313934325
block_13_expand_BN/AssignMovingAvg_1/block_13_expand_BN/moving_variance/sub_1,0.5477975606918335
block_13_expand_BN/AssignMovingAvg_1/block_13_expand_BN/moving_variance/sub_2,0.5453381538391113
block_13_expand_BN/AssignMovingAvg_1,0.44394944695865407
block_13_pad/Pad,0.3129868507385254
block_13_depthwise/random_uniform,0.11786886623927526
block_13_depthwise/depthwise,0.1824528376261393
block_13_depthwise_BN/strided_slice,0.21786985794703165
block_13_depthwise_BN/strided_slice_1,0.21565645933151245
block_13_depthwise_BN/strided_slice_2,0.21697843074798584
block_13_depthwise_BN/Rank,0.3190203905105591
block_13_depthwise_BN/range,0.11725234985351562
block_13_depthwise_BN/Prod,0.5410885810852051
block_13_depthwise_BN/sub,0.33648836612701416
block_13_depthwise_BN/moving_mean/local_step,0.11692506074905397
block_13_depthwise_BN/AssignMovingAvg/block_13_depthwise_BN/moving_mean/AssignAdd,0.11440336704254152
block_13_depthwise_BN/AssignMovingAvg/block_13_depthwise_BN/moving_mean/sub_1,0.5311614274978638
block_13_depthwise_BN/AssignMovingAvg/block_13_depthwise_BN/moving_mean/sub_2,0.5306230783462524
block_13_depthwise_BN/AssignMovingAvg,0.4449654537088731
block_13_depthwise_BN/moving_variance/local_step,0.11604452133178711
block_13_depthwise_BN/AssignMovingAvg_1/block_13_depthwise_BN/moving_variance/AssignAdd,0.11722266674041748
block_13_depthwise_BN/AssignMovingAvg_1/block_13_depthwise_BN/moving_variance/sub_1,0.5542126893997192
block_13_depthwise_BN/AssignMovingAvg_1/block_13_depthwise_BN/moving_variance/sub_2,0.552669882774353
block_13_depthwise_BN/AssignMovingAvg_1,0.4530157061184154
block_13_project/random_uniform,0.11594867706298828
block_13_project/convolution,0.3249582052230835
block_13_project_BN/strided_slice,0.218245267868042
block_13_project_BN/strided_slice_1,0.21774035692214966
block_13_project_BN/strided_slice_2,0.21892964839935303
block_13_project_BN/Rank,0.3246501684188843
block_13_project_BN/range,0.11584814389546712
block_13_project_BN/Prod,0.5499011278152466
block_13_project_BN/sub,0.3436124324798584
block_13_project_BN/moving_mean/local_step,0.11548000574111938
block_13_project_BN/AssignMovingAvg/block_13_project_BN/moving_mean/AssignAdd,0.1182934045791626
block_13_project_BN/AssignMovingAvg/block_13_project_BN/moving_mean/sub_1,0.5480533838272095
block_13_project_BN/AssignMovingAvg/block_13_project_BN/moving_mean/sub_2,0.5523051023483276
block_13_project_BN/AssignMovingAvg,0.45536456388585705
block_13_project_BN/moving_variance/local_step,0.11609756946563721
block_13_project_BN/AssignMovingAvg_1/block_13_project_BN/moving_variance/AssignAdd,0.11658322811126709
block_13_project_BN/AssignMovingAvg_1/block_13_project_BN/moving_variance/sub_1,0.5757795572280884
block_13_project_BN/AssignMovingAvg_1/block_13_project_BN/moving_variance/sub_2,0.571440577507019
block_13_project_BN/AssignMovingAvg_1,0.46494562485638785
block_14_expand/random_uniform,0.1165832451411656
block_14_expand/convolution,0.33293604850769043
block_14_expand_BN/strided_slice,0.2211909294128418
block_14_expand_BN/strided_slice_1,0.21982455253601077
block_14_expand_BN/strided_slice_2,0.22387105226516724
block_14_expand_BN/Rank,0.33456385135650635
block_14_expand_BN/range,0.11596457163492839
block_14_expand_BN/Prod,0.5657511949539185
block_14_expand_BN/sub,0.34908080101013184
block_14_expand_BN/moving_mean/local_step,0.11617636680603027
block_14_expand_BN/AssignMovingAvg/block_14_expand_BN/moving_mean/AssignAdd,0.11697614192962648
block_14_expand_BN/AssignMovingAvg/block_14_expand_BN/moving_mean/sub_1,0.5589116811752319
block_14_expand_BN/AssignMovingAvg/block_14_expand_BN/moving_mean/sub_2,0.5592330694198608
block_14_expand_BN/AssignMovingAvg,0.4524284881703994
block_14_expand_BN/moving_variance/local_step,0.10301220417022705
block_14_expand_BN/AssignMovingAvg_1/block_14_expand_BN/moving_variance/AssignAdd,0.10362279415130617
block_14_expand_BN/AssignMovingAvg_1/block_14_expand_BN/moving_variance/sub_1,0.5512708425521851
block_14_expand_BN/AssignMovingAvg_1/block_14_expand_BN/moving_variance/sub_2,0.5608581304550171
block_14_expand_BN/AssignMovingAvg_1,0.45279622077941895
block_14_depthwise/random_uniform,0.10574156897408622
block_14_depthwise/depthwise,0.1770165761311849
block_14_depthwise_BN/strided_slice,0.21305535236994425
block_14_depthwise_BN/strided_slice_1,0.21534544229507446
block_14_depthwise_BN/strided_slice_2,0.21264702081680298
block_14_depthwise_BN/Rank,0.3215782642364502
block_14_depthwise_BN/range,0.1054075558980306
block_14_depthwise_BN/Prod,0.5447715520858765
block_14_depthwise_BN/sub,0.33665943145751953
block_14_depthwise_BN/moving_mean/local_step,0.11160010099411011
block_14_depthwise_BN/AssignMovingAvg/block_14_depthwise_BN/moving_mean/AssignAdd,0.10943126678466798
block_14_depthwise_BN/AssignMovingAvg/block_14_depthwise_BN/moving_mean/sub_1,0.5449764728546143
block_14_depthwise_BN/AssignMovingAvg/block_14_depthwise_BN/moving_mean/sub_2,0.5496344566345215
block_14_depthwise_BN/AssignMovingAvg,0.4527159228044398
block_14_depthwise_BN/moving_variance/local_step,0.10577219724655151
block_14_depthwise_BN/AssignMovingAvg_1/block_14_depthwise_BN/moving_variance/AssignAdd,0.10434591770172118
block_14_depthwise_BN/AssignMovingAvg_1/block_14_depthwise_BN/moving_variance/sub_1,0.566746711730957
block_14_depthwise_BN/AssignMovingAvg_1/block_14_depthwise_BN/moving_variance/sub_2,0.5736449956893921
block_14_depthwise_BN/AssignMovingAvg_1,0.45937034663032084
block_14_project/random_uniform,0.11464227948869977
block_14_project/convolution,0.33361995220184326
block_14_project_BN/strided_slice,0.21534818410873413
block_14_project_BN/strided_slice_1,0.21248888969421387
block_14_project_BN/strided_slice_2,0.21601444482803345
block_14_project_BN/Rank,0.3287472724914551
block_14_project_BN/range,0.10255750020345052
block_14_project_BN/Prod,0.5515655279159546
block_14_project_BN/sub,0.3359454870223999
block_14_project_BN/moving_mean/local_step,0.10374528169631958
block_14_project_BN/AssignMovingAvg/block_14_project_BN/moving_mean/AssignAdd,0.10505592823028564
block_14_project_BN/AssignMovingAvg/block_14_project_BN/moving_mean/sub_1,0.5616040229797363
block_14_project_BN/AssignMovingAvg/block_14_project_BN/moving_mean/sub_2,0.5628409385681152
block_14_project_BN/AssignMovingAvg,0.46146153001224294
block_14_project_BN/moving_variance/local_step,0.10879480838775635
block_14_project_BN/AssignMovingAvg_1/block_14_project_BN/moving_variance/AssignAdd,0.10706126689910889
block_14_project_BN/AssignMovingAvg_1/block_14_project_BN/moving_variance/sub_1,0.5843532085418701
block_14_project_BN/AssignMovingAvg_1/block_14_project_BN/moving_variance/sub_2,0.5825661420822144
block_14_project_BN/AssignMovingAvg_1,0.4707039945265826
block_15_expand/random_uniform,0.10552849088396345
block_15_expand/convolution,0.3282895088195801
block_15_expand_BN/strided_slice,0.220288614432017
block_15_expand_BN/strided_slice_1,0.22207587957382202
block_15_expand_BN/strided_slice_2,0.21614569425582886
block_15_expand_BN/Rank,0.3316051959991455
block_15_expand_BN/range,0.10803731282552083
block_15_expand_BN/Prod,0.5695439577102661
block_15_expand_BN/sub,0.3475607633590698
block_15_expand_BN/moving_mean/local_step,0.1083676815032959
block_15_expand_BN/AssignMovingAvg/block_15_expand_BN/moving_mean/AssignAdd,0.10676515102386475
block_15_expand_BN/AssignMovingAvg/block_15_expand_BN/moving_mean/sub_1,0.5648361444473267
block_15_expand_BN/AssignMovingAvg/block_15_expand_BN/moving_mean/sub_2,0.5584280490875244
block_15_expand_BN/AssignMovingAvg,0.470600401653963
block_15_expand_BN/moving_variance/local_step,0.10658234357833862
block_15_expand_BN/AssignMovingAvg_1/block_15_expand_BN/moving_variance/AssignAdd,0.11275207996368408
block_15_expand_BN/AssignMovingAvg_1/block_15_expand_BN/moving_variance/sub_1,0.5873473882675171
block_15_expand_BN/AssignMovingAvg_1/block_15_expand_BN/moving_variance/sub_2,0.5987198352813721
block_15_expand_BN/AssignMovingAvg_1,0.48200545591466565
block_15_depthwise/random_uniform,0.10520788601466588
block_15_depthwise/depthwise,0.1844101349512736
block_15_depthwise_BN/strided_slice,0.22209952274958292
block_15_depthwise_BN/strided_slice_1,0.22325146198272705
block_15_depthwise_BN/strided_slice_2,0.21787583827972412
block_15_depthwise_BN/Rank,0.3334270715713501
block_15_depthwise_BN/range,0.10633317629496257
block_15_depthwise_BN/Prod,0.5832107067108154
block_15_depthwise_BN/sub,0.3463609218597412
block_15_depthwise_BN/moving_mean/local_step,0.10550510883331299
block_15_depthwise_BN/AssignMovingAvg/block_15_depthwise_BN/moving_mean/AssignAdd,0.10297870635986328
block_15_depthwise_BN/AssignMovingAvg/block_15_depthwise_BN/moving_mean/sub_1,0.5772489309310913
block_15_depthwise_BN/AssignMovingAvg/block_15_depthwise_BN/moving_mean/sub_2,0.5685701370239258
block_15_depthwise_BN/AssignMovingAvg,0.47713979552773866
block_15_depthwise_BN/moving_variance/local_step,0.11315262317657471
block_15_depthwise_BN/AssignMovingAvg_1/block_15_depthwise_BN/moving_variance/AssignAdd,0.1120595932006836
block_15_depthwise_BN/AssignMovingAvg_1/block_15_depthwise_BN/moving_variance/sub_1,0.6172882318496704
block_15_depthwise_BN/AssignMovingAvg_1/block_15_depthwise_BN/moving_variance/sub_2,0.601839542388916
block_15_depthwise_BN/AssignMovingAvg_1,0.49277904454399557
block_15_project/random_uniform,0.10356909888131278
block_15_project/convolution,0.3350541591644287
block_15_project_BN/strided_slice,0.22361379861831665
block_15_project_BN/strided_slice_1,0.2227015495300293
block_15_project_BN/strided_slice_2,0.22691214084625244
block_15_project_BN/Rank,0.3421059846878052
block_15_project_BN/range,0.10747408866882324
block_15_project_BN/Prod,0.5892000198364258
block_15_project_BN/sub,0.3474140167236328
block_15_project_BN/moving_mean/local_step,0.1035279631614685
block_15_project_BN/AssignMovingAvg/block_15_project_BN/moving_mean/AssignAdd,0.10622549057006836
block_15_project_BN/AssignMovingAvg/block_15_project_BN/moving_mean/sub_1,0.5768380165100098
block_15_project_BN/AssignMovingAvg/block_15_project_BN/moving_mean/sub_2,0.5843480825424194
block_15_project_BN/AssignMovingAvg,0.4833742520388435
block_15_project_BN/moving_variance/local_step,0.10424619913101196
block_15_project_BN/AssignMovingAvg_1/block_15_project_BN/moving_variance/AssignAdd,0.10964488983154297
block_15_project_BN/AssignMovingAvg_1/block_15_project_BN/moving_variance/sub_1,0.6246092319488525
block_15_project_BN/AssignMovingAvg_1/block_15_project_BN/moving_variance/sub_2,0.60918128490448
block_15_project_BN/AssignMovingAvg_1,0.49573645872228284
block_16_expand/random_uniform,0.10655444008963448
block_16_expand/convolution,0.3508775234222412
block_16_expand_BN/strided_slice,0.22812825441360474
block_16_expand_BN/strided_slice_1,0.23102504014968872
block_16_expand_BN/strided_slice_2,0.2286089062690735
block_16_expand_BN/Rank,0.35071468353271484
block_16_expand_BN/range,0.10672291119893391
block_16_expand_BN/Prod,0.608983039855957
block_16_expand_BN/sub,0.3608393669128418
block_16_expand_BN/moving_mean/local_step,0.1181524395942688
block_16_expand_BN/AssignMovingAvg/block_16_expand_BN/moving_mean/AssignAdd,0.1121225357055664
block_16_expand_BN/AssignMovingAvg/block_16_expand_BN/moving_mean/sub_1,0.6080824136734009
block_16_expand_BN/AssignMovingAvg/block_16_expand_BN/moving_mean/sub_2,0.6165024042129517
block_16_expand_BN/AssignMovingAvg,0.5017870524350334
block_16_expand_BN/moving_variance/local_step,0.1075907349586487
block_16_expand_BN/AssignMovingAvg_1/block_16_expand_BN/moving_variance/AssignAdd,0.10973763465881348
block_16_expand_BN/AssignMovingAvg_1/block_16_expand_BN/moving_variance/sub_1,0.6279553174972534
block_16_expand_BN/AssignMovingAvg_1/block_16_expand_BN/moving_variance/sub_2,0.6293298006057739
block_16_expand_BN/AssignMovingAvg_1,0.5085513732012581
block_16_depthwise/random_uniform,0.11408380099705287
block_16_depthwise/depthwise,0.19134902954101562
block_16_depthwise_BN/strided_slice,0.2365436553955078
block_16_depthwise_BN/strided_slice_1,0.2384120225906372
block_16_depthwise_BN/strided_slice_2,0.23584246635437012
block_16_depthwise_BN/Rank,0.357857346534729
block_16_depthwise_BN/range,0.11350814501444499
block_16_depthwise_BN/Prod,0.6306016445159912
block_16_depthwise_BN/sub,0.3735297918319702
block_16_depthwise_BN/moving_mean/local_step,0.11012107133865356
block_16_depthwise_BN/AssignMovingAvg/block_16_depthwise_BN/moving_mean/AssignAdd,0.10954272747039795
block_16_depthwise_BN/AssignMovingAvg/block_16_depthwise_BN/moving_mean/sub_1,0.6242831945419312
block_16_depthwise_BN/AssignMovingAvg/block_16_depthwise_BN/moving_mean/sub_2,0.6324191093444824
block_16_depthwise_BN/AssignMovingAvg,0.5192604064941406
block_16_depthwise_BN/moving_variance/local_step,0.11584329605102539
block_16_depthwise_BN/AssignMovingAvg_1/block_16_depthwise_BN/moving_variance/AssignAdd,0.12419283390045166
block_16_depthwise_BN/AssignMovingAvg_1/block_16_depthwise_BN/moving_variance/sub_1,0.6526718139648438
block_16_depthwise_BN/AssignMovingAvg_1/block_16_depthwise_BN/moving_variance/sub_2,0.6697190999984741
block_16_depthwise_BN/AssignMovingAvg_1,0.534264045603135
block_16_project/random_uniform,0.1196234907422747
block_16_project/convolution,0.3710932731628418
block_16_project_BN/strided_slice,0.24374818801879883
block_16_project_BN/strided_slice_1,0.24361693859100342
block_16_project_BN/strided_slice_2,0.24384474754333496
block_16_project_BN/Rank,0.3750755786895752
block_16_project_BN/range,0.11549290021260579
block_16_project_BN/Prod,0.6339755058288574
block_16_project_BN/sub,0.37705838680267334
block_16_project_BN/moving_mean/local_step,0.11335110664367676
block_16_project_BN/AssignMovingAvg/block_16_project_BN/moving_mean/AssignAdd,0.1127936840057373
block_16_project_BN/AssignMovingAvg/block_16_project_BN/moving_mean/sub_1,0.6217128038406372
block_16_project_BN/AssignMovingAvg/block_16_project_BN/moving_mean/sub_2,0.6320538520812988
block_16_project_BN/AssignMovingAvg,0.5171642794328577
block_16_project_BN/moving_variance/local_step,0.1157873272895813
block_16_project_BN/AssignMovingAvg_1/block_16_project_BN/moving_variance/AssignAdd,0.11150693893432617
block_16_project_BN/AssignMovingAvg_1/block_16_project_BN/moving_variance/sub_1,0.6520404815673828
block_16_project_BN/AssignMovingAvg_1/block_16_project_BN/moving_variance/sub_2,0.6514632701873779
block_16_project_BN/AssignMovingAvg_1,0.5268308134639964
Conv_1/random_uniform,0.1119617053440639
Conv_1/convolution,0.3702903985977173
Conv_1_bn/strided_slice,0.2438782056172689
Conv_1_bn/strided_slice_1,0.24011123180389404
Conv_1_bn/strided_slice_2,0.24549812078475952
Conv_1_bn/Rank,0.40092742443084717
Conv_1_bn/range,0.12311108907063802
Conv_1_bn/Prod,0.6521668434143066
Conv_1_bn/sub,0.38307011127471924
Conv_1_bn/AssignMovingAvg/Conv_1_bn/moving_mean/zeros,0.1092359224955241
Conv_1_bn/moving_mean/local_step,0.11074227094650269
Conv_1_bn/AssignMovingAvg/Conv_1_bn/moving_mean/AssignAdd,0.11540257930755615
Conv_1_bn/AssignMovingAvg/Conv_1_bn/moving_mean/sub_1,0.6354184150695801
Conv_1_bn/AssignMovingAvg/Conv_1_bn/moving_mean/sub_2,0.6375527381896973
Conv_1_bn/AssignMovingAvg,0.48216809097089264
Conv_1_bn/AssignMovingAvg_1/Conv_1_bn/moving_variance/zeros,0.11555624008178711
Conv_1_bn/moving_variance/local_step,0.11496108770370483
Conv_1_bn/AssignMovingAvg_1/Conv_1_bn/moving_variance/AssignAdd,0.11555731296539307
Conv_1_bn/AssignMovingAvg_1/Conv_1_bn/moving_variance/sub_1,0.6697510480880737
Conv_1_bn/AssignMovingAvg_1/Conv_1_bn/moving_variance/sub_2,0.6649636030197144
Conv_1_bn/AssignMovingAvg_1,0.49356840786181
global_average_pooling2d_1/Mean,0.37533068656921387
predictions/random_uniform,0.11337174688066755
SGD/iterations,0.11265188455581665
SGD/lr,0.1102825403213501
SGD/momentum,0.11088621616363525
SGD/decay,0.11110633611679077
loss/predictions_loss/Sum,0.2873118718465169
loss/predictions_loss/sub,0.11346316337585449
loss/predictions_loss/clip_by_value,0.6583210229873657
metrics/acc/ArgMax_1,0.37050604820251465
training/SGD/gradients/loss/predictions_loss/Mean_2_grad/Reshape,0.1168205738067627
training/SGD/gradients/loss/predictions_loss/Mean_2_grad/Maximum,0.11220419406890869
training/SGD/gradients/loss/predictions_loss/Mean_grad/range,0.10539595286051433
training/SGD/gradients/loss/predictions_loss/Mean_grad/Fill,0.1049731969833374
training/SGD/gradients/loss/predictions_loss/Sum_1_grad/range,0.1117246945699056
training/SGD/gradients/loss/predictions_loss/Sum_1_grad/Fill,0.1078869104385376
training/SGD/gradients/loss/predictions_loss/Sum_grad/range,0.10644801457722981
training/SGD/gradients/loss/predictions_loss/Sum_grad/Fill,0.10583257675170898
training/SGD/gradients/loss/predictions_loss/Sum_grad/Maximum,0.37904560565948486
training/SGD/AssignAdd,0.10881388187408447
training/SGD/zeros,0.10614049434661865
softmax_cross_entropy_with_logits_sg/Sub,0.10967977841695149
softmax_cross_entropy_with_logits_sg/Slice,0.2490169107913971
softmax_cross_entropy_with_logits_sg/concat,0.2238255500793457
softmax_cross_entropy_with_logits_sg/Sub_1,0.10827696323394775
softmax_cross_entropy_with_logits_sg/Sub_2,0.10662543773651123
softmax_cross_entropy_with_logits_sg/Slice_2,0.29299386342366535
Conv1_1/random_uniform,0.10767946924482073
bn_Conv1_1/range,0.10399214426676433
bn_Conv1_1/AssignMovingAvg/bn_Conv1_1/moving_mean/AssignAdd,0.10371589660644531
bn_Conv1_1/AssignMovingAvg_1/bn_Conv1_1/moving_variance/AssignAdd,0.10520589351654053
expanded_conv_depthwise_1/random_uniform,0.10640941347394671
expanded_conv_depthwise_BN_1/range,0.10972460110982259
expanded_conv_depthwise_BN_1/AssignMovingAvg/expanded_conv_depthwise_BN_1/moving_mean/AssignAdd,0.10969662666320801
expanded_conv_depthwise_BN_1/AssignMovingAvg_1/expanded_conv_depthwise_BN_1/moving_variance/AssignAdd,0.11814141273498535
expanded_conv_project_1/random_uniform,0.1103522777557373
expanded_conv_project_BN_1/range,0.10814118385314941
expanded_conv_project_BN_1/AssignMovingAvg/expanded_conv_project_BN_1/moving_mean/AssignAdd,0.11101782321929932
expanded_conv_project_BN_1/AssignMovingAvg_1/expanded_conv_project_BN_1/moving_variance/AssignAdd,0.1158682107925415
block_1_expand_1/random_uniform,0.1160292284829276
block_1_expand_BN_1/range,0.1187761624654134
block_1_expand_BN_1/AssignMovingAvg/block_1_expand_BN_1/moving_mean/AssignAdd,0.11834168434143065
block_1_expand_BN_1/AssignMovingAvg_1/block_1_expand_BN_1/moving_variance/AssignAdd,0.11130356788635254
block_1_depthwise_1/random_uniform,0.11266868455069405
block_1_depthwise_BN_1/range,0.11581484476725261
block_1_depthwise_BN_1/AssignMovingAvg/block_1_depthwise_BN_1/moving_mean/AssignAdd,0.11001408100128174
block_1_depthwise_BN_1/AssignMovingAvg_1/block_1_depthwise_BN_1/moving_variance/AssignAdd,0.1073986291885376
block_1_project_1/random_uniform,0.11171518053327288
block_1_project_BN_1/range,0.11214486757914226
block_1_project_BN_1/AssignMovingAvg/block_1_project_BN_1/moving_mean/AssignAdd,0.10686302185058594
block_1_project_BN_1/AssignMovingAvg_1/block_1_project_BN_1/moving_variance/AssignAdd,0.11164331436157227
block_2_expand_1/random_uniform,0.11582739012581962
block_2_expand_BN_1/range,0.11602290471394856
block_2_expand_BN_1/AssignMovingAvg/block_2_expand_BN_1/moving_mean/AssignAdd,0.12213993072509766
block_2_expand_BN_1/AssignMovingAvg_1/block_2_expand_BN_1/moving_variance/AssignAdd,0.1134575605392456
block_2_depthwise_1/random_uniform,0.11563113757542201
block_2_depthwise_BN_1/range,0.10955389340718587
block_2_depthwise_BN_1/AssignMovingAvg/block_2_depthwise_BN_1/moving_mean/AssignAdd,0.11130154132843018
block_2_depthwise_BN_1/AssignMovingAvg_1/block_2_depthwise_BN_1/moving_variance/AssignAdd,0.11400628089904785
block_2_project_1/random_uniform,0.11019345692225865
block_2_project_BN_1/range,0.10776742299397786
block_2_project_BN_1/AssignMovingAvg/block_2_project_BN_1/moving_mean/AssignAdd,0.10717988014221191
block_2_project_BN_1/AssignMovingAvg_1/block_2_project_BN_1/moving_variance/AssignAdd,0.11640048027038574
block_3_expand_1/random_uniform,0.10976134027753558
block_3_expand_BN_1/range,0.10983236630757649
block_3_expand_BN_1/AssignMovingAvg/block_3_expand_BN_1/moving_mean/AssignAdd,0.11543667316436766
block_3_expand_BN_1/AssignMovingAvg_1/block_3_expand_BN_1/moving_variance/AssignAdd,0.11516368389129639
block_3_depthwise_1/random_uniform,0.11153606006077357
block_3_depthwise_BN_1/range,0.11209702491760254
block_3_depthwise_BN_1/AssignMovingAvg/block_3_depthwise_BN_1/moving_mean/AssignAdd,0.10744059085845947
block_3_depthwise_BN_1/AssignMovingAvg_1/block_3_depthwise_BN_1/moving_variance/AssignAdd,0.10998451709747314
block_3_project_1/random_uniform,0.1102762222290039
block_3_project_BN_1/range,0.10684466361999512
block_3_project_BN_1/AssignMovingAvg/block_3_project_BN_1/moving_mean/AssignAdd,0.10704684257507324
block_3_project_BN_1/AssignMovingAvg_1/block_3_project_BN_1/moving_variance/AssignAdd,0.11343753337860107
block_4_expand_1/random_uniform,0.11150056975228446
block_4_expand_BN_1/range,0.10821986198425293
block_4_expand_BN_1/AssignMovingAvg/block_4_expand_BN_1/moving_mean/AssignAdd,0.11783850193023682
block_4_expand_BN_1/AssignMovingAvg_1/block_4_expand_BN_1/moving_variance/AssignAdd,0.10835611820220947
block_4_depthwise_1/random_uniform,0.1154369626726423
block_4_depthwise_BN_1/range,0.10801815986633301
block_4_depthwise_BN_1/AssignMovingAvg/block_4_depthwise_BN_1/moving_mean/AssignAdd,0.10817325115203857
block_4_depthwise_BN_1/AssignMovingAvg_1/block_4_depthwise_BN_1/moving_variance/AssignAdd,0.10994350910186768
block_4_project_1/random_uniform,0.11024471691676549
block_4_project_BN_1/range,0.11050717035929362
block_4_project_BN_1/AssignMovingAvg/block_4_project_BN_1/moving_mean/AssignAdd,0.11347794532775878
block_4_project_BN_1/AssignMovingAvg_1/block_4_project_BN_1/moving_variance/AssignAdd,0.11608266830444336
block_5_expand_1/random_uniform,0.11404878752572196
block_5_expand_BN_1/range,0.1123662789662679
block_5_expand_BN_1/AssignMovingAvg/block_5_expand_BN_1/moving_mean/AssignAdd,0.11805248260498047
block_5_expand_BN_1/AssignMovingAvg_1/block_5_expand_BN_1/moving_variance/AssignAdd,0.1198199987411499
block_5_depthwise_1/random_uniform,0.11395042283194405
block_5_depthwise_BN_1/range,0.11389040946960449
block_5_depthwise_BN_1/AssignMovingAvg/block_5_depthwise_BN_1/moving_mean/AssignAdd,0.11413419246673584
block_5_depthwise_BN_1/AssignMovingAvg_1/block_5_depthwise_BN_1/moving_variance/AssignAdd,0.11556637287139894
block_5_project_1/random_uniform,0.10929134913853236
block_5_project_BN_1/range,0.12093003590901692
block_5_project_BN_1/AssignMovingAvg/block_5_project_BN_1/moving_mean/AssignAdd,0.11786997318267822
block_5_project_BN_1/AssignMovingAvg_1/block_5_project_BN_1/moving_variance/AssignAdd,0.12220609188079835
block_6_expand_1/random_uniform,0.11340437616620745
block_6_expand_BN_1/range,0.1186388333638509
block_6_expand_BN_1/AssignMovingAvg/block_6_expand_BN_1/moving_mean/AssignAdd,0.11778044700622557
block_6_expand_BN_1/AssignMovingAvg_1/block_6_expand_BN_1/moving_variance/AssignAdd,0.11047923564910889
block_6_depthwise_1/random_uniform,0.11191068376813616
block_6_depthwise_BN_1/range,0.11323094367980957
block_6_depthwise_BN_1/AssignMovingAvg/block_6_depthwise_BN_1/moving_mean/AssignAdd,0.11064672470092773
block_6_depthwise_BN_1/AssignMovingAvg_1/block_6_depthwise_BN_1/moving_variance/AssignAdd,0.10959315299987793
block_6_project_1/random_uniform,0.11235621997288295
block_6_project_BN_1/range,0.11190072695414226
block_6_project_BN_1/AssignMovingAvg/block_6_project_BN_1/moving_mean/AssignAdd,0.11181271076202393
block_6_project_BN_1/AssignMovingAvg_1/block_6_project_BN_1/moving_variance/AssignAdd,0.11847233772277832
block_7_expand_1/random_uniform,0.11473410470145089
block_7_expand_BN_1/range,0.12087074915568034
block_7_expand_BN_1/AssignMovingAvg/block_7_expand_BN_1/moving_mean/AssignAdd,0.11643803119659424
block_7_expand_BN_1/AssignMovingAvg_1/block_7_expand_BN_1/moving_variance/AssignAdd,0.11201918125152588
block_7_depthwise_1/random_uniform,0.11671938214983259
block_7_depthwise_BN_1/range,0.11233917872111003
block_7_depthwise_BN_1/AssignMovingAvg/block_7_depthwise_BN_1/moving_mean/AssignAdd,0.11402869224548338
block_7_depthwise_BN_1/AssignMovingAvg_1/block_7_depthwise_BN_1/moving_variance/AssignAdd,0.11653113365173338
block_7_project_1/random_uniform,0.12183795656476702
block_7_project_BN_1/range,0.10759989420572917
block_7_project_BN_1/AssignMovingAvg/block_7_project_BN_1/moving_mean/AssignAdd,0.11145913600921631
block_7_project_BN_1/AssignMovingAvg_1/block_7_project_BN_1/moving_variance/AssignAdd,0.10923898220062256
block_8_expand_1/random_uniform,0.11946443149021693
block_8_expand_BN_1/range,0.11657222112019856
block_8_expand_BN_1/AssignMovingAvg/block_8_expand_BN_1/moving_mean/AssignAdd,0.1254035234451294
block_8_expand_BN_1/AssignMovingAvg_1/block_8_expand_BN_1/moving_variance/AssignAdd,0.1172105073928833
block_8_depthwise_1/random_uniform,0.11371643202645439
block_8_depthwise_BN_1/range,0.11140147844950359
block_8_depthwise_BN_1/AssignMovingAvg/block_8_depthwise_BN_1/moving_mean/AssignAdd,0.12401807308197021
block_8_depthwise_BN_1/AssignMovingAvg_1/block_8_depthwise_BN_1/moving_variance/AssignAdd,0.11424756050109863
block_8_project_1/random_uniform,0.12290096282958984
block_8_project_BN_1/range,0.12192161877950032
block_8_project_BN_1/AssignMovingAvg/block_8_project_BN_1/moving_mean/AssignAdd,0.11249256134033203
block_8_project_BN_1/AssignMovingAvg_1/block_8_project_BN_1/moving_variance/AssignAdd,0.12089133262634277
block_9_expand_1/random_uniform,0.11662575176783971
block_9_expand_BN_1/range,0.11802355448404948
block_9_expand_BN_1/AssignMovingAvg/block_9_expand_BN_1/moving_mean/AssignAdd,0.11625254154205322
block_9_expand_BN_1/AssignMovingAvg_1/block_9_expand_BN_1/moving_variance/AssignAdd,0.12078237533569336
block_9_depthwise_1/random_uniform,0.12041153226579938
block_9_depthwise_BN_1/range,0.11294110616048177
block_9_depthwise_BN_1/AssignMovingAvg/block_9_depthwise_BN_1/moving_mean/AssignAdd,0.10983443260192872
block_9_depthwise_BN_1/AssignMovingAvg_1/block_9_depthwise_BN_1/moving_variance/AssignAdd,0.12172496318817139
block_9_project_1/random_uniform,0.11873214585440499
block_9_project_BN_1/range,0.1156153678894043
block_9_project_BN_1/AssignMovingAvg/block_9_project_BN_1/moving_mean/AssignAdd,0.11289489269256592
block_9_project_BN_1/AssignMovingAvg_1/block_9_project_BN_1/moving_variance/AssignAdd,0.11389577388763429
block_10_expand_1/random_uniform,0.1156524590083531
block_10_expand_BN_1/range,0.11911646525065105
block_10_expand_BN_1/AssignMovingAvg/block_10_expand_BN_1/moving_mean/AssignAdd,0.11252498626708984
block_10_expand_BN_1/AssignMovingAvg_1/block_10_expand_BN_1/moving_variance/AssignAdd,0.11651325225830078
block_10_depthwise_1/random_uniform,0.10962959698268346
block_10_depthwise_BN_1/range,0.11259945233662923
block_10_depthwise_BN_1/AssignMovingAvg/block_10_depthwise_BN_1/moving_mean/AssignAdd,0.11170303821563721
block_10_depthwise_BN_1/AssignMovingAvg_1/block_10_depthwise_BN_1/moving_variance/AssignAdd,0.11239337921142578
block_10_project_1/random_uniform,0.1129300594329834
block_10_project_BN_1/range,0.11272041002909343
block_10_project_BN_1/AssignMovingAvg/block_10_project_BN_1/moving_mean/AssignAdd,0.11280798912048341
block_10_project_BN_1/AssignMovingAvg_1/block_10_project_BN_1/moving_variance/AssignAdd,0.11220824718475342
block_11_expand_1/random_uniform,0.11970400810241699
block_11_expand_BN_1/range,0.11908555030822754
block_11_expand_BN_1/AssignMovingAvg/block_11_expand_BN_1/moving_mean/AssignAdd,0.11084187030792236
block_11_expand_BN_1/AssignMovingAvg_1/block_11_expand_BN_1/moving_variance/AssignAdd,0.11385667324066162
block_11_depthwise_1/random_uniform,0.11129747118268694
block_11_depthwise_BN_1/range,0.11892000834147136
block_11_depthwise_BN_1/AssignMovingAvg/block_11_depthwise_BN_1/moving_mean/AssignAdd,0.11272966861724854
block_11_depthwise_BN_1/AssignMovingAvg_1/block_11_depthwise_BN_1/moving_variance/AssignAdd,0.11314713954925537
block_11_project_1/random_uniform,0.12155508995056152
block_11_project_BN_1/range,0.11262687047322589
block_11_project_BN_1/AssignMovingAvg/block_11_project_BN_1/moving_mean/AssignAdd,0.11311876773834229
block_11_project_BN_1/AssignMovingAvg_1/block_11_project_BN_1/moving_variance/AssignAdd,0.11486613750457764
block_12_expand_1/random_uniform,0.11372429983956474
block_12_expand_BN_1/range,0.1160748799641927
block_12_expand_BN_1/AssignMovingAvg/block_12_expand_BN_1/moving_mean/AssignAdd,0.11360728740692139
block_12_expand_BN_1/AssignMovingAvg_1/block_12_expand_BN_1/moving_variance/AssignAdd,0.12118935585021971
block_12_depthwise_1/random_uniform,0.11417126655578613
block_12_depthwise_BN_1/range,0.11524653434753418
block_12_depthwise_BN_1/AssignMovingAvg/block_12_depthwise_BN_1/moving_mean/AssignAdd,0.1127023696899414
block_12_depthwise_BN_1/AssignMovingAvg_1/block_12_depthwise_BN_1/moving_variance/AssignAdd,0.1194303035736084
block_12_project_1/random_uniform,0.11389858382088798
block_12_project_BN_1/range,0.12207285563151042
block_12_project_BN_1/AssignMovingAvg/block_12_project_BN_1/moving_mean/AssignAdd,0.1121363639831543
block_12_project_BN_1/AssignMovingAvg_1/block_12_project_BN_1/moving_variance/AssignAdd,0.10812294483184814
block_13_expand_1/random_uniform,0.11216882296970912
block_13_expand_BN_1/range,0.11599183082580566
block_13_expand_BN_1/AssignMovingAvg/block_13_expand_BN_1/moving_mean/AssignAdd,0.1195605993270874
block_13_expand_BN_1/AssignMovingAvg_1/block_13_expand_BN_1/moving_variance/AssignAdd,0.11861860752105713
block_13_depthwise_1/random_uniform,0.11376816885811943
block_13_depthwise_BN_1/range,0.10922177632649739
block_13_depthwise_BN_1/AssignMovingAvg/block_13_depthwise_BN_1/moving_mean/AssignAdd,0.11304068565368652
block_13_depthwise_BN_1/AssignMovingAvg_1/block_13_depthwise_BN_1/moving_variance/AssignAdd,0.1171576976776123
block_13_project_1/random_uniform,0.11981565611703056
block_13_project_BN_1/range,0.1138470967610677
block_13_project_BN_1/AssignMovingAvg/block_13_project_BN_1/moving_mean/AssignAdd,0.11576354503631592
block_13_project_BN_1/AssignMovingAvg_1/block_13_project_BN_1/moving_variance/AssignAdd,0.1201019287109375
block_14_expand_1/random_uniform,0.11277576855250768
block_14_expand_BN_1/range,0.1203778584798177
block_14_expand_BN_1/AssignMovingAvg/block_14_expand_BN_1/moving_mean/AssignAdd,0.12471675872802734
block_14_expand_BN_1/AssignMovingAvg_1/block_14_expand_BN_1/moving_variance/AssignAdd,0.11352026462554932
block_14_depthwise_1/random_uniform,0.11528280803135463
block_14_depthwise_BN_1/range,0.11321155230204265
block_14_depthwise_BN_1/AssignMovingAvg/block_14_depthwise_BN_1/moving_mean/AssignAdd,0.11626827716827393
block_14_depthwise_BN_1/AssignMovingAvg_1/block_14_depthwise_BN_1/moving_variance/AssignAdd,0.11177587509155273
block_14_project_1/random_uniform,0.11222750799996513
block_14_project_BN_1/range,0.10800433158874512
block_14_project_BN_1/AssignMovingAvg/block_14_project_BN_1/moving_mean/AssignAdd,0.12078642845153809
block_14_project_BN_1/AssignMovingAvg_1/block_14_project_BN_1/moving_variance/AssignAdd,0.12152445316314697
block_15_expand_1/random_uniform,0.11697462626865932
block_15_expand_BN_1/range,0.11964901288350423
block_15_expand_BN_1/AssignMovingAvg/block_15_expand_BN_1/moving_mean/AssignAdd,0.11483728885650635
block_15_expand_BN_1/AssignMovingAvg_1/block_15_expand_BN_1/moving_variance/AssignAdd,0.1163398027420044
block_15_depthwise_1/random_uniform,0.11316745621817452
block_15_depthwise_BN_1/range,0.1129611333211263
block_15_depthwise_BN_1/AssignMovingAvg/block_15_depthwise_BN_1/moving_mean/AssignAdd,0.11528396606445312
block_15_depthwise_BN_1/AssignMovingAvg_1/block_15_depthwise_BN_1/moving_variance/AssignAdd,0.11297667026519775
block_15_project_1/random_uniform,0.11935475894383021
block_15_project_BN_1/range,0.11448899904886882
block_15_project_BN_1/AssignMovingAvg/block_15_project_BN_1/moving_mean/AssignAdd,0.11499655246734619
block_15_project_BN_1/AssignMovingAvg_1/block_15_project_BN_1/moving_variance/AssignAdd,0.11493837833404541
block_16_expand_1/random_uniform,0.110811676297869
block_16_expand_BN_1/range,0.1107930342356364
block_16_expand_BN_1/AssignMovingAvg/block_16_expand_BN_1/moving_mean/AssignAdd,0.11106395721435547
block_16_expand_BN_1/AssignMovingAvg_1/block_16_expand_BN_1/moving_variance/AssignAdd,0.12045156955718994
block_16_depthwise_1/random_uniform,0.11368247440883092
block_16_depthwise_BN_1/range,0.10761364301045735
block_16_depthwise_BN_1/AssignMovingAvg/block_16_depthwise_BN_1/moving_mean/AssignAdd,0.11204969882965088
block_16_depthwise_BN_1/AssignMovingAvg_1/block_16_depthwise_BN_1/moving_variance/AssignAdd,0.12095856666564941
block_16_project_1/random_uniform,0.11464204107012069
block_16_project_BN_1/range,0.11432250340779622
block_16_project_BN_1/AssignMovingAvg/block_16_project_BN_1/moving_mean/AssignAdd,0.11995983123779297
block_16_project_BN_1/AssignMovingAvg_1/block_16_project_BN_1/moving_variance/AssignAdd,0.11764955520629881
Conv_1_1/random_uniform,0.11826889855521065
Conv_1_bn_1/range,0.12221837043762207
Conv_1_bn_1/AssignMovingAvg/Conv_1_bn_1/moving_mean/zeros,0.11073867479960124
Conv_1_bn_1/AssignMovingAvg/Conv_1_bn_1/moving_mean/AssignAdd,0.11444485187530518
Conv_1_bn_1/AssignMovingAvg_1/Conv_1_bn_1/moving_variance/zeros,0.12130069732666016
Conv_1_bn_1/AssignMovingAvg_1/Conv_1_bn_1/moving_variance/AssignAdd,0.11177492141723633
predictions_1/random_uniform,0.11436033248901367
loss_1/predictions_loss/sub,0.10744106769561768
training_1/SGD/gradients/loss_1/predictions_loss/Mean_2_grad/Reshape,0.1100330352783203
training_1/SGD/gradients/loss_1/predictions_loss/Mean_2_grad/Maximum,0.11814248561859131
training_1/SGD/gradients/loss_1/predictions_loss/Mean_grad/range,0.11334673563639323
training_1/SGD/gradients/loss_1/predictions_loss/Mean_grad/Fill,0.1148827075958252
training_1/SGD/gradients/loss_1/predictions_loss/Sum_1_grad/range,0.1098650296529134
training_1/SGD/gradients/loss_1/predictions_loss/Sum_1_grad/Fill,0.10721683502197266
training_1/SGD/gradients/loss_1/predictions_loss/Sum_grad/range,0.11916478474934895
training_1/SGD/gradients/loss_1/predictions_loss/Sum_grad/Fill,0.11557877063751221
training_1/SGD/AssignAdd,0.11775660514831543
training_1/SGD/zeros,0.11844396591186523
