OperationName,Average Time taken by all ops starting with it
global_step,0.0327721323285784
images,0.05977312723795574
resnet_model/transpose,0.032906532287597656
resnet_model/Pad,0.09215539977664039
resnet_model/conv2d/kernel/Initializer/truncated_normal,0.034927705923716225
resnet_model/conv2d/kernel,0.0346230058109059
resnet_model/batch_normalization/gamma,0.031731912067958286
resnet_model/batch_normalization/beta,0.033260038920811245
resnet_model/batch_normalization/moving_mean,0.032462051936558316
resnet_model/batch_normalization/moving_variance,0.0326922961643764
resnet_model/conv2d_1/kernel/Initializer/truncated_normal,0.033246795336405434
resnet_model/conv2d_1/kernel,0.03365906547097599
resnet_model/conv2d_2/kernel/Initializer/truncated_normal,0.03312756617863973
resnet_model/conv2d_2/kernel,0.033158119987039006
resnet_model/batch_normalization_1/gamma,0.0333737986428397
resnet_model/batch_normalization_1/beta,0.03369205338614328
resnet_model/batch_normalization_1/moving_mean,0.03283718654087612
resnet_model/batch_normalization_1/moving_variance,0.03233419145856585
resnet_model/conv2d_3/kernel/Initializer/truncated_normal,0.03359850247701009
resnet_model/conv2d_3/kernel,0.033698081970214844
resnet_model/batch_normalization_2/gamma,0.03270796367100307
resnet_model/batch_normalization_2/beta,0.033398491995675225
resnet_model/batch_normalization_2/moving_mean,0.03421756199428013
resnet_model/batch_normalization_2/moving_variance,0.032835381371634345
resnet_model/conv2d_4/kernel/Initializer/truncated_normal,0.03468467791875204
resnet_model/conv2d_4/kernel,0.03489955733804142
resnet_model/batch_normalization_3/gamma,0.03373513902936663
resnet_model/batch_normalization_3/beta,0.03256045069013323
resnet_model/batch_normalization_3/moving_mean,0.0330742427280971
resnet_model/batch_normalization_3/moving_variance,0.03316044807434082
resnet_model/conv2d_5/kernel/Initializer/truncated_normal,0.033599257469177246
resnet_model/conv2d_5/kernel,0.03368815253762638
resnet_model/batch_normalization_4/gamma,0.03431143079485212
resnet_model/batch_normalization_4/beta,0.032454490661621094
resnet_model/batch_normalization_4/moving_mean,0.032863106046404154
resnet_model/batch_normalization_4/moving_variance,0.03307124546595982
resnet_model/conv2d_6/kernel/Initializer/truncated_normal,0.03482246398925781
resnet_model/conv2d_6/kernel,0.03486508481642779
resnet_model/batch_normalization_5/gamma,0.03333626474652972
resnet_model/batch_normalization_5/beta,0.033469949449811666
resnet_model/batch_normalization_5/moving_mean,0.032968793596540175
resnet_model/batch_normalization_5/moving_variance,0.033315999167306085
resnet_model/conv2d_7/kernel/Initializer/truncated_normal,0.03509795665740967
resnet_model/conv2d_7/kernel,0.03469228744506836
resnet_model/batch_normalization_6/gamma,0.03458796228681292
resnet_model/batch_normalization_6/beta,0.03529214859008789
resnet_model/batch_normalization_6/moving_mean,0.034079790115356445
resnet_model/batch_normalization_6/moving_variance,0.033679417201450894
resnet_model/conv2d_8/kernel/Initializer/truncated_normal,0.03380560874938965
resnet_model/conv2d_8/kernel,0.03430006083320169
resnet_model/batch_normalization_7/gamma,0.033889872687203546
resnet_model/batch_normalization_7/beta,0.03377083369663784
resnet_model/batch_normalization_7/moving_mean,0.03451987675258091
resnet_model/batch_normalization_7/moving_variance,0.03470666067940848
resnet_model/conv2d_9/kernel/Initializer/truncated_normal,0.035276214281717934
resnet_model/conv2d_9/kernel,0.035163037917193246
resnet_model/batch_normalization_8/gamma,0.03485979352678571
resnet_model/batch_normalization_8/beta,0.03331783839634487
resnet_model/batch_normalization_8/moving_mean,0.03394314220973423
resnet_model/batch_normalization_8/moving_variance,0.034184626170567105
resnet_model/conv2d_10/kernel/Initializer/truncated_normal,0.034629642963409424
resnet_model/conv2d_10/kernel,0.034554327235502356
resnet_model/batch_normalization_9/gamma,0.03550032206944057
resnet_model/batch_normalization_9/beta,0.03497607367379325
resnet_model/batch_normalization_9/moving_mean,0.03329556328909738
resnet_model/batch_normalization_9/moving_variance,0.03291572843279157
resnet_model/Pad_1,0.06634100278218587
resnet_model/conv2d_11/kernel/Initializer/truncated_normal,0.03437364101409912
resnet_model/conv2d_11/kernel,0.034594423630658316
resnet_model/conv2d_12/kernel/Initializer/truncated_normal,0.03371498982111613
resnet_model/conv2d_12/kernel,0.03383135795593262
resnet_model/batch_normalization_10/gamma,0.036607606070382256
resnet_model/batch_normalization_10/beta,0.03467304365975516
resnet_model/batch_normalization_10/moving_mean,0.03343449320111956
resnet_model/batch_normalization_10/moving_variance,0.03352584157671247
resnet_model/Pad_2,0.06812675793965657
resnet_model/conv2d_13/kernel/Initializer/truncated_normal,0.03457810481389364
resnet_model/conv2d_13/kernel,0.03451665710000431
resnet_model/batch_normalization_11/gamma,0.03479507991245815
resnet_model/batch_normalization_11/beta,0.03484565871102469
resnet_model/batch_normalization_11/moving_mean,0.034294298716953824
resnet_model/batch_normalization_11/moving_variance,0.03450550351824079
resnet_model/conv2d_14/kernel/Initializer/truncated_normal,0.03439044952392578
resnet_model/conv2d_14/kernel,0.03413278916302849
resnet_model/batch_normalization_12/gamma,0.035154683249337335
resnet_model/batch_normalization_12/beta,0.034004075186593194
resnet_model/batch_normalization_12/moving_mean,0.03385434831891741
resnet_model/batch_normalization_12/moving_variance,0.03452645029340472
resnet_model/conv2d_15/kernel/Initializer/truncated_normal,0.03602882226308187
resnet_model/conv2d_15/kernel,0.03581738471984863
resnet_model/batch_normalization_13/gamma,0.03574146543230329
resnet_model/batch_normalization_13/beta,0.03375727789742606
resnet_model/batch_normalization_13/moving_mean,0.03355939047677176
resnet_model/batch_normalization_13/moving_variance,0.032918998173304966
resnet_model/conv2d_16/kernel/Initializer/truncated_normal,0.03402000665664673
resnet_model/conv2d_16/kernel,0.03429163203519933
resnet_model/batch_normalization_14/gamma,0.03428850855146136
resnet_model/batch_normalization_14/beta,0.034029177256992886
resnet_model/batch_normalization_14/moving_mean,0.034197637013026645
resnet_model/batch_normalization_14/moving_variance,0.03471861566816058
resnet_model/conv2d_17/kernel/Initializer/truncated_normal,0.034244418144226074
resnet_model/conv2d_17/kernel,0.034165228114408606
resnet_model/batch_normalization_15/gamma,0.03384855815342495
resnet_model/batch_normalization_15/beta,0.033197947910853794
resnet_model/batch_normalization_15/moving_mean,0.03372223036629813
resnet_model/batch_normalization_15/moving_variance,0.033790009362357
resnet_model/conv2d_18/kernel/Initializer/truncated_normal,0.03587545951207479
resnet_model/conv2d_18/kernel,0.035719955668729896
resnet_model/batch_normalization_16/gamma,0.034641265869140625
resnet_model/batch_normalization_16/beta,0.03378227778843471
resnet_model/batch_normalization_16/moving_mean,0.033035073961530416
resnet_model/batch_normalization_16/moving_variance,0.033481325422014506
resnet_model/conv2d_19/kernel/Initializer/truncated_normal,0.03381836414337158
resnet_model/conv2d_19/kernel,0.03408946710474351
resnet_model/batch_normalization_17/gamma,0.03531108583722796
resnet_model/batch_normalization_17/beta,0.03346289907182966
resnet_model/batch_normalization_17/moving_mean,0.03381773403712681
resnet_model/batch_normalization_17/moving_variance,0.0354529789515904
resnet_model/conv2d_20/kernel/Initializer/truncated_normal,0.03348525365193685
resnet_model/conv2d_20/kernel,0.03406120749080882
resnet_model/batch_normalization_18/gamma,0.03399825096130371
resnet_model/batch_normalization_18/beta,0.034026963370186944
resnet_model/batch_normalization_18/moving_mean,0.0327831677028111
resnet_model/batch_normalization_18/moving_variance,0.034147603171212335
resnet_model/conv2d_21/kernel/Initializer/truncated_normal,0.03552788496017456
resnet_model/conv2d_21/kernel,0.0352627810309915
resnet_model/batch_normalization_19/gamma,0.034058638981410434
resnet_model/batch_normalization_19/beta,0.033826589584350586
resnet_model/batch_normalization_19/moving_mean,0.033094440187726705
resnet_model/batch_normalization_19/moving_variance,0.03381487301417759
resnet_model/conv2d_22/kernel/Initializer/truncated_normal,0.03425522645314535
resnet_model/conv2d_22/kernel,0.03482996716218836
resnet_model/batch_normalization_20/gamma,0.03511960165841239
resnet_model/batch_normalization_20/beta,0.03494266101292202
resnet_model/batch_normalization_20/moving_mean,0.03361736025129046
resnet_model/batch_normalization_20/moving_variance,0.03325166021074567
resnet_model/conv2d_23/kernel/Initializer/truncated_normal,0.03468841314315796
resnet_model/conv2d_23/kernel,0.03461314650142894
resnet_model/batch_normalization_21/gamma,0.03424007552010672
resnet_model/batch_normalization_21/beta,0.033386673246111186
resnet_model/batch_normalization_21/moving_mean,0.03414886338370187
resnet_model/batch_normalization_21/moving_variance,0.03497399602617536
resnet_model/Pad_3,0.09812386830647786
resnet_model/conv2d_24/kernel/Initializer/truncated_normal,0.034371256828308105
resnet_model/conv2d_24/kernel,0.034482507144703585
resnet_model/conv2d_25/kernel/Initializer/truncated_normal,0.03457283973693848
resnet_model/conv2d_25/kernel,0.034767810036154354
resnet_model/batch_normalization_22/gamma,0.034219094685145786
resnet_model/batch_normalization_22/beta,0.03448772430419922
resnet_model/batch_normalization_22/moving_mean,0.03454286711556571
resnet_model/batch_normalization_22/moving_variance,0.0338876588003976
resnet_model/Pad_4,0.10065595308939616
resnet_model/conv2d_26/kernel/Initializer/truncated_normal,0.034733434518178306
resnet_model/conv2d_26/kernel,0.03508312561932732
resnet_model/batch_normalization_23/gamma,0.034537553787231445
resnet_model/batch_normalization_23/beta,0.03334808349609375
resnet_model/batch_normalization_23/moving_mean,0.03395458630153111
resnet_model/batch_normalization_23/moving_variance,0.03534293174743652
resnet_model/conv2d_27/kernel/Initializer/truncated_normal,0.03470313549041748
resnet_model/conv2d_27/kernel,0.03482367010677562
resnet_model/batch_normalization_24/gamma/Initializer/ones,0.03467480341593424
resnet_model/batch_normalization_24/gamma,0.03423064405267889
resnet_model/batch_normalization_24/beta/Initializer/zeros,0.03351740042368571
resnet_model/batch_normalization_24/beta,0.03356413407759233
resnet_model/batch_normalization_24/moving_mean/Initializer/zeros,0.03341225783030192
resnet_model/batch_normalization_24/moving_mean,0.03338209065524014
resnet_model/batch_normalization_24/moving_variance/Initializer/ones,0.03289262453715006
resnet_model/batch_normalization_24/moving_variance,0.0333227894522927
resnet_model/conv2d_28/kernel/Initializer/truncated_normal,0.034882167975107826
resnet_model/conv2d_28/kernel,0.03473751685198616
resnet_model/batch_normalization_25/gamma,0.03457726751055036
resnet_model/batch_normalization_25/beta,0.03314862932477679
resnet_model/batch_normalization_25/moving_mean,0.032706192561558316
resnet_model/batch_normalization_25/moving_variance,0.03316637447902134
resnet_model/conv2d_29/kernel/Initializer/truncated_normal,0.03520447015762329
resnet_model/conv2d_29/kernel,0.03550870278302361
resnet_model/batch_normalization_26/gamma,0.033752305167061944
resnet_model/batch_normalization_26/beta,0.03331480707441058
resnet_model/batch_normalization_26/moving_mean,0.033436673028128486
resnet_model/batch_normalization_26/moving_variance,0.03400731086730957
resnet_model/conv2d_30/kernel/Initializer/truncated_normal,0.034886181354522705
resnet_model/conv2d_30/kernel,0.03513029042412253
resnet_model/batch_normalization_27/gamma/Initializer/ones,0.03649747371673584
resnet_model/batch_normalization_27/gamma,0.03559255599975586
resnet_model/batch_normalization_27/beta/Initializer/zeros,0.033987204233805336
resnet_model/batch_normalization_27/beta,0.034199649637395683
resnet_model/batch_normalization_27/moving_mean/Initializer/zeros,0.03415501117706299
resnet_model/batch_normalization_27/moving_mean,0.03421336954290217
resnet_model/batch_normalization_27/moving_variance/Initializer/ones,0.03411038716634115
resnet_model/batch_normalization_27/moving_variance,0.03523629361932928
resnet_model/conv2d_31/kernel/Initializer/truncated_normal,0.03462280829747518
resnet_model/conv2d_31/kernel,0.034606400658102596
resnet_model/batch_normalization_28/gamma,0.03542777470179966
resnet_model/batch_normalization_28/beta,0.03432995932442801
resnet_model/batch_normalization_28/moving_mean,0.03358323233468192
resnet_model/batch_normalization_28/moving_variance,0.033822877066476006
resnet_model/conv2d_32/kernel/Initializer/truncated_normal,0.03493634859720866
resnet_model/conv2d_32/kernel,0.035070096745210534
resnet_model/batch_normalization_29/gamma,0.03900000027247837
resnet_model/batch_normalization_29/beta,0.03850783620561872
resnet_model/batch_normalization_29/moving_mean,0.038533108575003486
resnet_model/batch_normalization_29/moving_variance,0.03927949496677944
resnet_model/conv2d_33/kernel/Initializer/truncated_normal,0.034499009450276695
resnet_model/conv2d_33/kernel,0.03473699794096105
resnet_model/batch_normalization_30/gamma/Initializer/ones,0.03569571177164713
resnet_model/batch_normalization_30/gamma,0.035463138060136276
resnet_model/batch_normalization_30/beta/Initializer/zeros,0.03379484017690023
resnet_model/batch_normalization_30/beta,0.03366156057877974
resnet_model/batch_normalization_30/moving_mean/Initializer/zeros,0.03351545333862305
resnet_model/batch_normalization_30/moving_mean,0.03389776836742054
resnet_model/batch_normalization_30/moving_variance/Initializer/ones,0.034402688344319664
resnet_model/batch_normalization_30/moving_variance,0.03490770946849476
resnet_model/conv2d_34/kernel/Initializer/truncated_normal,0.034813364346822105
resnet_model/conv2d_34/kernel,0.03489403163685518
resnet_model/batch_normalization_31/gamma,0.034989731652396064
resnet_model/batch_normalization_31/beta,0.034320252282278876
resnet_model/batch_normalization_31/moving_mean,0.03440499305725098
resnet_model/batch_normalization_31/moving_variance,0.034759317125592916
resnet_model/conv2d_35/kernel/Initializer/truncated_normal,0.034379005432128906
resnet_model/conv2d_35/kernel,0.035198520211612475
resnet_model/batch_normalization_32/gamma,0.035086052758353095
resnet_model/batch_normalization_32/beta,0.03382842881338937
resnet_model/batch_normalization_32/moving_mean,0.03361449922834124
resnet_model/batch_normalization_32/moving_variance,0.03431027276175363
resnet_model/conv2d_36/kernel/Initializer/truncated_normal,0.0342897375424703
resnet_model/conv2d_36/kernel,0.03476285934448242
resnet_model/batch_normalization_33/gamma/Initializer/ones,0.0336612860361735
resnet_model/batch_normalization_33/gamma,0.03305417841131037
resnet_model/batch_normalization_33/beta/Initializer/zeros,0.03345835208892822
resnet_model/batch_normalization_33/beta,0.03345446153120561
resnet_model/batch_normalization_33/moving_mean/Initializer/zeros,0.033620317776997886
resnet_model/batch_normalization_33/moving_mean,0.03378471461209384
resnet_model/batch_normalization_33/moving_variance/Initializer/ones,0.032482663790384926
resnet_model/batch_normalization_33/moving_variance,0.03308673338456587
resnet_model/conv2d_37/kernel/Initializer/truncated_normal,0.03643771012624105
resnet_model/conv2d_37/kernel,0.03639101982116699
resnet_model/batch_normalization_34/gamma,0.033991609300885885
resnet_model/batch_normalization_34/beta,0.03427665574210031
resnet_model/batch_normalization_34/moving_mean,0.033924715859549384
resnet_model/batch_normalization_34/moving_variance,0.0340508052280971
resnet_model/conv2d_38/kernel/Initializer/truncated_normal,0.035537262757619224
resnet_model/conv2d_38/kernel,0.036263129290412456
resnet_model/batch_normalization_35/gamma,0.034527676446097236
resnet_model/batch_normalization_35/beta,0.03476541382925851
resnet_model/batch_normalization_35/moving_mean,0.03454133442470005
resnet_model/batch_normalization_35/moving_variance,0.03332444599696568
resnet_model/conv2d_39/kernel/Initializer/truncated_normal,0.03401660919189453
resnet_model/conv2d_39/kernel,0.03476616915534524
resnet_model/batch_normalization_36/gamma/Initializer/ones,0.03529747327168783
resnet_model/batch_normalization_36/gamma,0.03498716787858443
resnet_model/batch_normalization_36/beta/Initializer/zeros,0.03390427430470785
resnet_model/batch_normalization_36/beta,0.0337950966574929
resnet_model/batch_normalization_36/moving_mean/Initializer/zeros,0.033810973167419434
resnet_model/batch_normalization_36/moving_mean,0.03399512984535911
resnet_model/batch_normalization_36/moving_variance/Initializer/ones,0.03390697638193766
resnet_model/batch_normalization_36/moving_variance,0.033938017758456146
resnet_model/conv2d_40/kernel/Initializer/truncated_normal,0.03530361255009969
resnet_model/conv2d_40/kernel,0.03543678451986874
resnet_model/batch_normalization_37/gamma,0.0349658557346889
resnet_model/batch_normalization_37/beta,0.035314628056117466
resnet_model/batch_normalization_37/moving_mean,0.03281235694885254
resnet_model/batch_normalization_37/moving_variance,0.03458241053989956
resnet_model/conv2d_41/kernel/Initializer/truncated_normal,0.034951368967692055
resnet_model/conv2d_41/kernel,0.03488448086906882
resnet_model/batch_normalization_38/gamma,0.03422042301722935
resnet_model/batch_normalization_38/beta,0.033956050872802734
resnet_model/batch_normalization_38/moving_mean,0.03515400205339704
resnet_model/batch_normalization_38/moving_variance,0.03479140145438058
resnet_model/conv2d_42/kernel/Initializer/truncated_normal,0.0345690647761027
resnet_model/conv2d_42/kernel,0.03452113095451804
resnet_model/batch_normalization_39/gamma/Initializer/ones,0.03427282969156901
resnet_model/batch_normalization_39/gamma,0.03546953201293945
resnet_model/batch_normalization_39/beta/Initializer/zeros,0.03561206658681234
resnet_model/batch_normalization_39/beta,0.034853978590531784
resnet_model/batch_normalization_39/moving_mean/Initializer/zeros,0.034294446309407554
resnet_model/batch_normalization_39/moving_mean,0.03393454985185103
resnet_model/batch_normalization_39/moving_variance/Initializer/ones,0.03380270799001058
resnet_model/batch_normalization_39/moving_variance,0.03421445326371626
resnet_model/Pad_5,0.1394481658935547
resnet_model/conv2d_43/kernel/Initializer/truncated_normal,0.036017775535583496
resnet_model/conv2d_43/kernel,0.03621721267700195
resnet_model/conv2d_44/kernel/Initializer/truncated_normal,0.03543374935785929
resnet_model/conv2d_44/kernel,0.035281742320341224
resnet_model/batch_normalization_40/gamma,0.03513499668666294
resnet_model/batch_normalization_40/beta,0.0333949157169887
resnet_model/batch_normalization_40/moving_mean,0.0339226382119315
resnet_model/batch_normalization_40/moving_variance,0.0347374507359096
resnet_model/Pad_6,0.1383995215098063
resnet_model/conv2d_45/kernel/Initializer/truncated_normal,0.0355835755666097
resnet_model/conv2d_45/kernel,0.035832573385799635
resnet_model/batch_normalization_41/gamma,0.034046173095703125
resnet_model/batch_normalization_41/beta,0.03479913302830288
resnet_model/batch_normalization_41/moving_mean,0.03586827005658831
resnet_model/batch_normalization_41/moving_variance,0.034237214497157505
resnet_model/conv2d_46/kernel/Initializer/truncated_normal,0.037312726179758705
resnet_model/conv2d_46/kernel,0.03707728666417739
resnet_model/batch_normalization_42/gamma/Initializer/ones,0.03398450215657552
resnet_model/batch_normalization_42/gamma,0.0344306772405451
resnet_model/batch_normalization_42/beta/Initializer/zeros,0.0342551072438558
resnet_model/batch_normalization_42/beta,0.0345176566730846
resnet_model/batch_normalization_42/moving_mean/Initializer/zeros,0.03391877810160319
resnet_model/batch_normalization_42/moving_mean,0.03410876880992542
resnet_model/batch_normalization_42/moving_variance/Initializer/ones,0.03415381908416748
resnet_model/batch_normalization_42/moving_variance,0.034584002061323685
resnet_model/conv2d_47/kernel/Initializer/truncated_normal,0.036605238914489746
resnet_model/conv2d_47/kernel,0.03674197196960449
resnet_model/batch_normalization_43/gamma,0.03512345041547503
resnet_model/batch_normalization_43/beta,0.03483891487121582
resnet_model/batch_normalization_43/moving_mean,0.033966064453125
resnet_model/batch_normalization_43/moving_variance,0.03436933244977679
resnet_model/conv2d_48/kernel/Initializer/truncated_normal,0.03851344188054403
resnet_model/conv2d_48/kernel,0.03786760218003217
resnet_model/batch_normalization_44/gamma,0.03464651107788086
resnet_model/batch_normalization_44/beta,0.03386691638401577
resnet_model/batch_normalization_44/moving_mean,0.03428030014038086
resnet_model/batch_normalization_44/moving_variance,0.03402284213474819
resnet_model/conv2d_49/kernel/Initializer/truncated_normal,0.03551556666692098
resnet_model/conv2d_49/kernel,0.03603305536157945
resnet_model/batch_normalization_45/gamma/Initializer/ones,0.03443757692972819
resnet_model/batch_normalization_45/gamma,0.03438943082636053
resnet_model/batch_normalization_45/beta/Initializer/zeros,0.03447190920511881
resnet_model/batch_normalization_45/beta,0.034637407823042435
resnet_model/batch_normalization_45/moving_mean/Initializer/zeros,0.033875107765197754
resnet_model/batch_normalization_45/moving_mean,0.034037113189697266
resnet_model/batch_normalization_45/moving_variance/Initializer/ones,0.035774429639180504
resnet_model/batch_normalization_45/moving_variance,0.03645814548839222
resnet_model/conv2d_50/kernel/Initializer/truncated_normal,0.03569624821345011
resnet_model/conv2d_50/kernel,0.03586717212901396
resnet_model/batch_normalization_46/gamma,0.0352940559387207
resnet_model/batch_normalization_46/beta,0.036106995173863
resnet_model/batch_normalization_46/moving_mean,0.037257603236607144
resnet_model/batch_normalization_46/moving_variance,0.035255568368094306
resnet_model/conv2d_51/kernel/Initializer/truncated_normal,0.03806279102961222
resnet_model/conv2d_51/kernel,0.03823615522945628
resnet_model/batch_normalization_47/gamma,0.03829390662057059
resnet_model/batch_normalization_47/beta,0.03663781711033413
resnet_model/batch_normalization_47/moving_mean,0.034872123173304966
resnet_model/batch_normalization_47/moving_variance,0.0346109185900007
resnet_model/conv2d_52/kernel/Initializer/truncated_normal,0.03530691067377726
resnet_model/conv2d_52/kernel,0.03558959680445054
resnet_model/batch_normalization_48/gamma/Initializer/ones,0.03473122914632162
resnet_model/batch_normalization_48/gamma,0.03464230624112216
resnet_model/batch_normalization_48/beta/Initializer/zeros,0.03387800852457682
resnet_model/batch_normalization_48/beta,0.03407565030184659
resnet_model/batch_normalization_48/moving_mean/Initializer/zeros,0.033751328786214195
resnet_model/batch_normalization_48/moving_mean,0.03479578278281472
resnet_model/batch_normalization_48/moving_variance/Initializer/ones,0.037510196367899575
resnet_model/batch_normalization_48/moving_variance,0.037371700460260567
resnet_model/Mean,0.15421795845031738
resnet_model/dense/kernel/Initializer/random_uniform,0.037649955068315775
resnet_model/dense/kernel,0.03737043079576994
resnet_model/dense/bias/Initializer/zeros,0.033954342206319175
resnet_model/dense/bias,0.03416783159429377
ArgMax,0.1570994853973389
