IMAGE Name,Original Class Name,Predictions On Original Images,Predictions On Perturbed Images
16. 25178.jpg,no_right_turn,no_right_turn,no_right_turn
22. usa-traffic-road-signs-no-right-turn-vector-21059672.jpg,no_right_turn,no_right_turn,no_right_turn
26. no-right-turn-symbol-sign.jpg,no_right_turn,no_right_turn,no_right_turn
36. no-right-turn-sign-womens-premium-t-shirt.jpg,no_right_turn,no_right_turn,100_speed
39. 41060253-indonesia-regulatory-sign-no-right-turn-.jpg,no_right_turn,no_right_turn,100_speed
4. no-right-turn.jpg,no_right_turn,no_right_turn,no_right_turn
40. no-right-turn-sign-british-road-sign--stock-photo-825071.jpg,no_right_turn,no_right_turn,no_right_turn
43. 30a8983c-5bed-4642-851a-36d36e6ec1cd-lg.jpg,no_right_turn,no_right_turn,no_right_turn
48. warning-traffic-signs-no-right-turn-vector-id483632028.jpg,no_right_turn,no_right_turn,no_right_turn
5. no_right_turn_20141016.jpg,no_right_turn,no_right_turn,100_speed
7. no-right-turn.jpg,no_right_turn,no_right_turn,no_right_turn
8. no_right_turn_symbol_sign-1286-1_1.jpg,no_right_turn,no_right_turn,no_right_turn
13. traffic-sign-a-hundred-100-miles-or-kilometers-per-hour-speed-limit-at2tw7.jpg,100_speed,100_speed,100_speed
16. c31-10.jpg,100_speed,100_speed,100_speed
2. maxsafe-600-x-600-speed-limit-100-sign.jpg,100_speed,100_speed,100_speed
21. 100-sign.jpg,100_speed,100_speed,100_speed
30. bs2432-100-speed-limit.jpg,100_speed,100_speed,100_speed
36. speed-limit-100-in-mexico-stock-photos_csp30370638.jpg,100_speed,100_speed,100_speed
4. maximum-speed-limit-100-sign-flat-icon-vector-14488033.jpg,100_speed,100_speed,100_speed
42. speed-limit-100-km-h.jpg,100_speed,100_speed,100_speed
68. traffic-sign-a-hundred-100-miles-or-kilometers-per-hour-speed-limit-at2ttd.jpg,100_speed,100_speed,100_speed
83. speed-limit-100-road-sign-against-blue-sky-mj9cwf.jpg,100_speed,100_speed,100_speed
92. 151757291.jpg,100_speed,100_speed,100_speed
Cropped1_100speed.JPG,100_speed,100_speed,100_speed
2. w1-1r-2__84208.1517515647.jpg,right_turn,right_turn,stop_sign
22. khk5854_3ks7494_630.jpg,right_turn,right_turn,right_turn
24. turn_right_sign_w1-1r_large.jpg,right_turn,right_turn,right_turn
26. 5164129-traffic-road-sign-with-right-turn-arrow-.jpg,right_turn,right_turn,right_turn
33. right-turn-sign-vector-2844110.jpg,right_turn,right_turn,no_right_turn
45. right-turn-yellow-traffic-sign-stock-photos_csp9830833.jpg,right_turn,right_turn,right_turn
85. right-turn-sign-vector-2808831.jpg,right_turn,right_turn,right_turn
97. 02bcf7250d5de9c171b62dbf14d7b4c0.jpg,right_turn,right_turn,stop_sign
city_051.JPEG,stop_sign,stop_sign,stop_sign
city_052.JPEG,stop_sign,stop_sign,100_speed
city_054.JPEG,stop_sign,stop_sign,stop_sign
city_064.JPEG,stop_sign,stop_sign,right_turn
city_069.JPEG,stop_sign,stop_sign,stop_sign
rural_059.JPEG,stop_sign,stop_sign,stop_sign
stopsign_00050.jpg,stop_sign,stop_sign,100_speed
stopsign_00055.jpg,stop_sign,stop_sign,stop_sign
