Sub-string in Operation Name,Average Time taken by operations starting with Sub-string
Conv1_pad/Pad,0.122912526
Conv1/random_uniform,0.107090167
Conv1/convolution,0.120744944
bn_Conv1/strided_slice,0.110993346
bn_Conv1/strided_slice_1,0.109858394
bn_Conv1/strided_slice_2,0.111140907
bn_Conv1/Rank,0.109459162
bn_Conv1/range,0.104187409
bn_Conv1/Prod,0.121002555
bn_Conv1/sub,0.112724662
bn_Conv1/moving_mean/local_step,0.107009828
bn_Conv1/AssignMovingAvg/bn_Conv1/moving_mean/AssignAdd,0.107779384
bn_Conv1/AssignMovingAvg/bn_Conv1/moving_mean/sub_1,0.11795187
bn_Conv1/AssignMovingAvg/bn_Conv1/moving_mean/sub_2,0.120617032
bn_Conv1/AssignMovingAvg,0.121736709
bn_Conv1/moving_variance/local_step,0.112723529
bn_Conv1/AssignMovingAvg_1/bn_Conv1/moving_variance/AssignAdd,0.109095812
bn_Conv1/AssignMovingAvg_1/bn_Conv1/moving_variance/sub_1,0.130773187
bn_Conv1/AssignMovingAvg_1/bn_Conv1/moving_variance/sub_2,0.132315516
bn_Conv1/AssignMovingAvg_1,0.125901629
bn_Conv1/keras_learning_phase,0.108797431
expanded_conv_depthwise/random_uniform,0.105830908
expanded_conv_depthwise/depthwise,0.109034101
expanded_conv_depthwise_BN/strided_slice,0.113048176
expanded_conv_depthwise_BN/strided_slice_1,0.113930583
expanded_conv_depthwise_BN/strided_slice_2,0.114542067
expanded_conv_depthwise_BN/Rank,0.12189126
expanded_conv_depthwise_BN/range,0.109665632
expanded_conv_depthwise_BN/Prod,0.135856748
expanded_conv_depthwise_BN/sub,0.123958588
expanded_conv_depthwise_BN/moving_mean/local_step,0.111189306
expanded_conv_depthwise_BN/AssignMovingAvg/expanded_conv_depthwise_BN/moving_mean/AssignAdd,0.111774564
expanded_conv_depthwise_BN/AssignMovingAvg/expanded_conv_depthwise_BN/moving_mean/sub_1,0.140329957
expanded_conv_depthwise_BN/AssignMovingAvg/expanded_conv_depthwise_BN/moving_mean/sub_2,0.133755326
expanded_conv_depthwise_BN/AssignMovingAvg,0.134313233
expanded_conv_depthwise_BN/moving_variance/local_step,0.109499872
expanded_conv_depthwise_BN/AssignMovingAvg_1/expanded_conv_depthwise_BN/moving_variance/AssignAdd,0.110082269
expanded_conv_depthwise_BN/AssignMovingAvg_1/expanded_conv_depthwise_BN/moving_variance/sub_1,0.146626949
expanded_conv_depthwise_BN/AssignMovingAvg_1/expanded_conv_depthwise_BN/moving_variance/sub_2,0.147444606
expanded_conv_depthwise_BN/AssignMovingAvg_1,0.139231121
expanded_conv_project/random_uniform,0.113618476
expanded_conv_project/convolution,0.131869555
expanded_conv_project_BN/strided_slice,0.12521553
expanded_conv_project_BN/strided_slice_1,0.125268161
expanded_conv_project_BN/strided_slice_2,0.126581013
expanded_conv_project_BN/Rank,0.135182738
expanded_conv_project_BN/range,0.115974665
expanded_conv_project_BN/Prod,0.157051563
expanded_conv_project_BN/sub,0.131894588
expanded_conv_project_BN/moving_mean/local_step,0.108333647
expanded_conv_project_BN/AssignMovingAvg/expanded_conv_project_BN/moving_mean/AssignAdd,0.111019373
expanded_conv_project_BN/AssignMovingAvg/expanded_conv_project_BN/moving_mean/sub_1,0.148938775
expanded_conv_project_BN/AssignMovingAvg/expanded_conv_project_BN/moving_mean/sub_2,0.144756317
expanded_conv_project_BN/AssignMovingAvg,0.144257503
expanded_conv_project_BN/moving_variance/local_step,0.111388028
expanded_conv_project_BN/AssignMovingAvg_1/expanded_conv_project_BN/moving_variance/AssignAdd,0.112743616
expanded_conv_project_BN/AssignMovingAvg_1/expanded_conv_project_BN/moving_variance/sub_1,0.162488699
expanded_conv_project_BN/AssignMovingAvg_1/expanded_conv_project_BN/moving_variance/sub_2,0.165977478
expanded_conv_project_BN/AssignMovingAvg_1,0.149986463
block_1_expand/random_uniform,0.118119206
block_1_expand/convolution,0.158115387
block_1_expand_BN/strided_slice,0.125620564
block_1_expand_BN/strided_slice_1,0.125092328
block_1_expand_BN/strided_slice_2,0.128874004
block_1_expand_BN/Rank,0.138165832
block_1_expand_BN/range,0.126364231
block_1_expand_BN/Prod,0.169844866
block_1_expand_BN/sub,0.147928357
block_1_expand_BN/moving_mean/local_step,0.119385421
block_1_expand_BN/AssignMovingAvg/block_1_expand_BN/moving_mean/AssignAdd,0.114517093
block_1_expand_BN/AssignMovingAvg/block_1_expand_BN/moving_mean/sub_1,0.161237478
block_1_expand_BN/AssignMovingAvg/block_1_expand_BN/moving_mean/sub_2,0.161747575
block_1_expand_BN/AssignMovingAvg,0.154747353
block_1_expand_BN/moving_variance/local_step,0.111967981
block_1_expand_BN/AssignMovingAvg_1/block_1_expand_BN/moving_variance/AssignAdd,0.115276933
block_1_expand_BN/AssignMovingAvg_1/block_1_expand_BN/moving_variance/sub_1,0.17395997
block_1_expand_BN/AssignMovingAvg_1/block_1_expand_BN/moving_variance/sub_2,0.169610262
block_1_expand_BN/AssignMovingAvg_1,0.15809226
block_1_pad/Pad,0.140458107
block_1_depthwise/random_uniform,0.113832133
block_1_depthwise/depthwise,0.12639757
block_1_depthwise_BN/strided_slice,0.12834398
block_1_depthwise_BN/strided_slice_1,0.12955451
block_1_depthwise_BN/strided_slice_2,0.127957523
block_1_depthwise_BN/Rank,0.141003728
block_1_depthwise_BN/range,0.111570199
block_1_depthwise_BN/Prod,0.178062677
block_1_depthwise_BN/sub,0.151288509
block_1_depthwise_BN/moving_mean/local_step,0.115793049
block_1_depthwise_BN/AssignMovingAvg/block_1_depthwise_BN/moving_mean/AssignAdd,0.113877654
block_1_depthwise_BN/AssignMovingAvg/block_1_depthwise_BN/moving_mean/sub_1,0.176469445
block_1_depthwise_BN/AssignMovingAvg/block_1_depthwise_BN/moving_mean/sub_2,0.180476665
block_1_depthwise_BN/AssignMovingAvg,0.169172098
block_1_depthwise_BN/moving_variance/local_step,0.114354372
block_1_depthwise_BN/AssignMovingAvg_1/block_1_depthwise_BN/moving_variance/AssignAdd,0.109289408
block_1_depthwise_BN/AssignMovingAvg_1/block_1_depthwise_BN/moving_variance/sub_1,0.191346526
block_1_depthwise_BN/AssignMovingAvg_1/block_1_depthwise_BN/moving_variance/sub_2,0.196002126
block_1_depthwise_BN/AssignMovingAvg_1,0.175046865
block_1_project/random_uniform,0.117855787
block_1_project/convolution,0.159339905
block_1_project_BN/strided_slice,0.135495524
block_1_project_BN/strided_slice_1,0.134896398
block_1_project_BN/strided_slice_2,0.134781897
block_1_project_BN/Rank,0.157313704
block_1_project_BN/range,0.119964918
block_1_project_BN/Prod,0.194203615
block_1_project_BN/sub,0.159180999
block_1_project_BN/moving_mean/local_step,0.118784845
block_1_project_BN/AssignMovingAvg/block_1_project_BN/moving_mean/AssignAdd,0.111629367
block_1_project_BN/AssignMovingAvg/block_1_project_BN/moving_mean/sub_1,0.189785838
block_1_project_BN/AssignMovingAvg/block_1_project_BN/moving_mean/sub_2,0.2085706
block_1_project_BN/AssignMovingAvg,0.179761291
block_1_project_BN/moving_variance/local_step,0.117455006
block_1_project_BN/AssignMovingAvg_1/block_1_project_BN/moving_variance/AssignAdd,0.11280632
block_1_project_BN/AssignMovingAvg_1/block_1_project_BN/moving_variance/sub_1,0.203893304
block_1_project_BN/AssignMovingAvg_1/block_1_project_BN/moving_variance/sub_2,0.200253367
block_1_project_BN/AssignMovingAvg_1,0.183078093
block_2_expand/random_uniform,0.117169619
block_2_expand/convolution,0.152939796
block_2_expand_BN/strided_slice,0.138550341
block_2_expand_BN/strided_slice_1,0.13893199
block_2_expand_BN/strided_slice_2,0.1397596
block_2_expand_BN/Rank,0.160378575
block_2_expand_BN/range,0.121901751
block_2_expand_BN/Prod,0.201062918
block_2_expand_BN/sub,0.164766431
block_2_expand_BN/moving_mean/local_step,0.120021403
block_2_expand_BN/AssignMovingAvg/block_2_expand_BN/moving_mean/AssignAdd,0.116385341
block_2_expand_BN/AssignMovingAvg/block_2_expand_BN/moving_mean/sub_1,0.197626948
block_2_expand_BN/AssignMovingAvg/block_2_expand_BN/moving_mean/sub_2,0.194788575
block_2_expand_BN/AssignMovingAvg,0.182846448
block_2_expand_BN/moving_variance/local_step,0.109061837
block_2_expand_BN/AssignMovingAvg_1/block_2_expand_BN/moving_variance/AssignAdd,0.109302282
block_2_expand_BN/AssignMovingAvg_1/block_2_expand_BN/moving_variance/sub_1,0.212199569
block_2_expand_BN/AssignMovingAvg_1/block_2_expand_BN/moving_variance/sub_2,0.211088181
block_2_expand_BN/AssignMovingAvg_1,0.186215092
block_2_depthwise/random_uniform,0.11086389
block_2_depthwise/depthwise,0.127144694
block_2_depthwise_BN/strided_slice,0.141111473
block_2_depthwise_BN/strided_slice_1,0.141225636
block_2_depthwise_BN/strided_slice_2,0.138721347
block_2_depthwise_BN/Rank,0.161477804
block_2_depthwise_BN/range,0.115274509
block_2_depthwise_BN/Prod,0.214617372
block_2_depthwise_BN/sub,0.167542219
block_2_depthwise_BN/moving_mean/local_step,0.114443898
block_2_depthwise_BN/AssignMovingAvg/block_2_depthwise_BN/moving_mean/AssignAdd,0.112924337
block_2_depthwise_BN/AssignMovingAvg/block_2_depthwise_BN/moving_mean/sub_1,0.210246563
block_2_depthwise_BN/AssignMovingAvg/block_2_depthwise_BN/moving_mean/sub_2,0.211478353
block_2_depthwise_BN/AssignMovingAvg,0.195358536
block_2_depthwise_BN/moving_variance/local_step,0.118217349
block_2_depthwise_BN/AssignMovingAvg_1/block_2_depthwise_BN/moving_variance/AssignAdd,0.119970441
block_2_depthwise_BN/AssignMovingAvg_1/block_2_depthwise_BN/moving_variance/sub_1,0.230679154
block_2_depthwise_BN/AssignMovingAvg_1/block_2_depthwise_BN/moving_variance/sub_2,0.232190847
block_2_depthwise_BN/AssignMovingAvg_1,0.202797188
block_2_project/random_uniform,0.121190957
block_2_project/convolution,0.171576619
block_2_project_BN/strided_slice,0.146493077
block_2_project_BN/strided_slice_1,0.144244909
block_2_project_BN/strided_slice_2,0.148102343
block_2_project_BN/Rank,0.180002213
block_2_project_BN/range,0.127205849
block_2_project_BN/Prod,0.234460354
block_2_project_BN/sub,0.17758882
block_2_project_BN/moving_mean/local_step,0.127126992
block_2_project_BN/AssignMovingAvg/block_2_project_BN/moving_mean/AssignAdd,0.12841332
block_2_project_BN/AssignMovingAvg/block_2_project_BN/moving_mean/sub_1,0.234461427
block_2_project_BN/AssignMovingAvg/block_2_project_BN/moving_mean/sub_2,0.227844
block_2_project_BN/AssignMovingAvg,0.210892698
block_2_project_BN/moving_variance/local_step,0.12291503
block_2_project_BN/AssignMovingAvg_1/block_2_project_BN/moving_variance/AssignAdd,0.121398211
block_2_project_BN/AssignMovingAvg_1/block_2_project_BN/moving_variance/sub_1,0.24008882
block_2_project_BN/AssignMovingAvg_1/block_2_project_BN/moving_variance/sub_2,0.243139982
block_2_project_BN/AssignMovingAvg_1,0.214896945
block_3_expand/random_uniform,0.124705281
block_3_expand/convolution,0.180680275
block_3_expand_BN/strided_slice,0.149625758
block_3_expand_BN/strided_slice_1,0.150344074
block_3_expand_BN/strided_slice_2,0.150622308
block_3_expand_BN/Rank,0.184173942
block_3_expand_BN/range,0.126509031
block_3_expand_BN/Prod,0.239021659
block_3_expand_BN/sub,0.17620194
block_3_expand_BN/moving_mean/local_step,0.110132039
block_3_expand_BN/AssignMovingAvg/block_3_expand_BN/moving_mean/AssignAdd,0.113280177
block_3_expand_BN/AssignMovingAvg/block_3_expand_BN/moving_mean/sub_1,0.236702561
block_3_expand_BN/AssignMovingAvg/block_3_expand_BN/moving_mean/sub_2,0.234157443
block_3_expand_BN/AssignMovingAvg,0.208483633
block_3_expand_BN/moving_variance/local_step,0.111654997
block_3_expand_BN/AssignMovingAvg_1/block_3_expand_BN/moving_variance/AssignAdd,0.114638567
block_3_expand_BN/AssignMovingAvg_1/block_3_expand_BN/moving_variance/sub_1,0.240591884
block_3_expand_BN/AssignMovingAvg_1/block_3_expand_BN/moving_variance/sub_2,0.244420409
block_3_expand_BN/AssignMovingAvg_1,0.212722035
block_3_pad/Pad,0.179563642
block_3_depthwise/random_uniform,0.119745118
block_3_depthwise/depthwise,0.140947064
block_3_depthwise_BN/strided_slice,0.145894527
block_3_depthwise_BN/strided_slice_1,0.146755815
block_3_depthwise_BN/strided_slice_2,0.144074917
block_3_depthwise_BN/Rank,0.177624941
block_3_depthwise_BN/range,0.11576438
block_3_depthwise_BN/Prod,0.247891665
block_3_depthwise_BN/sub,0.182314157
block_3_depthwise_BN/moving_mean/local_step,0.122087955
block_3_depthwise_BN/AssignMovingAvg/block_3_depthwise_BN/moving_mean/AssignAdd,0.113503098
block_3_depthwise_BN/AssignMovingAvg/block_3_depthwise_BN/moving_mean/sub_1,0.250464797
block_3_depthwise_BN/AssignMovingAvg/block_3_depthwise_BN/moving_mean/sub_2,0.249531865
block_3_depthwise_BN/AssignMovingAvg,0.220971711
block_3_depthwise_BN/moving_variance/local_step,0.111323237
block_3_depthwise_BN/AssignMovingAvg_1/block_3_depthwise_BN/moving_variance/AssignAdd,0.113922477
block_3_depthwise_BN/AssignMovingAvg_1/block_3_depthwise_BN/moving_variance/sub_1,0.258046031
block_3_depthwise_BN/AssignMovingAvg_1/block_3_depthwise_BN/moving_variance/sub_2,0.258352876
block_3_depthwise_BN/AssignMovingAvg_1,0.223474769
block_3_project/random_uniform,0.122019938
block_3_project/convolution,0.18573153
block_3_project_BN/strided_slice,0.148608446
block_3_project_BN/strided_slice_1,0.147428751
block_3_project_BN/strided_slice_2,0.149512172
block_3_project_BN/Rank,0.190303802
block_3_project_BN/range,0.118370215
block_3_project_BN/Prod,0.261236191
block_3_project_BN/sub,0.188703179
block_3_project_BN/moving_mean/local_step,0.11142832
block_3_project_BN/AssignMovingAvg/block_3_project_BN/moving_mean/AssignAdd,0.112571955
block_3_project_BN/AssignMovingAvg/block_3_project_BN/moving_mean/sub_1,0.2545017
block_3_project_BN/AssignMovingAvg/block_3_project_BN/moving_mean/sub_2,0.252902985
block_3_project_BN/AssignMovingAvg,0.225783173
block_3_project_BN/moving_variance/local_step,0.11052686
block_3_project_BN/AssignMovingAvg_1/block_3_project_BN/moving_variance/AssignAdd,0.11375773
block_3_project_BN/AssignMovingAvg_1/block_3_project_BN/moving_variance/sub_1,0.267039061
block_3_project_BN/AssignMovingAvg_1/block_3_project_BN/moving_variance/sub_2,0.271192074
block_3_project_BN/AssignMovingAvg_1,0.230990704
block_4_expand/random_uniform,0.119768654
block_4_expand/convolution,0.181698442
block_4_expand_BN/strided_slice,0.148579975
block_4_expand_BN/strided_slice_1,0.145707905
block_4_expand_BN/strided_slice_2,0.151836395
block_4_expand_BN/Rank,0.184349298
block_4_expand_BN/range,0.11336565
block_4_expand_BN/Prod,0.262490749
block_4_expand_BN/sub,0.190062404
block_4_expand_BN/moving_mean/local_step,0.118053973
block_4_expand_BN/AssignMovingAvg/block_4_expand_BN/moving_mean/AssignAdd,0.120989442
block_4_expand_BN/AssignMovingAvg/block_4_expand_BN/moving_mean/sub_1,0.260061383
block_4_expand_BN/AssignMovingAvg/block_4_expand_BN/moving_mean/sub_2,0.259978175
block_4_expand_BN/AssignMovingAvg,0.231892368
block_4_expand_BN/moving_variance/local_step,0.108268976
block_4_expand_BN/AssignMovingAvg_1/block_4_expand_BN/moving_variance/AssignAdd,0.113936424
block_4_expand_BN/AssignMovingAvg_1/block_4_expand_BN/moving_variance/sub_1,0.276010633
block_4_expand_BN/AssignMovingAvg_1/block_4_expand_BN/moving_variance/sub_2,0.273466945
block_4_expand_BN/AssignMovingAvg_1,0.234760046
block_4_depthwise/random_uniform,0.107885974
block_4_depthwise/depthwise,0.132050474
block_4_depthwise_BN/strided_slice,0.149487138
block_4_depthwise_BN/strided_slice_1,0.149351895
block_4_depthwise_BN/strided_slice_2,0.15151
block_4_depthwise_BN/Rank,0.1834234
block_4_depthwise_BN/range,0.111792882
block_4_depthwise_BN/Prod,0.274245501
block_4_depthwise_BN/sub,0.193673968
block_4_depthwise_BN/moving_mean/local_step,0.106746197
block_4_depthwise_BN/AssignMovingAvg/block_4_depthwise_BN/moving_mean/AssignAdd,0.107140779
block_4_depthwise_BN/AssignMovingAvg/block_4_depthwise_BN/moving_mean/sub_1,0.269559264
block_4_depthwise_BN/AssignMovingAvg/block_4_depthwise_BN/moving_mean/sub_2,0.2723912
block_4_depthwise_BN/AssignMovingAvg,0.239498931
block_4_depthwise_BN/moving_variance/local_step,0.119757533
block_4_depthwise_BN/AssignMovingAvg_1/block_4_depthwise_BN/moving_variance/AssignAdd,0.117099047
block_4_depthwise_BN/AssignMovingAvg_1/block_4_depthwise_BN/moving_variance/sub_1,0.286088228
block_4_depthwise_BN/AssignMovingAvg_1/block_4_depthwise_BN/moving_variance/sub_2,0.287020087
block_4_depthwise_BN/AssignMovingAvg_1,0.247056596
block_4_project/random_uniform,0.119811637
block_4_project/convolution,0.188640952
block_4_project_BN/strided_slice,0.159012477
block_4_project_BN/strided_slice_1,0.158324838
block_4_project_BN/strided_slice_2,0.157880962
block_4_project_BN/Rank,0.201052785
block_4_project_BN/range,0.115933975
block_4_project_BN/Prod,0.28782177
block_4_project_BN/sub,0.204643965
block_4_project_BN/moving_mean/local_step,0.114045441
block_4_project_BN/AssignMovingAvg/block_4_project_BN/moving_mean/AssignAdd,0.130046844
block_4_project_BN/AssignMovingAvg/block_4_project_BN/moving_mean/sub_1,0.282977581
block_4_project_BN/AssignMovingAvg/block_4_project_BN/moving_mean/sub_2,0.279766679
block_4_project_BN/AssignMovingAvg,0.250410606
block_4_project_BN/moving_variance/local_step,0.111920416
block_4_project_BN/AssignMovingAvg_1/block_4_project_BN/moving_variance/AssignAdd,0.120333791
block_4_project_BN/AssignMovingAvg_1/block_4_project_BN/moving_variance/sub_1,0.29803431
block_4_project_BN/AssignMovingAvg_1/block_4_project_BN/moving_variance/sub_2,0.300086141
block_4_project_BN/AssignMovingAvg_1,0.25495539
block_5_expand/random_uniform,0.114878484
block_5_expand/convolution,0.202374578
block_5_expand_BN/strided_slice,0.164668441
block_5_expand_BN/strided_slice_1,0.166205347
block_5_expand_BN/strided_slice_2,0.164819002
block_5_expand_BN/Rank,0.208809495
block_5_expand_BN/range,0.124831994
block_5_expand_BN/Prod,0.307283163
block_5_expand_BN/sub,0.214930654
block_5_expand_BN/moving_mean/local_step,0.117678344
block_5_expand_BN/AssignMovingAvg/block_5_expand_BN/moving_mean/AssignAdd,0.119518161
block_5_expand_BN/AssignMovingAvg/block_5_expand_BN/moving_mean/sub_1,0.288310647
block_5_expand_BN/AssignMovingAvg/block_5_expand_BN/moving_mean/sub_2,0.294370532
block_5_expand_BN/AssignMovingAvg,0.258089935
block_5_expand_BN/moving_variance/local_step,0.114560246
block_5_expand_BN/AssignMovingAvg_1/block_5_expand_BN/moving_variance/AssignAdd,0.116960764
block_5_expand_BN/AssignMovingAvg_1/block_5_expand_BN/moving_variance/sub_1,0.306477666
block_5_expand_BN/AssignMovingAvg_1/block_5_expand_BN/moving_variance/sub_2,0.310547113
block_5_expand_BN/AssignMovingAvg_1,0.26338064
block_5_depthwise/random_uniform,0.114450625
block_5_depthwise/depthwise,0.143364668
block_5_depthwise_BN/strided_slice,0.15967377
block_5_depthwise_BN/strided_slice_1,0.159114063
block_5_depthwise_BN/strided_slice_2,0.160313189
block_5_depthwise_BN/Rank,0.21277535
block_5_depthwise_BN/range,0.123850822
block_5_depthwise_BN/Prod,0.312314272
block_5_depthwise_BN/sub,0.219885349
block_5_depthwise_BN/moving_mean/local_step,0.121479988
block_5_depthwise_BN/AssignMovingAvg/block_5_depthwise_BN/moving_mean/AssignAdd,0.121841431
block_5_depthwise_BN/AssignMovingAvg/block_5_depthwise_BN/moving_mean/sub_1,0.310635567
block_5_depthwise_BN/AssignMovingAvg/block_5_depthwise_BN/moving_mean/sub_2,0.310100555
block_5_depthwise_BN/AssignMovingAvg,0.270503254
block_5_depthwise_BN/moving_variance/local_step,0.121329486
block_5_depthwise_BN/AssignMovingAvg_1/block_5_depthwise_BN/moving_variance/AssignAdd,0.121754527
block_5_depthwise_BN/AssignMovingAvg_1/block_5_depthwise_BN/moving_variance/sub_1,0.319883823
block_5_depthwise_BN/AssignMovingAvg_1/block_5_depthwise_BN/moving_variance/sub_2,0.324199915
block_5_depthwise_BN/AssignMovingAvg_1,0.275986181
block_5_project/random_uniform,0.121553864
block_5_project/convolution,0.215282202
block_5_project_BN/strided_slice,0.166938027
block_5_project_BN/strided_slice_1,0.168320119
block_5_project_BN/strided_slice_2,0.165516496
block_5_project_BN/Rank,0.209782004
block_5_project_BN/range,0.11467584
block_5_project_BN/Prod,0.308845878
block_5_project_BN/sub,0.21570015
block_5_project_BN/moving_mean/local_step,0.115679562
block_5_project_BN/AssignMovingAvg/block_5_project_BN/moving_mean/AssignAdd,0.113852143
block_5_project_BN/AssignMovingAvg/block_5_project_BN/moving_mean/sub_1,0.313271523
block_5_project_BN/AssignMovingAvg/block_5_project_BN/moving_mean/sub_2,0.309027791
block_5_project_BN/AssignMovingAvg,0.268752435
block_5_project_BN/moving_variance/local_step,0.11460191
block_5_project_BN/AssignMovingAvg_1/block_5_project_BN/moving_variance/AssignAdd,0.11439383
block_5_project_BN/AssignMovingAvg_1/block_5_project_BN/moving_variance/sub_1,0.318588853
block_5_project_BN/AssignMovingAvg_1/block_5_project_BN/moving_variance/sub_2,0.325930238
block_5_project_BN/AssignMovingAvg_1,0.272994055
block_6_expand/random_uniform,0.111922945
block_6_expand/convolution,0.213365555
block_6_expand_BN/strided_slice,0.16149207
block_6_expand_BN/strided_slice_1,0.160471737
block_6_expand_BN/strided_slice_2,0.160961211
block_6_expand_BN/Rank,0.21570611
block_6_expand_BN/range,0.112845103
block_6_expand_BN/Prod,0.31443727
block_6_expand_BN/sub,0.219037175
block_6_expand_BN/moving_mean/local_step,0.117605746
block_6_expand_BN/AssignMovingAvg/block_6_expand_BN/moving_mean/AssignAdd,0.109876871
block_6_expand_BN/AssignMovingAvg/block_6_expand_BN/moving_mean/sub_1,0.315101504
block_6_expand_BN/AssignMovingAvg/block_6_expand_BN/moving_mean/sub_2,0.324000835
block_6_expand_BN/AssignMovingAvg,0.277448051
block_6_expand_BN/moving_variance/local_step,0.118264139
block_6_expand_BN/AssignMovingAvg_1/block_6_expand_BN/moving_variance/AssignAdd,0.107792616
block_6_expand_BN/AssignMovingAvg_1/block_6_expand_BN/moving_variance/sub_1,0.334338665
block_6_expand_BN/AssignMovingAvg_1/block_6_expand_BN/moving_variance/sub_2,0.334241867
block_6_expand_BN/AssignMovingAvg_1,0.283199899
block_6_pad/Pad,0.215175986
block_6_depthwise/random_uniform,0.114025048
block_6_depthwise/depthwise,0.149436831
block_6_depthwise_BN/strided_slice,0.168730299
block_6_depthwise_BN/strided_slice_1,0.170520782
block_6_depthwise_BN/strided_slice_2,0.166161478
block_6_depthwise_BN/Rank,0.219421387
block_6_depthwise_BN/range,0.109658957
block_6_depthwise_BN/Prod,0.3303684
block_6_depthwise_BN/sub,0.23054266
block_6_depthwise_BN/moving_mean/local_step,0.118651509
block_6_depthwise_BN/AssignMovingAvg/block_6_depthwise_BN/moving_mean/AssignAdd,0.12084353
block_6_depthwise_BN/AssignMovingAvg/block_6_depthwise_BN/moving_mean/sub_1,0.328547716
block_6_depthwise_BN/AssignMovingAvg/block_6_depthwise_BN/moving_mean/sub_2,0.324869871
block_6_depthwise_BN/AssignMovingAvg,0.285171656
block_6_depthwise_BN/moving_variance/local_step,0.109065175
block_6_depthwise_BN/AssignMovingAvg_1/block_6_depthwise_BN/moving_variance/AssignAdd,0.114285946
block_6_depthwise_BN/AssignMovingAvg_1/block_6_depthwise_BN/moving_variance/sub_1,0.343986034
block_6_depthwise_BN/AssignMovingAvg_1/block_6_depthwise_BN/moving_variance/sub_2,0.350798965
block_6_depthwise_BN/AssignMovingAvg_1,0.290824231
block_6_project/random_uniform,0.111732994
block_6_project/convolution,0.21632576
block_6_project_BN/strided_slice,0.165498793
block_6_project_BN/strided_slice_1,0.162251472
block_6_project_BN/strided_slice_2,0.166467845
block_6_project_BN/Rank,0.221642017
block_6_project_BN/range,0.108147065
block_6_project_BN/Prod,0.337269306
block_6_project_BN/sub,0.223133445
block_6_project_BN/moving_mean/local_step,0.108907461
block_6_project_BN/AssignMovingAvg/block_6_project_BN/moving_mean/AssignAdd,0.112097025
block_6_project_BN/AssignMovingAvg/block_6_project_BN/moving_mean/sub_1,0.330673933
block_6_project_BN/AssignMovingAvg/block_6_project_BN/moving_mean/sub_2,0.338195682
block_6_project_BN/AssignMovingAvg,0.289879343
block_6_project_BN/moving_variance/local_step,0.108331621
block_6_project_BN/AssignMovingAvg_1/block_6_project_BN/moving_variance/AssignAdd,0.115018606
block_6_project_BN/AssignMovingAvg_1/block_6_project_BN/moving_variance/sub_1,0.357809663
block_6_project_BN/AssignMovingAvg_1/block_6_project_BN/moving_variance/sub_2,0.356423378
block_6_project_BN/AssignMovingAvg_1,0.29719629
block_7_expand/random_uniform,0.111701148
block_7_expand/convolution,0.225289464
block_7_expand_BN/strided_slice,0.17621545
block_7_expand_BN/strided_slice_1,0.176389456
block_7_expand_BN/strided_slice_2,0.173626721
block_7_expand_BN/Rank,0.231533408
block_7_expand_BN/range,0.115146081
block_7_expand_BN/Prod,0.346052289
block_7_expand_BN/sub,0.236740351
block_7_expand_BN/moving_mean/local_step,0.120882452
block_7_expand_BN/AssignMovingAvg/block_7_expand_BN/moving_mean/AssignAdd,0.117326617
block_7_expand_BN/AssignMovingAvg/block_7_expand_BN/moving_mean/sub_1,0.346432924
block_7_expand_BN/AssignMovingAvg/block_7_expand_BN/moving_mean/sub_2,0.351672292
block_7_expand_BN/AssignMovingAvg,0.29923263
block_7_expand_BN/moving_variance/local_step,0.112659633
block_7_expand_BN/AssignMovingAvg_1/block_7_expand_BN/moving_variance/AssignAdd,0.110754609
block_7_expand_BN/AssignMovingAvg_1/block_7_expand_BN/moving_variance/sub_1,0.356342196
block_7_expand_BN/AssignMovingAvg_1/block_7_expand_BN/moving_variance/sub_2,0.358840227
block_7_expand_BN/AssignMovingAvg_1,0.302086339
block_7_depthwise/random_uniform,0.111495801
block_7_depthwise/depthwise,0.149899642
block_7_depthwise_BN/strided_slice,0.171663225
block_7_depthwise_BN/strided_slice_1,0.168431044
block_7_depthwise_BN/strided_slice_2,0.172849178
block_7_depthwise_BN/Rank,0.23576951
block_7_depthwise_BN/range,0.112522602
block_7_depthwise_BN/Prod,0.360856533
block_7_depthwise_BN/sub,0.239026189
block_7_depthwise_BN/moving_mean/local_step,0.11398983
block_7_depthwise_BN/AssignMovingAvg/block_7_depthwise_BN/moving_mean/AssignAdd,0.115470052
block_7_depthwise_BN/AssignMovingAvg/block_7_depthwise_BN/moving_mean/sub_1,0.362178206
block_7_depthwise_BN/AssignMovingAvg/block_7_depthwise_BN/moving_mean/sub_2,0.346718669
block_7_depthwise_BN/AssignMovingAvg,0.303098686
block_7_depthwise_BN/moving_variance/local_step,0.109848738
block_7_depthwise_BN/AssignMovingAvg_1/block_7_depthwise_BN/moving_variance/AssignAdd,0.110551238
block_7_depthwise_BN/AssignMovingAvg_1/block_7_depthwise_BN/moving_variance/sub_1,0.371169209
block_7_depthwise_BN/AssignMovingAvg_1/block_7_depthwise_BN/moving_variance/sub_2,0.372351766
block_7_depthwise_BN/AssignMovingAvg_1,0.308173741
block_7_project/random_uniform,0.108516353
block_7_project/convolution,0.228424788
block_7_project_BN/strided_slice,0.16575708
block_7_project_BN/strided_slice_1,0.166579425
block_7_project_BN/strided_slice_2,0.165748477
block_7_project_BN/Rank,0.230401039
block_7_project_BN/range,0.10438625
block_7_project_BN/Prod,0.36139369
block_7_project_BN/sub,0.233465791
block_7_project_BN/moving_mean/local_step,0.106764138
block_7_project_BN/AssignMovingAvg/block_7_project_BN/moving_mean/AssignAdd,0.105948448
block_7_project_BN/AssignMovingAvg/block_7_project_BN/moving_mean/sub_1,0.357982755
block_7_project_BN/AssignMovingAvg/block_7_project_BN/moving_mean/sub_2,0.361169696
block_7_project_BN/AssignMovingAvg,0.305472675
block_7_project_BN/moving_variance/local_step,0.106714487
block_7_project_BN/AssignMovingAvg_1/block_7_project_BN/moving_variance/AssignAdd,0.106381059
block_7_project_BN/AssignMovingAvg_1/block_7_project_BN/moving_variance/sub_1,0.374121308
block_7_project_BN/AssignMovingAvg_1/block_7_project_BN/moving_variance/sub_2,0.378237009
block_7_project_BN/AssignMovingAvg_1,0.311085266
block_8_expand/random_uniform,0.109264101
block_8_expand/convolution,0.236172557
block_8_expand_BN/strided_slice,0.169679364
block_8_expand_BN/strided_slice_1,0.169393778
block_8_expand_BN/strided_slice_2,0.170004964
block_8_expand_BN/Rank,0.234617949
block_8_expand_BN/range,0.105020046
block_8_expand_BN/Prod,0.367446423
block_8_expand_BN/sub,0.237956762
block_8_expand_BN/moving_mean/local_step,0.109727919
block_8_expand_BN/AssignMovingAvg/block_8_expand_BN/moving_mean/AssignAdd,0.103640914
block_8_expand_BN/AssignMovingAvg/block_8_expand_BN/moving_mean/sub_1,0.372697711
block_8_expand_BN/AssignMovingAvg/block_8_expand_BN/moving_mean/sub_2,0.363682389
block_8_expand_BN/AssignMovingAvg,0.317702153
block_8_expand_BN/moving_variance/local_step,0.114571869
block_8_expand_BN/AssignMovingAvg_1/block_8_expand_BN/moving_variance/AssignAdd,0.122816682
block_8_expand_BN/AssignMovingAvg_1/block_8_expand_BN/moving_variance/sub_1,0.394611835
block_8_expand_BN/AssignMovingAvg_1/block_8_expand_BN/moving_variance/sub_2,0.389615536
block_8_expand_BN/AssignMovingAvg_1,0.328257126
block_8_depthwise/random_uniform,0.109901905
block_8_depthwise/depthwise,0.152254264
block_8_depthwise_BN/strided_slice,0.177192907
block_8_depthwise_BN/strided_slice_1,0.17514503
block_8_depthwise_BN/strided_slice_2,0.179583788
block_8_depthwise_BN/Rank,0.25000155
block_8_depthwise_BN/range,0.117422819
block_8_depthwise_BN/Prod,0.386037588
block_8_depthwise_BN/sub,0.252402186
block_8_depthwise_BN/moving_mean/local_step,0.108044386
block_8_depthwise_BN/AssignMovingAvg/block_8_depthwise_BN/moving_mean/AssignAdd,0.110199213
block_8_depthwise_BN/AssignMovingAvg/block_8_depthwise_BN/moving_mean/sub_1,0.375440836
block_8_depthwise_BN/AssignMovingAvg/block_8_depthwise_BN/moving_mean/sub_2,0.377315283
block_8_depthwise_BN/AssignMovingAvg,0.322275877
block_8_depthwise_BN/moving_variance/local_step,0.109113634
block_8_depthwise_BN/AssignMovingAvg_1/block_8_depthwise_BN/moving_variance/AssignAdd,0.107602239
block_8_depthwise_BN/AssignMovingAvg_1/block_8_depthwise_BN/moving_variance/sub_1,0.392603993
block_8_depthwise_BN/AssignMovingAvg_1/block_8_depthwise_BN/moving_variance/sub_2,0.395942926
block_8_depthwise_BN/AssignMovingAvg_1,0.328471969
block_8_project/random_uniform,0.108258043
block_8_project/convolution,0.242351174
block_8_project_BN/strided_slice,0.174242516
block_8_project_BN/strided_slice_1,0.175163448
block_8_project_BN/strided_slice_2,0.172813833
block_8_project_BN/Rank,0.245921731
block_8_project_BN/range,0.10506773
block_8_project_BN/Prod,0.386057138
block_8_project_BN/sub,0.245131731
block_8_project_BN/moving_mean/local_step,0.10374099
block_8_project_BN/AssignMovingAvg/block_8_project_BN/moving_mean/AssignAdd,0.105289817
block_8_project_BN/AssignMovingAvg/block_8_project_BN/moving_mean/sub_1,0.386110544
block_8_project_BN/AssignMovingAvg/block_8_project_BN/moving_mean/sub_2,0.39253068
block_8_project_BN/AssignMovingAvg,0.325516476
block_8_project_BN/moving_variance/local_step,0.105394661
block_8_project_BN/AssignMovingAvg_1/block_8_project_BN/moving_variance/AssignAdd,0.106561422
block_8_project_BN/AssignMovingAvg_1/block_8_project_BN/moving_variance/sub_1,0.395862699
block_8_project_BN/AssignMovingAvg_1/block_8_project_BN/moving_variance/sub_2,0.396673918
block_8_project_BN/AssignMovingAvg_1,0.330407409
block_9_expand/random_uniform,0.1043818
block_9_expand/convolution,0.249549031
block_9_expand_BN/strided_slice,0.180975537
block_9_expand_BN/strided_slice_1,0.181296468
block_9_expand_BN/strided_slice_2,0.182052791
block_9_expand_BN/Rank,0.260217547
block_9_expand_BN/range,0.115848064
block_9_expand_BN/Prod,0.402958155
block_9_expand_BN/sub,0.26387465
block_9_expand_BN/moving_mean/local_step,0.109719157
block_9_expand_BN/AssignMovingAvg/block_9_expand_BN/moving_mean/AssignAdd,0.111920595
block_9_expand_BN/AssignMovingAvg/block_9_expand_BN/moving_mean/sub_1,0.403030634
block_9_expand_BN/AssignMovingAvg/block_9_expand_BN/moving_mean/sub_2,0.400846243
block_9_expand_BN/AssignMovingAvg,0.338099227
block_9_expand_BN/moving_variance/local_step,0.109387338
block_9_expand_BN/AssignMovingAvg_1/block_9_expand_BN/moving_variance/AssignAdd,0.103110313
block_9_expand_BN/AssignMovingAvg_1/block_9_expand_BN/moving_variance/sub_1,0.407915354
block_9_expand_BN/AssignMovingAvg_1/block_9_expand_BN/moving_variance/sub_2,0.421370387
block_9_expand_BN/AssignMovingAvg_1,0.34372749
block_9_depthwise/random_uniform,0.111707211
block_9_depthwise/depthwise,0.157634536
block_9_depthwise_BN/strided_slice,0.176762223
block_9_depthwise_BN/strided_slice_1,0.172811806
block_9_depthwise_BN/strided_slice_2,0.174576402
block_9_depthwise_BN/Rank,0.249992371
block_9_depthwise_BN/range,0.103721937
block_9_depthwise_BN/Prod,0.398850918
block_9_depthwise_BN/sub,0.261868358
block_9_depthwise_BN/moving_mean/local_step,0.106217444
block_9_depthwise_BN/AssignMovingAvg/block_9_depthwise_BN/moving_mean/AssignAdd,0.112027168
block_9_depthwise_BN/AssignMovingAvg/block_9_depthwise_BN/moving_mean/sub_1,0.404089689
block_9_depthwise_BN/AssignMovingAvg/block_9_depthwise_BN/moving_mean/sub_2,0.407881737
block_9_depthwise_BN/AssignMovingAvg,0.339335982
block_9_depthwise_BN/moving_variance/local_step,0.10526222
block_9_depthwise_BN/AssignMovingAvg_1/block_9_depthwise_BN/moving_variance/AssignAdd,0.103174806
block_9_depthwise_BN/AssignMovingAvg_1/block_9_depthwise_BN/moving_variance/sub_1,0.422181368
block_9_depthwise_BN/AssignMovingAvg_1/block_9_depthwise_BN/moving_variance/sub_2,0.414110184
block_9_depthwise_BN/AssignMovingAvg_1,0.342351114
block_9_project/random_uniform,0.103682586
block_9_project/convolution,0.251134753
block_9_project_BN/strided_slice,0.185839792
block_9_project_BN/strided_slice_1,0.189220309
block_9_project_BN/strided_slice_2,0.188320696
block_9_project_BN/Rank,0.270691395
block_9_project_BN/range,0.118662993
block_9_project_BN/Prod,0.434730291
block_9_project_BN/sub,0.284604788
block_9_project_BN/moving_mean/local_step,0.114669085
block_9_project_BN/AssignMovingAvg/block_9_project_BN/moving_mean/AssignAdd,0.113890171
block_9_project_BN/AssignMovingAvg/block_9_project_BN/moving_mean/sub_1,0.4229002
block_9_project_BN/AssignMovingAvg/block_9_project_BN/moving_mean/sub_2,0.429301262
block_9_project_BN/AssignMovingAvg,0.3638
block_9_project_BN/moving_variance/local_step,0.124345422
block_9_project_BN/AssignMovingAvg_1/block_9_project_BN/moving_variance/AssignAdd,0.118443966
block_9_project_BN/AssignMovingAvg_1/block_9_project_BN/moving_variance/sub_1,0.442908645
block_9_project_BN/AssignMovingAvg_1/block_9_project_BN/moving_variance/sub_2,0.4449296
block_9_project_BN/AssignMovingAvg_1,0.370578219
block_10_expand/random_uniform,0.115683828
block_10_expand/convolution,0.266211629
block_10_expand_BN/strided_slice,0.19525222
block_10_expand_BN/strided_slice_1,0.194818795
block_10_expand_BN/strided_slice_2,0.195475638
block_10_expand_BN/Rank,0.277635813
block_10_expand_BN/range,0.116595427
block_10_expand_BN/Prod,0.44307518
block_10_expand_BN/sub,0.280942321
block_10_expand_BN/moving_mean/local_step,0.11521852
block_10_expand_BN/AssignMovingAvg/block_10_expand_BN/moving_mean/AssignAdd,0.114649057
block_10_expand_BN/AssignMovingAvg/block_10_expand_BN/moving_mean/sub_1,0.429093719
block_10_expand_BN/AssignMovingAvg/block_10_expand_BN/moving_mean/sub_2,0.436065674
block_10_expand_BN/AssignMovingAvg,0.368412698
block_10_expand_BN/moving_variance/local_step,0.115667701
block_10_expand_BN/AssignMovingAvg_1/block_10_expand_BN/moving_variance/AssignAdd,0.1168257
block_10_expand_BN/AssignMovingAvg_1/block_10_expand_BN/moving_variance/sub_1,0.456623554
block_10_expand_BN/AssignMovingAvg_1/block_10_expand_BN/moving_variance/sub_2,0.457765102
block_10_expand_BN/AssignMovingAvg_1,0.377665618
block_10_depthwise/random_uniform,0.116036483
block_10_depthwise/depthwise,0.170122902
block_10_depthwise_BN/strided_slice,0.196614901
block_10_depthwise_BN/strided_slice_1,0.197425961
block_10_depthwise_BN/strided_slice_2,0.196424067
block_10_depthwise_BN/Rank,0.277843714
block_10_depthwise_BN/range,0.115813653
block_10_depthwise_BN/Prod,0.444215655
block_10_depthwise_BN/sub,0.28904891
block_10_depthwise_BN/moving_mean/local_step,0.116262674
block_10_depthwise_BN/AssignMovingAvg/block_10_depthwise_BN/moving_mean/AssignAdd,0.115293026
block_10_depthwise_BN/AssignMovingAvg/block_10_depthwise_BN/moving_mean/sub_1,0.445875406
block_10_depthwise_BN/AssignMovingAvg/block_10_depthwise_BN/moving_mean/sub_2,0.448904157
block_10_depthwise_BN/AssignMovingAvg,0.380131785
block_10_depthwise_BN/moving_variance/local_step,0.117756367
block_10_depthwise_BN/AssignMovingAvg_1/block_10_depthwise_BN/moving_variance/AssignAdd,0.120145917
block_10_depthwise_BN/AssignMovingAvg_1/block_10_depthwise_BN/moving_variance/sub_1,0.474984765
block_10_depthwise_BN/AssignMovingAvg_1/block_10_depthwise_BN/moving_variance/sub_2,0.470525861
block_10_depthwise_BN/AssignMovingAvg_1,0.389898833
block_10_project/random_uniform,0.119431462
block_10_project/convolution,0.278184891
block_10_project_BN/strided_slice,0.200566689
block_10_project_BN/strided_slice_1,0.201436937
block_10_project_BN/strided_slice_2,0.198272467
block_10_project_BN/Rank,0.29179585
block_10_project_BN/range,0.11680309
block_10_project_BN/Prod,0.464876771
block_10_project_BN/sub,0.297854304
block_10_project_BN/moving_mean/local_step,0.118723929
block_10_project_BN/AssignMovingAvg/block_10_project_BN/moving_mean/AssignAdd,0.120841622
block_10_project_BN/AssignMovingAvg/block_10_project_BN/moving_mean/sub_1,0.461080551
block_10_project_BN/AssignMovingAvg/block_10_project_BN/moving_mean/sub_2,0.46632874
block_10_project_BN/AssignMovingAvg,0.388068956
block_10_project_BN/moving_variance/local_step,0.117193878
block_10_project_BN/AssignMovingAvg_1/block_10_project_BN/moving_variance/AssignAdd,0.119181752
block_10_project_BN/AssignMovingAvg_1/block_10_project_BN/moving_variance/sub_1,0.476789355
block_10_project_BN/AssignMovingAvg_1/block_10_project_BN/moving_variance/sub_2,0.48596251
block_10_project_BN/AssignMovingAvg_1,0.39433102
block_11_expand/random_uniform,0.117307867
block_11_expand/convolution,0.292709708
block_11_expand_BN/strided_slice,0.202384869
block_11_expand_BN/strided_slice_1,0.202656806
block_11_expand_BN/strided_slice_2,0.19877243
block_11_expand_BN/Rank,0.28816998
block_11_expand_BN/range,0.115783612
block_11_expand_BN/Prod,0.463795781
block_11_expand_BN/sub,0.300340652
block_11_expand_BN/moving_mean/local_step,0.117331505
block_11_expand_BN/AssignMovingAvg/block_11_expand_BN/moving_mean/AssignAdd,0.118130565
block_11_expand_BN/AssignMovingAvg/block_11_expand_BN/moving_mean/sub_1,0.478353858
block_11_expand_BN/AssignMovingAvg/block_11_expand_BN/moving_mean/sub_2,0.467250586
block_11_expand_BN/AssignMovingAvg,0.401827062
block_11_expand_BN/moving_variance/local_step,0.124439359
block_11_expand_BN/AssignMovingAvg_1/block_11_expand_BN/moving_variance/AssignAdd,0.122017264
block_11_expand_BN/AssignMovingAvg_1/block_11_expand_BN/moving_variance/sub_1,0.502460003
block_11_expand_BN/AssignMovingAvg_1/block_11_expand_BN/moving_variance/sub_2,0.502722502
block_11_expand_BN/AssignMovingAvg_1,0.41420506
block_11_depthwise/random_uniform,0.122544697
block_11_depthwise/depthwise,0.183237592
block_11_depthwise_BN/strided_slice,0.211086373
block_11_depthwise_BN/strided_slice_1,0.210639298
block_11_depthwise_BN/strided_slice_2,0.209574461
block_11_depthwise_BN/Rank,0.298809409
block_11_depthwise_BN/range,0.118341208
block_11_depthwise_BN/Prod,0.486863017
block_11_depthwise_BN/sub,0.31467247
block_11_depthwise_BN/moving_mean/local_step,0.121758819
block_11_depthwise_BN/AssignMovingAvg/block_11_depthwise_BN/moving_mean/AssignAdd,0.120267868
block_11_depthwise_BN/AssignMovingAvg/block_11_depthwise_BN/moving_mean/sub_1,0.4786762
block_11_depthwise_BN/AssignMovingAvg/block_11_depthwise_BN/moving_mean/sub_2,0.479103804
block_11_depthwise_BN/AssignMovingAvg,0.403608988
block_11_depthwise_BN/moving_variance/local_step,0.116190374
block_11_depthwise_BN/AssignMovingAvg_1/block_11_depthwise_BN/moving_variance/AssignAdd,0.119193554
block_11_depthwise_BN/AssignMovingAvg_1/block_11_depthwise_BN/moving_variance/sub_1,0.503609061
block_11_depthwise_BN/AssignMovingAvg_1/block_11_depthwise_BN/moving_variance/sub_2,0.503180265
block_11_depthwise_BN/AssignMovingAvg_1,0.409931295
block_11_project/random_uniform,0.118384463
block_11_project/convolution,0.297732472
block_11_project_BN/strided_slice,0.205706775
block_11_project_BN/strided_slice_1,0.207287371
block_11_project_BN/strided_slice_2,0.203845859
block_11_project_BN/Rank,0.2988199
block_11_project_BN/range,0.115801175
block_11_project_BN/Prod,0.491749048
block_11_project_BN/sub,0.310506225
block_11_project_BN/moving_mean/local_step,0.119403958
block_11_project_BN/AssignMovingAvg/block_11_project_BN/moving_mean/AssignAdd,0.117665291
block_11_project_BN/AssignMovingAvg/block_11_project_BN/moving_mean/sub_1,0.489598632
block_11_project_BN/AssignMovingAvg/block_11_project_BN/moving_mean/sub_2,0.494380832
block_11_project_BN/AssignMovingAvg,0.411594756
block_11_project_BN/moving_variance/local_step,0.116633117
block_11_project_BN/AssignMovingAvg_1/block_11_project_BN/moving_variance/AssignAdd,0.118378282
block_11_project_BN/AssignMovingAvg_1/block_11_project_BN/moving_variance/sub_1,0.503564715
block_11_project_BN/AssignMovingAvg_1/block_11_project_BN/moving_variance/sub_2,0.506779194
block_11_project_BN/AssignMovingAvg_1,0.419440592
block_12_expand/random_uniform,0.116678204
block_12_expand/convolution,0.299837589
block_12_expand_BN/strided_slice,0.212251703
block_12_expand_BN/strided_slice_1,0.211454511
block_12_expand_BN/strided_slice_2,0.209955871
block_12_expand_BN/Rank,0.307835221
block_12_expand_BN/range,0.115298271
block_12_expand_BN/Prod,0.494132161
block_12_expand_BN/sub,0.311791778
block_12_expand_BN/moving_mean/local_step,0.118077815
block_12_expand_BN/AssignMovingAvg/block_12_expand_BN/moving_mean/AssignAdd,0.115302324
block_12_expand_BN/AssignMovingAvg/block_12_expand_BN/moving_mean/sub_1,0.491921663
block_12_expand_BN/AssignMovingAvg/block_12_expand_BN/moving_mean/sub_2,0.501924038
block_12_expand_BN/AssignMovingAvg,0.41576361
block_12_expand_BN/moving_variance/local_step,0.117634773
block_12_expand_BN/AssignMovingAvg_1/block_12_expand_BN/moving_variance/AssignAdd,0.118763685
block_12_expand_BN/AssignMovingAvg_1/block_12_expand_BN/moving_variance/sub_1,0.519890547
block_12_expand_BN/AssignMovingAvg_1/block_12_expand_BN/moving_variance/sub_2,0.514964223
block_12_expand_BN/AssignMovingAvg_1,0.42336478
block_12_depthwise/random_uniform,0.11647531
block_12_depthwise/depthwise,0.180040201
block_12_depthwise_BN/strided_slice,0.210023463
block_12_depthwise_BN/strided_slice_1,0.209121227
block_12_depthwise_BN/strided_slice_2,0.212833464
block_12_depthwise_BN/Rank,0.303899527
block_12_depthwise_BN/range,0.115975936
block_12_depthwise_BN/Prod,0.510423899
block_12_depthwise_BN/sub,0.319564462
block_12_depthwise_BN/moving_mean/local_step,0.117690504
block_12_depthwise_BN/AssignMovingAvg/block_12_depthwise_BN/moving_mean/AssignAdd,0.117964506
block_12_depthwise_BN/AssignMovingAvg/block_12_depthwise_BN/moving_mean/sub_1,0.503841877
block_12_depthwise_BN/AssignMovingAvg/block_12_depthwise_BN/moving_mean/sub_2,0.500193119
block_12_depthwise_BN/AssignMovingAvg,0.423688068
block_12_depthwise_BN/moving_variance/local_step,0.11808908
block_12_depthwise_BN/AssignMovingAvg_1/block_12_depthwise_BN/moving_variance/AssignAdd,0.118059993
block_12_depthwise_BN/AssignMovingAvg_1/block_12_depthwise_BN/moving_variance/sub_1,0.52605176
block_12_depthwise_BN/AssignMovingAvg_1/block_12_depthwise_BN/moving_variance/sub_2,0.532303929
block_12_depthwise_BN/AssignMovingAvg_1,0.433338642
block_12_project/random_uniform,0.11708951
block_12_project/convolution,0.314293861
block_12_project_BN/strided_slice,0.227877319
block_12_project_BN/strided_slice_1,0.227242947
block_12_project_BN/strided_slice_2,0.228116214
block_12_project_BN/Rank,0.330232263
block_12_project_BN/range,0.117538532
block_12_project_BN/Prod,0.52832675
block_12_project_BN/sub,0.323376894
block_12_project_BN/moving_mean/local_step,0.119595826
block_12_project_BN/AssignMovingAvg/block_12_project_BN/moving_mean/AssignAdd,0.120328307
block_12_project_BN/AssignMovingAvg/block_12_project_BN/moving_mean/sub_1,0.513466239
block_12_project_BN/AssignMovingAvg/block_12_project_BN/moving_mean/sub_2,0.513769388
block_12_project_BN/AssignMovingAvg,0.428549114
block_12_project_BN/moving_variance/local_step,0.114719987
block_12_project_BN/AssignMovingAvg_1/block_12_project_BN/moving_variance/AssignAdd,0.114964008
block_12_project_BN/AssignMovingAvg_1/block_12_project_BN/moving_variance/sub_1,0.537972689
block_12_project_BN/AssignMovingAvg_1/block_12_project_BN/moving_variance/sub_2,0.538038373
block_12_project_BN/AssignMovingAvg_1,0.435629929
block_13_expand/random_uniform,0.116328989
block_13_expand/convolution,0.316834688
block_13_expand_BN/strided_slice,0.214764635
block_13_expand_BN/strided_slice_1,0.214737236
block_13_expand_BN/strided_slice_2,0.216071188
block_13_expand_BN/Rank,0.311131716
block_13_expand_BN/range,0.114495357
block_13_expand_BN/Prod,0.534404755
block_13_expand_BN/sub,0.325472713
block_13_expand_BN/moving_mean/local_step,0.116036654
block_13_expand_BN/AssignMovingAvg/block_13_expand_BN/moving_mean/AssignAdd,0.112270236
block_13_expand_BN/AssignMovingAvg/block_13_expand_BN/moving_mean/sub_1,0.523324251
block_13_expand_BN/AssignMovingAvg/block_13_expand_BN/moving_mean/sub_2,0.530532241
block_13_expand_BN/AssignMovingAvg,0.436089319
block_13_expand_BN/moving_variance/local_step,0.114815652
block_13_expand_BN/AssignMovingAvg_1/block_13_expand_BN/moving_variance/AssignAdd,0.115236163
block_13_expand_BN/AssignMovingAvg_1/block_13_expand_BN/moving_variance/sub_1,0.547797561
block_13_expand_BN/AssignMovingAvg_1/block_13_expand_BN/moving_variance/sub_2,0.545338154
block_13_expand_BN/AssignMovingAvg_1,0.443949447
block_13_pad/Pad,0.312986851
block_13_depthwise/random_uniform,0.117868866
block_13_depthwise/depthwise,0.182452838
block_13_depthwise_BN/strided_slice,0.217869858
block_13_depthwise_BN/strided_slice_1,0.215656459
block_13_depthwise_BN/strided_slice_2,0.216978431
block_13_depthwise_BN/Rank,0.319020391
block_13_depthwise_BN/range,0.11725235
block_13_depthwise_BN/Prod,0.541088581
block_13_depthwise_BN/sub,0.336488366
block_13_depthwise_BN/moving_mean/local_step,0.116925061
block_13_depthwise_BN/AssignMovingAvg/block_13_depthwise_BN/moving_mean/AssignAdd,0.114403367
block_13_depthwise_BN/AssignMovingAvg/block_13_depthwise_BN/moving_mean/sub_1,0.531161427
block_13_depthwise_BN/AssignMovingAvg/block_13_depthwise_BN/moving_mean/sub_2,0.530623078
block_13_depthwise_BN/AssignMovingAvg,0.444965454
block_13_depthwise_BN/moving_variance/local_step,0.116044521
block_13_depthwise_BN/AssignMovingAvg_1/block_13_depthwise_BN/moving_variance/AssignAdd,0.117222667
block_13_depthwise_BN/AssignMovingAvg_1/block_13_depthwise_BN/moving_variance/sub_1,0.554212689
block_13_depthwise_BN/AssignMovingAvg_1/block_13_depthwise_BN/moving_variance/sub_2,0.552669883
block_13_depthwise_BN/AssignMovingAvg_1,0.453015706
block_13_project/random_uniform,0.115948677
block_13_project/convolution,0.324958205
block_13_project_BN/strided_slice,0.218245268
block_13_project_BN/strided_slice_1,0.217740357
block_13_project_BN/strided_slice_2,0.218929648
block_13_project_BN/Rank,0.324650168
block_13_project_BN/range,0.115848144
block_13_project_BN/Prod,0.549901128
block_13_project_BN/sub,0.343612432
block_13_project_BN/moving_mean/local_step,0.115480006
block_13_project_BN/AssignMovingAvg/block_13_project_BN/moving_mean/AssignAdd,0.118293405
block_13_project_BN/AssignMovingAvg/block_13_project_BN/moving_mean/sub_1,0.548053384
block_13_project_BN/AssignMovingAvg/block_13_project_BN/moving_mean/sub_2,0.552305102
block_13_project_BN/AssignMovingAvg,0.455364564
block_13_project_BN/moving_variance/local_step,0.116097569
block_13_project_BN/AssignMovingAvg_1/block_13_project_BN/moving_variance/AssignAdd,0.116583228
block_13_project_BN/AssignMovingAvg_1/block_13_project_BN/moving_variance/sub_1,0.575779557
block_13_project_BN/AssignMovingAvg_1/block_13_project_BN/moving_variance/sub_2,0.571440578
block_13_project_BN/AssignMovingAvg_1,0.464945625
block_14_expand/random_uniform,0.116583245
block_14_expand/convolution,0.332936049
block_14_expand_BN/strided_slice,0.221190929
block_14_expand_BN/strided_slice_1,0.219824553
block_14_expand_BN/strided_slice_2,0.223871052
block_14_expand_BN/Rank,0.334563851
block_14_expand_BN/range,0.115964572
block_14_expand_BN/Prod,0.565751195
block_14_expand_BN/sub,0.349080801
block_14_expand_BN/moving_mean/local_step,0.116176367
block_14_expand_BN/AssignMovingAvg/block_14_expand_BN/moving_mean/AssignAdd,0.116976142
block_14_expand_BN/AssignMovingAvg/block_14_expand_BN/moving_mean/sub_1,0.558911681
block_14_expand_BN/AssignMovingAvg/block_14_expand_BN/moving_mean/sub_2,0.559233069
block_14_expand_BN/AssignMovingAvg,0.452428488
block_14_expand_BN/moving_variance/local_step,0.103012204
block_14_expand_BN/AssignMovingAvg_1/block_14_expand_BN/moving_variance/AssignAdd,0.103622794
block_14_expand_BN/AssignMovingAvg_1/block_14_expand_BN/moving_variance/sub_1,0.551270843
block_14_expand_BN/AssignMovingAvg_1/block_14_expand_BN/moving_variance/sub_2,0.56085813
block_14_expand_BN/AssignMovingAvg_1,0.452796221
block_14_depthwise/random_uniform,0.105741569
block_14_depthwise/depthwise,0.177016576
block_14_depthwise_BN/strided_slice,0.213055352
block_14_depthwise_BN/strided_slice_1,0.215345442
block_14_depthwise_BN/strided_slice_2,0.212647021
block_14_depthwise_BN/Rank,0.321578264
block_14_depthwise_BN/range,0.105407556
block_14_depthwise_BN/Prod,0.544771552
block_14_depthwise_BN/sub,0.336659431
block_14_depthwise_BN/moving_mean/local_step,0.111600101
block_14_depthwise_BN/AssignMovingAvg/block_14_depthwise_BN/moving_mean/AssignAdd,0.109431267
block_14_depthwise_BN/AssignMovingAvg/block_14_depthwise_BN/moving_mean/sub_1,0.544976473
block_14_depthwise_BN/AssignMovingAvg/block_14_depthwise_BN/moving_mean/sub_2,0.549634457
block_14_depthwise_BN/AssignMovingAvg,0.452715923
block_14_depthwise_BN/moving_variance/local_step,0.105772197
block_14_depthwise_BN/AssignMovingAvg_1/block_14_depthwise_BN/moving_variance/AssignAdd,0.104345918
block_14_depthwise_BN/AssignMovingAvg_1/block_14_depthwise_BN/moving_variance/sub_1,0.566746712
block_14_depthwise_BN/AssignMovingAvg_1/block_14_depthwise_BN/moving_variance/sub_2,0.573644996
block_14_depthwise_BN/AssignMovingAvg_1,0.459370347
block_14_project/random_uniform,0.114642279
block_14_project/convolution,0.333619952
block_14_project_BN/strided_slice,0.215348184
block_14_project_BN/strided_slice_1,0.21248889
block_14_project_BN/strided_slice_2,0.216014445
block_14_project_BN/Rank,0.328747272
block_14_project_BN/range,0.1025575
block_14_project_BN/Prod,0.551565528
block_14_project_BN/sub,0.335945487
block_14_project_BN/moving_mean/local_step,0.103745282
block_14_project_BN/AssignMovingAvg/block_14_project_BN/moving_mean/AssignAdd,0.105055928
block_14_project_BN/AssignMovingAvg/block_14_project_BN/moving_mean/sub_1,0.561604023
block_14_project_BN/AssignMovingAvg/block_14_project_BN/moving_mean/sub_2,0.562840939
block_14_project_BN/AssignMovingAvg,0.46146153
block_14_project_BN/moving_variance/local_step,0.108794808
block_14_project_BN/AssignMovingAvg_1/block_14_project_BN/moving_variance/AssignAdd,0.107061267
block_14_project_BN/AssignMovingAvg_1/block_14_project_BN/moving_variance/sub_1,0.584353209
block_14_project_BN/AssignMovingAvg_1/block_14_project_BN/moving_variance/sub_2,0.582566142
block_14_project_BN/AssignMovingAvg_1,0.470703995
block_15_expand/random_uniform,0.105528491
block_15_expand/convolution,0.328289509
block_15_expand_BN/strided_slice,0.220288614
block_15_expand_BN/strided_slice_1,0.22207588
block_15_expand_BN/strided_slice_2,0.216145694
block_15_expand_BN/Rank,0.331605196
block_15_expand_BN/range,0.108037313
block_15_expand_BN/Prod,0.569543958
block_15_expand_BN/sub,0.347560763
block_15_expand_BN/moving_mean/local_step,0.108367682
block_15_expand_BN/AssignMovingAvg/block_15_expand_BN/moving_mean/AssignAdd,0.106765151
block_15_expand_BN/AssignMovingAvg/block_15_expand_BN/moving_mean/sub_1,0.564836144
block_15_expand_BN/AssignMovingAvg/block_15_expand_BN/moving_mean/sub_2,0.558428049
block_15_expand_BN/AssignMovingAvg,0.470600402
block_15_expand_BN/moving_variance/local_step,0.106582344
block_15_expand_BN/AssignMovingAvg_1/block_15_expand_BN/moving_variance/AssignAdd,0.11275208
block_15_expand_BN/AssignMovingAvg_1/block_15_expand_BN/moving_variance/sub_1,0.587347388
block_15_expand_BN/AssignMovingAvg_1/block_15_expand_BN/moving_variance/sub_2,0.598719835
block_15_expand_BN/AssignMovingAvg_1,0.482005456
block_15_depthwise/random_uniform,0.105207886
block_15_depthwise/depthwise,0.184410135
block_15_depthwise_BN/strided_slice,0.222099523
block_15_depthwise_BN/strided_slice_1,0.223251462
block_15_depthwise_BN/strided_slice_2,0.217875838
block_15_depthwise_BN/Rank,0.333427072
block_15_depthwise_BN/range,0.106333176
block_15_depthwise_BN/Prod,0.583210707
block_15_depthwise_BN/sub,0.346360922
block_15_depthwise_BN/moving_mean/local_step,0.105505109
block_15_depthwise_BN/AssignMovingAvg/block_15_depthwise_BN/moving_mean/AssignAdd,0.102978706
block_15_depthwise_BN/AssignMovingAvg/block_15_depthwise_BN/moving_mean/sub_1,0.577248931
block_15_depthwise_BN/AssignMovingAvg/block_15_depthwise_BN/moving_mean/sub_2,0.568570137
block_15_depthwise_BN/AssignMovingAvg,0.477139796
block_15_depthwise_BN/moving_variance/local_step,0.113152623
block_15_depthwise_BN/AssignMovingAvg_1/block_15_depthwise_BN/moving_variance/AssignAdd,0.112059593
block_15_depthwise_BN/AssignMovingAvg_1/block_15_depthwise_BN/moving_variance/sub_1,0.617288232
block_15_depthwise_BN/AssignMovingAvg_1/block_15_depthwise_BN/moving_variance/sub_2,0.601839542
block_15_depthwise_BN/AssignMovingAvg_1,0.492779045
block_15_project/random_uniform,0.103569099
block_15_project/convolution,0.335054159
block_15_project_BN/strided_slice,0.223613799
block_15_project_BN/strided_slice_1,0.22270155
block_15_project_BN/strided_slice_2,0.226912141
block_15_project_BN/Rank,0.342105985
block_15_project_BN/range,0.107474089
block_15_project_BN/Prod,0.58920002
block_15_project_BN/sub,0.347414017
block_15_project_BN/moving_mean/local_step,0.103527963
block_15_project_BN/AssignMovingAvg/block_15_project_BN/moving_mean/AssignAdd,0.106225491
block_15_project_BN/AssignMovingAvg/block_15_project_BN/moving_mean/sub_1,0.576838017
block_15_project_BN/AssignMovingAvg/block_15_project_BN/moving_mean/sub_2,0.584348083
block_15_project_BN/AssignMovingAvg,0.483374252
block_15_project_BN/moving_variance/local_step,0.104246199
block_15_project_BN/AssignMovingAvg_1/block_15_project_BN/moving_variance/AssignAdd,0.10964489
block_15_project_BN/AssignMovingAvg_1/block_15_project_BN/moving_variance/sub_1,0.624609232
block_15_project_BN/AssignMovingAvg_1/block_15_project_BN/moving_variance/sub_2,0.609181285
block_15_project_BN/AssignMovingAvg_1,0.495736459
block_16_expand/random_uniform,0.10655444
block_16_expand/convolution,0.350877523
block_16_expand_BN/strided_slice,0.228128254
block_16_expand_BN/strided_slice_1,0.23102504
block_16_expand_BN/strided_slice_2,0.228608906
block_16_expand_BN/Rank,0.350714684
block_16_expand_BN/range,0.106722911
block_16_expand_BN/Prod,0.60898304
block_16_expand_BN/sub,0.360839367
block_16_expand_BN/moving_mean/local_step,0.11815244
block_16_expand_BN/AssignMovingAvg/block_16_expand_BN/moving_mean/AssignAdd,0.112122536
block_16_expand_BN/AssignMovingAvg/block_16_expand_BN/moving_mean/sub_1,0.608082414
block_16_expand_BN/AssignMovingAvg/block_16_expand_BN/moving_mean/sub_2,0.616502404
block_16_expand_BN/AssignMovingAvg,0.501787052
block_16_expand_BN/moving_variance/local_step,0.107590735
block_16_expand_BN/AssignMovingAvg_1/block_16_expand_BN/moving_variance/AssignAdd,0.109737635
block_16_expand_BN/AssignMovingAvg_1/block_16_expand_BN/moving_variance/sub_1,0.627955317
block_16_expand_BN/AssignMovingAvg_1/block_16_expand_BN/moving_variance/sub_2,0.629329801
block_16_expand_BN/AssignMovingAvg_1,0.508551373
block_16_depthwise/random_uniform,0.114083801
block_16_depthwise/depthwise,0.19134903
block_16_depthwise_BN/strided_slice,0.236543655
block_16_depthwise_BN/strided_slice_1,0.238412023
block_16_depthwise_BN/strided_slice_2,0.235842466
block_16_depthwise_BN/Rank,0.357857347
block_16_depthwise_BN/range,0.113508145
block_16_depthwise_BN/Prod,0.630601645
block_16_depthwise_BN/sub,0.373529792
block_16_depthwise_BN/moving_mean/local_step,0.110121071
block_16_depthwise_BN/AssignMovingAvg/block_16_depthwise_BN/moving_mean/AssignAdd,0.109542727
block_16_depthwise_BN/AssignMovingAvg/block_16_depthwise_BN/moving_mean/sub_1,0.624283195
block_16_depthwise_BN/AssignMovingAvg/block_16_depthwise_BN/moving_mean/sub_2,0.632419109
block_16_depthwise_BN/AssignMovingAvg,0.519260406
block_16_depthwise_BN/moving_variance/local_step,0.115843296
block_16_depthwise_BN/AssignMovingAvg_1/block_16_depthwise_BN/moving_variance/AssignAdd,0.124192834
block_16_depthwise_BN/AssignMovingAvg_1/block_16_depthwise_BN/moving_variance/sub_1,0.652671814
block_16_depthwise_BN/AssignMovingAvg_1/block_16_depthwise_BN/moving_variance/sub_2,0.6697191
block_16_depthwise_BN/AssignMovingAvg_1,0.534264046
block_16_project/random_uniform,0.119623491
block_16_project/convolution,0.371093273
block_16_project_BN/strided_slice,0.243748188
block_16_project_BN/strided_slice_1,0.243616939
block_16_project_BN/strided_slice_2,0.243844748
block_16_project_BN/Rank,0.375075579
block_16_project_BN/range,0.1154929
block_16_project_BN/Prod,0.633975506
block_16_project_BN/sub,0.377058387
block_16_project_BN/moving_mean/local_step,0.113351107
block_16_project_BN/AssignMovingAvg/block_16_project_BN/moving_mean/AssignAdd,0.112793684
block_16_project_BN/AssignMovingAvg/block_16_project_BN/moving_mean/sub_1,0.621712804
block_16_project_BN/AssignMovingAvg/block_16_project_BN/moving_mean/sub_2,0.632053852
block_16_project_BN/AssignMovingAvg,0.517164279
block_16_project_BN/moving_variance/local_step,0.115787327
block_16_project_BN/AssignMovingAvg_1/block_16_project_BN/moving_variance/AssignAdd,0.111506939
block_16_project_BN/AssignMovingAvg_1/block_16_project_BN/moving_variance/sub_1,0.652040482
block_16_project_BN/AssignMovingAvg_1/block_16_project_BN/moving_variance/sub_2,0.65146327
block_16_project_BN/AssignMovingAvg_1,0.526830813
Conv_1/random_uniform,0.111961705
Conv_1/convolution,0.370290399
Conv_1_bn/strided_slice,0.243878206
Conv_1_bn/strided_slice_1,0.240111232
Conv_1_bn/strided_slice_2,0.245498121
Conv_1_bn/Rank,0.400927424
Conv_1_bn/range,0.123111089
Conv_1_bn/Prod,0.652166843
Conv_1_bn/sub,0.383070111
Conv_1_bn/AssignMovingAvg/Conv_1_bn/moving_mean/zeros,0.109235922
Conv_1_bn/moving_mean/local_step,0.110742271
Conv_1_bn/AssignMovingAvg/Conv_1_bn/moving_mean/AssignAdd,0.115402579
Conv_1_bn/AssignMovingAvg/Conv_1_bn/moving_mean/sub_1,0.635418415
Conv_1_bn/AssignMovingAvg/Conv_1_bn/moving_mean/sub_2,0.637552738
Conv_1_bn/AssignMovingAvg,0.482168091
Conv_1_bn/AssignMovingAvg_1/Conv_1_bn/moving_variance/zeros,0.11555624
Conv_1_bn/moving_variance/local_step,0.114961088
Conv_1_bn/AssignMovingAvg_1/Conv_1_bn/moving_variance/AssignAdd,0.115557313
Conv_1_bn/AssignMovingAvg_1/Conv_1_bn/moving_variance/sub_1,0.669751048
Conv_1_bn/AssignMovingAvg_1/Conv_1_bn/moving_variance/sub_2,0.664963603
Conv_1_bn/AssignMovingAvg_1,0.493568408
global_average_pooling2d_1/Mean,0.375330687
predictions/random_uniform,0.113371747
SGD/iterations,0.112651885
SGD/lr,0.11028254
SGD/momentum,0.110886216
SGD/decay,0.111106336
loss/predictions_loss/Sum,0.287311872
loss/predictions_loss/sub,0.113463163
loss/predictions_loss/clip_by_value,0.658321023
metrics/acc/ArgMax_1,0.370506048
training/SGD/gradients/loss/predictions_loss/Mean_2_grad/Reshape,0.116820574
training/SGD/gradients/loss/predictions_loss/Mean_2_grad/Maximum,0.112204194
training/SGD/gradients/loss/predictions_loss/Mean_grad/range,0.105395953
training/SGD/gradients/loss/predictions_loss/Mean_grad/Fill,0.104973197
training/SGD/gradients/loss/predictions_loss/Sum_1_grad/range,0.111724695
training/SGD/gradients/loss/predictions_loss/Sum_1_grad/Fill,0.10788691
training/SGD/gradients/loss/predictions_loss/Sum_grad/range,0.106448015
training/SGD/gradients/loss/predictions_loss/Sum_grad/Fill,0.105832577
training/SGD/gradients/loss/predictions_loss/Sum_grad/Maximum,0.379045606
training/SGD/AssignAdd,0.108813882
training/SGD/zeros,0.106140494
softmax_cross_entropy_with_logits_sg/Sub,0.109679778
softmax_cross_entropy_with_logits_sg/Slice,0.249016911
softmax_cross_entropy_with_logits_sg/concat,0.22382555
softmax_cross_entropy_with_logits_sg/Sub_1,0.108276963
softmax_cross_entropy_with_logits_sg/Sub_2,0.106625438
softmax_cross_entropy_with_logits_sg/Slice_2,0.292993863
Conv1_1/random_uniform,0.107679469
bn_Conv1_1/range,0.103992144
bn_Conv1_1/AssignMovingAvg/bn_Conv1_1/moving_mean/AssignAdd,0.103715897
bn_Conv1_1/AssignMovingAvg_1/bn_Conv1_1/moving_variance/AssignAdd,0.105205894
expanded_conv_depthwise_1/random_uniform,0.106409413
expanded_conv_depthwise_BN_1/range,0.109724601
expanded_conv_depthwise_BN_1/AssignMovingAvg/expanded_conv_depthwise_BN_1/moving_mean/AssignAdd,0.109696627
expanded_conv_depthwise_BN_1/AssignMovingAvg_1/expanded_conv_depthwise_BN_1/moving_variance/AssignAdd,0.118141413
expanded_conv_project_1/random_uniform,0.110352278
expanded_conv_project_BN_1/range,0.108141184
expanded_conv_project_BN_1/AssignMovingAvg/expanded_conv_project_BN_1/moving_mean/AssignAdd,0.111017823
expanded_conv_project_BN_1/AssignMovingAvg_1/expanded_conv_project_BN_1/moving_variance/AssignAdd,0.115868211
block_1_expand_1/random_uniform,0.116029228
block_1_expand_BN_1/range,0.118776162
block_1_expand_BN_1/AssignMovingAvg/block_1_expand_BN_1/moving_mean/AssignAdd,0.118341684
block_1_expand_BN_1/AssignMovingAvg_1/block_1_expand_BN_1/moving_variance/AssignAdd,0.111303568
block_1_depthwise_1/random_uniform,0.112668685
block_1_depthwise_BN_1/range,0.115814845
block_1_depthwise_BN_1/AssignMovingAvg/block_1_depthwise_BN_1/moving_mean/AssignAdd,0.110014081
block_1_depthwise_BN_1/AssignMovingAvg_1/block_1_depthwise_BN_1/moving_variance/AssignAdd,0.107398629
block_1_project_1/random_uniform,0.111715181
block_1_project_BN_1/range,0.112144868
block_1_project_BN_1/AssignMovingAvg/block_1_project_BN_1/moving_mean/AssignAdd,0.106863022
block_1_project_BN_1/AssignMovingAvg_1/block_1_project_BN_1/moving_variance/AssignAdd,0.111643314
block_2_expand_1/random_uniform,0.11582739
block_2_expand_BN_1/range,0.116022905
block_2_expand_BN_1/AssignMovingAvg/block_2_expand_BN_1/moving_mean/AssignAdd,0.122139931
block_2_expand_BN_1/AssignMovingAvg_1/block_2_expand_BN_1/moving_variance/AssignAdd,0.113457561
block_2_depthwise_1/random_uniform,0.115631138
block_2_depthwise_BN_1/range,0.109553893
block_2_depthwise_BN_1/AssignMovingAvg/block_2_depthwise_BN_1/moving_mean/AssignAdd,0.111301541
block_2_depthwise_BN_1/AssignMovingAvg_1/block_2_depthwise_BN_1/moving_variance/AssignAdd,0.114006281
block_2_project_1/random_uniform,0.110193457
block_2_project_BN_1/range,0.107767423
block_2_project_BN_1/AssignMovingAvg/block_2_project_BN_1/moving_mean/AssignAdd,0.10717988
block_2_project_BN_1/AssignMovingAvg_1/block_2_project_BN_1/moving_variance/AssignAdd,0.11640048
block_3_expand_1/random_uniform,0.10976134
block_3_expand_BN_1/range,0.109832366
block_3_expand_BN_1/AssignMovingAvg/block_3_expand_BN_1/moving_mean/AssignAdd,0.115436673
block_3_expand_BN_1/AssignMovingAvg_1/block_3_expand_BN_1/moving_variance/AssignAdd,0.115163684
block_3_depthwise_1/random_uniform,0.11153606
block_3_depthwise_BN_1/range,0.112097025
block_3_depthwise_BN_1/AssignMovingAvg/block_3_depthwise_BN_1/moving_mean/AssignAdd,0.107440591
block_3_depthwise_BN_1/AssignMovingAvg_1/block_3_depthwise_BN_1/moving_variance/AssignAdd,0.109984517
block_3_project_1/random_uniform,0.110276222
block_3_project_BN_1/range,0.106844664
block_3_project_BN_1/AssignMovingAvg/block_3_project_BN_1/moving_mean/AssignAdd,0.107046843
block_3_project_BN_1/AssignMovingAvg_1/block_3_project_BN_1/moving_variance/AssignAdd,0.113437533
block_4_expand_1/random_uniform,0.11150057
block_4_expand_BN_1/range,0.108219862
block_4_expand_BN_1/AssignMovingAvg/block_4_expand_BN_1/moving_mean/AssignAdd,0.117838502
block_4_expand_BN_1/AssignMovingAvg_1/block_4_expand_BN_1/moving_variance/AssignAdd,0.108356118
block_4_depthwise_1/random_uniform,0.115436963
block_4_depthwise_BN_1/range,0.10801816
block_4_depthwise_BN_1/AssignMovingAvg/block_4_depthwise_BN_1/moving_mean/AssignAdd,0.108173251
block_4_depthwise_BN_1/AssignMovingAvg_1/block_4_depthwise_BN_1/moving_variance/AssignAdd,0.109943509
block_4_project_1/random_uniform,0.110244717
block_4_project_BN_1/range,0.11050717
block_4_project_BN_1/AssignMovingAvg/block_4_project_BN_1/moving_mean/AssignAdd,0.113477945
block_4_project_BN_1/AssignMovingAvg_1/block_4_project_BN_1/moving_variance/AssignAdd,0.116082668
block_5_expand_1/random_uniform,0.114048788
block_5_expand_BN_1/range,0.112366279
block_5_expand_BN_1/AssignMovingAvg/block_5_expand_BN_1/moving_mean/AssignAdd,0.118052483
block_5_expand_BN_1/AssignMovingAvg_1/block_5_expand_BN_1/moving_variance/AssignAdd,0.119819999
block_5_depthwise_1/random_uniform,0.113950423
block_5_depthwise_BN_1/range,0.113890409
block_5_depthwise_BN_1/AssignMovingAvg/block_5_depthwise_BN_1/moving_mean/AssignAdd,0.114134192
block_5_depthwise_BN_1/AssignMovingAvg_1/block_5_depthwise_BN_1/moving_variance/AssignAdd,0.115566373
block_5_project_1/random_uniform,0.109291349
block_5_project_BN_1/range,0.120930036
block_5_project_BN_1/AssignMovingAvg/block_5_project_BN_1/moving_mean/AssignAdd,0.117869973
block_5_project_BN_1/AssignMovingAvg_1/block_5_project_BN_1/moving_variance/AssignAdd,0.122206092
block_6_expand_1/random_uniform,0.113404376
block_6_expand_BN_1/range,0.118638833
block_6_expand_BN_1/AssignMovingAvg/block_6_expand_BN_1/moving_mean/AssignAdd,0.117780447
block_6_expand_BN_1/AssignMovingAvg_1/block_6_expand_BN_1/moving_variance/AssignAdd,0.110479236
block_6_depthwise_1/random_uniform,0.111910684
block_6_depthwise_BN_1/range,0.113230944
block_6_depthwise_BN_1/AssignMovingAvg/block_6_depthwise_BN_1/moving_mean/AssignAdd,0.110646725
block_6_depthwise_BN_1/AssignMovingAvg_1/block_6_depthwise_BN_1/moving_variance/AssignAdd,0.109593153
block_6_project_1/random_uniform,0.11235622
block_6_project_BN_1/range,0.111900727
block_6_project_BN_1/AssignMovingAvg/block_6_project_BN_1/moving_mean/AssignAdd,0.111812711
block_6_project_BN_1/AssignMovingAvg_1/block_6_project_BN_1/moving_variance/AssignAdd,0.118472338
block_7_expand_1/random_uniform,0.114734105
block_7_expand_BN_1/range,0.120870749
block_7_expand_BN_1/AssignMovingAvg/block_7_expand_BN_1/moving_mean/AssignAdd,0.116438031
block_7_expand_BN_1/AssignMovingAvg_1/block_7_expand_BN_1/moving_variance/AssignAdd,0.112019181
block_7_depthwise_1/random_uniform,0.116719382
block_7_depthwise_BN_1/range,0.112339179
block_7_depthwise_BN_1/AssignMovingAvg/block_7_depthwise_BN_1/moving_mean/AssignAdd,0.114028692
block_7_depthwise_BN_1/AssignMovingAvg_1/block_7_depthwise_BN_1/moving_variance/AssignAdd,0.116531134
block_7_project_1/random_uniform,0.121837957
block_7_project_BN_1/range,0.107599894
block_7_project_BN_1/AssignMovingAvg/block_7_project_BN_1/moving_mean/AssignAdd,0.111459136
block_7_project_BN_1/AssignMovingAvg_1/block_7_project_BN_1/moving_variance/AssignAdd,0.109238982
block_8_expand_1/random_uniform,0.119464431
block_8_expand_BN_1/range,0.116572221
block_8_expand_BN_1/AssignMovingAvg/block_8_expand_BN_1/moving_mean/AssignAdd,0.125403523
block_8_expand_BN_1/AssignMovingAvg_1/block_8_expand_BN_1/moving_variance/AssignAdd,0.117210507
block_8_depthwise_1/random_uniform,0.113716432
block_8_depthwise_BN_1/range,0.111401478
block_8_depthwise_BN_1/AssignMovingAvg/block_8_depthwise_BN_1/moving_mean/AssignAdd,0.124018073
block_8_depthwise_BN_1/AssignMovingAvg_1/block_8_depthwise_BN_1/moving_variance/AssignAdd,0.114247561
block_8_project_1/random_uniform,0.122900963
block_8_project_BN_1/range,0.121921619
block_8_project_BN_1/AssignMovingAvg/block_8_project_BN_1/moving_mean/AssignAdd,0.112492561
block_8_project_BN_1/AssignMovingAvg_1/block_8_project_BN_1/moving_variance/AssignAdd,0.120891333
block_9_expand_1/random_uniform,0.116625752
block_9_expand_BN_1/range,0.118023554
block_9_expand_BN_1/AssignMovingAvg/block_9_expand_BN_1/moving_mean/AssignAdd,0.116252542
block_9_expand_BN_1/AssignMovingAvg_1/block_9_expand_BN_1/moving_variance/AssignAdd,0.120782375
block_9_depthwise_1/random_uniform,0.120411532
block_9_depthwise_BN_1/range,0.112941106
block_9_depthwise_BN_1/AssignMovingAvg/block_9_depthwise_BN_1/moving_mean/AssignAdd,0.109834433
block_9_depthwise_BN_1/AssignMovingAvg_1/block_9_depthwise_BN_1/moving_variance/AssignAdd,0.121724963
block_9_project_1/random_uniform,0.118732146
block_9_project_BN_1/range,0.115615368
block_9_project_BN_1/AssignMovingAvg/block_9_project_BN_1/moving_mean/AssignAdd,0.112894893
block_9_project_BN_1/AssignMovingAvg_1/block_9_project_BN_1/moving_variance/AssignAdd,0.113895774
block_10_expand_1/random_uniform,0.115652459
block_10_expand_BN_1/range,0.119116465
block_10_expand_BN_1/AssignMovingAvg/block_10_expand_BN_1/moving_mean/AssignAdd,0.112524986
block_10_expand_BN_1/AssignMovingAvg_1/block_10_expand_BN_1/moving_variance/AssignAdd,0.116513252
block_10_depthwise_1/random_uniform,0.109629597
block_10_depthwise_BN_1/range,0.112599452
block_10_depthwise_BN_1/AssignMovingAvg/block_10_depthwise_BN_1/moving_mean/AssignAdd,0.111703038
block_10_depthwise_BN_1/AssignMovingAvg_1/block_10_depthwise_BN_1/moving_variance/AssignAdd,0.112393379
block_10_project_1/random_uniform,0.112930059
block_10_project_BN_1/range,0.11272041
block_10_project_BN_1/AssignMovingAvg/block_10_project_BN_1/moving_mean/AssignAdd,0.112807989
block_10_project_BN_1/AssignMovingAvg_1/block_10_project_BN_1/moving_variance/AssignAdd,0.112208247
block_11_expand_1/random_uniform,0.119704008
block_11_expand_BN_1/range,0.11908555
block_11_expand_BN_1/AssignMovingAvg/block_11_expand_BN_1/moving_mean/AssignAdd,0.11084187
block_11_expand_BN_1/AssignMovingAvg_1/block_11_expand_BN_1/moving_variance/AssignAdd,0.113856673
block_11_depthwise_1/random_uniform,0.111297471
block_11_depthwise_BN_1/range,0.118920008
block_11_depthwise_BN_1/AssignMovingAvg/block_11_depthwise_BN_1/moving_mean/AssignAdd,0.112729669
block_11_depthwise_BN_1/AssignMovingAvg_1/block_11_depthwise_BN_1/moving_variance/AssignAdd,0.11314714
block_11_project_1/random_uniform,0.12155509
block_11_project_BN_1/range,0.11262687
block_11_project_BN_1/AssignMovingAvg/block_11_project_BN_1/moving_mean/AssignAdd,0.113118768
block_11_project_BN_1/AssignMovingAvg_1/block_11_project_BN_1/moving_variance/AssignAdd,0.114866138
block_12_expand_1/random_uniform,0.1137243
block_12_expand_BN_1/range,0.11607488
block_12_expand_BN_1/AssignMovingAvg/block_12_expand_BN_1/moving_mean/AssignAdd,0.113607287
block_12_expand_BN_1/AssignMovingAvg_1/block_12_expand_BN_1/moving_variance/AssignAdd,0.121189356
block_12_depthwise_1/random_uniform,0.114171267
block_12_depthwise_BN_1/range,0.115246534
block_12_depthwise_BN_1/AssignMovingAvg/block_12_depthwise_BN_1/moving_mean/AssignAdd,0.11270237
block_12_depthwise_BN_1/AssignMovingAvg_1/block_12_depthwise_BN_1/moving_variance/AssignAdd,0.119430304
block_12_project_1/random_uniform,0.113898584
block_12_project_BN_1/range,0.122072856
block_12_project_BN_1/AssignMovingAvg/block_12_project_BN_1/moving_mean/AssignAdd,0.112136364
block_12_project_BN_1/AssignMovingAvg_1/block_12_project_BN_1/moving_variance/AssignAdd,0.108122945
block_13_expand_1/random_uniform,0.112168823
block_13_expand_BN_1/range,0.115991831
block_13_expand_BN_1/AssignMovingAvg/block_13_expand_BN_1/moving_mean/AssignAdd,0.119560599
block_13_expand_BN_1/AssignMovingAvg_1/block_13_expand_BN_1/moving_variance/AssignAdd,0.118618608
block_13_depthwise_1/random_uniform,0.113768169
block_13_depthwise_BN_1/range,0.109221776
block_13_depthwise_BN_1/AssignMovingAvg/block_13_depthwise_BN_1/moving_mean/AssignAdd,0.113040686
block_13_depthwise_BN_1/AssignMovingAvg_1/block_13_depthwise_BN_1/moving_variance/AssignAdd,0.117157698
block_13_project_1/random_uniform,0.119815656
block_13_project_BN_1/range,0.113847097
block_13_project_BN_1/AssignMovingAvg/block_13_project_BN_1/moving_mean/AssignAdd,0.115763545
block_13_project_BN_1/AssignMovingAvg_1/block_13_project_BN_1/moving_variance/AssignAdd,0.120101929
block_14_expand_1/random_uniform,0.112775769
block_14_expand_BN_1/range,0.120377858
block_14_expand_BN_1/AssignMovingAvg/block_14_expand_BN_1/moving_mean/AssignAdd,0.124716759
block_14_expand_BN_1/AssignMovingAvg_1/block_14_expand_BN_1/moving_variance/AssignAdd,0.113520265
block_14_depthwise_1/random_uniform,0.115282808
block_14_depthwise_BN_1/range,0.113211552
block_14_depthwise_BN_1/AssignMovingAvg/block_14_depthwise_BN_1/moving_mean/AssignAdd,0.116268277
block_14_depthwise_BN_1/AssignMovingAvg_1/block_14_depthwise_BN_1/moving_variance/AssignAdd,0.111775875
block_14_project_1/random_uniform,0.112227508
block_14_project_BN_1/range,0.108004332
block_14_project_BN_1/AssignMovingAvg/block_14_project_BN_1/moving_mean/AssignAdd,0.120786428
block_14_project_BN_1/AssignMovingAvg_1/block_14_project_BN_1/moving_variance/AssignAdd,0.121524453
block_15_expand_1/random_uniform,0.116974626
block_15_expand_BN_1/range,0.119649013
block_15_expand_BN_1/AssignMovingAvg/block_15_expand_BN_1/moving_mean/AssignAdd,0.114837289
block_15_expand_BN_1/AssignMovingAvg_1/block_15_expand_BN_1/moving_variance/AssignAdd,0.116339803
block_15_depthwise_1/random_uniform,0.113167456
block_15_depthwise_BN_1/range,0.112961133
block_15_depthwise_BN_1/AssignMovingAvg/block_15_depthwise_BN_1/moving_mean/AssignAdd,0.115283966
block_15_depthwise_BN_1/AssignMovingAvg_1/block_15_depthwise_BN_1/moving_variance/AssignAdd,0.11297667
block_15_project_1/random_uniform,0.119354759
block_15_project_BN_1/range,0.114488999
block_15_project_BN_1/AssignMovingAvg/block_15_project_BN_1/moving_mean/AssignAdd,0.114996552
block_15_project_BN_1/AssignMovingAvg_1/block_15_project_BN_1/moving_variance/AssignAdd,0.114938378
block_16_expand_1/random_uniform,0.110811676
block_16_expand_BN_1/range,0.110793034
block_16_expand_BN_1/AssignMovingAvg/block_16_expand_BN_1/moving_mean/AssignAdd,0.111063957
block_16_expand_BN_1/AssignMovingAvg_1/block_16_expand_BN_1/moving_variance/AssignAdd,0.12045157
block_16_depthwise_1/random_uniform,0.113682474
block_16_depthwise_BN_1/range,0.107613643
block_16_depthwise_BN_1/AssignMovingAvg/block_16_depthwise_BN_1/moving_mean/AssignAdd,0.112049699
block_16_depthwise_BN_1/AssignMovingAvg_1/block_16_depthwise_BN_1/moving_variance/AssignAdd,0.120958567
block_16_project_1/random_uniform,0.114642041
block_16_project_BN_1/range,0.114322503
block_16_project_BN_1/AssignMovingAvg/block_16_project_BN_1/moving_mean/AssignAdd,0.119959831
block_16_project_BN_1/AssignMovingAvg_1/block_16_project_BN_1/moving_variance/AssignAdd,0.117649555
Conv_1_1/random_uniform,0.118268899
Conv_1_bn_1/range,0.12221837
Conv_1_bn_1/AssignMovingAvg/Conv_1_bn_1/moving_mean/zeros,0.110738675
Conv_1_bn_1/AssignMovingAvg/Conv_1_bn_1/moving_mean/AssignAdd,0.114444852
Conv_1_bn_1/AssignMovingAvg_1/Conv_1_bn_1/moving_variance/zeros,0.121300697
Conv_1_bn_1/AssignMovingAvg_1/Conv_1_bn_1/moving_variance/AssignAdd,0.111774921
predictions_1/random_uniform,0.114360332
loss_1/predictions_loss/sub,0.107441068
training_1/SGD/gradients/loss_1/predictions_loss/Mean_2_grad/Reshape,0.110033035
training_1/SGD/gradients/loss_1/predictions_loss/Mean_2_grad/Maximum,0.118142486
training_1/SGD/gradients/loss_1/predictions_loss/Mean_grad/range,0.113346736
training_1/SGD/gradients/loss_1/predictions_loss/Mean_grad/Fill,0.114882708
training_1/SGD/gradients/loss_1/predictions_loss/Sum_1_grad/range,0.10986503
training_1/SGD/gradients/loss_1/predictions_loss/Sum_1_grad/Fill,0.107216835
training_1/SGD/gradients/loss_1/predictions_loss/Sum_grad/range,0.119164785
training_1/SGD/gradients/loss_1/predictions_loss/Sum_grad/Fill,0.115578771
training_1/SGD/AssignAdd,0.117756605
training_1/SGD/zeros,0.118443966
