IMAGE,ORIGINAL LABEL,Top n Predictions,Explanations,Original=Predicted?,Probability Of Top Most Prediction,Probability Of Top n Predictions,misclsfied_with_high_prob,corr_clsfied_with_low_prob,corr_clsfied_with_high_prob,isSelected,comments
rural_065.JPEG,stop_sign,"['100_speed', 'stop_sign', 'right_turn']","['explaining_1_100_speed.JPEG', 'explaining_2_stop_sign.JPEG', 'explaining_3_right_turn.JPEG']",False,0.8405441641807556,"['0.84054416', '0.07148155', '0.06142674']",True,False,False,True,Test
62. 100668424-sharp-right-turn-sign-.jpg,right_turn,"['no_right_turn', 'right_turn', '100_speed']","['explaining_1_no_right_turn.JPEG', 'explaining_2_right_turn.JPEG', 'explaining_3_100_speed.JPEG']",False,0.7271621227264404,"['0.7271621', '0.23049635', '0.027591841']",True,False,False,True,Test2
30. rfs0647__95636.1524074888.jpg,right_turn,"['100_speed', 'no_right_turn', 'right_turn']","['explaining_1_100_speed.JPEG', 'explaining_2_no_right_turn.JPEG', 'explaining_3_right_turn.JPEG']",False,0.7046116590499878,"['0.70461166', '0.26608247', '0.026147047']",True,False,False,False,
rural_018.JPEG,stop_sign,"['100_speed', 'right_turn', 'no_right_turn']","['explaining_1_100_speed.JPEG', 'explaining_2_right_turn.JPEG', 'explaining_3_no_right_turn.JPEG']",False,0.6896010041236877,"['0.689601', '0.16205919', '0.11098091']",True,False,False,False,
5. s-l300.jpg,right_turn,"['stop_sign', 'right_turn', '100_speed']","['explaining_1_stop_sign.JPEG', 'explaining_2_right_turn.JPEG', 'explaining_3_100_speed.JPEG']",False,0.6140251755714417,"['0.6140252', '0.2023362', '0.12430044']",True,False,False,False,
16. 010337.jpg,right_turn,"['no_right_turn', '100_speed', 'right_turn']","['explaining_1_no_right_turn.JPEG', 'explaining_2_100_speed.JPEG', 'explaining_3_right_turn.JPEG']",False,0.5977423191070557,"['0.5977423', '0.1750964', '0.14105189']",True,False,False,True,Test3
city_046.JPEG,stop_sign,"['100_speed', 'right_turn', 'no_right_turn']","['explaining_1_100_speed.JPEG', 'explaining_2_right_turn.JPEG', 'explaining_3_no_right_turn.JPEG']",False,0.5940327048301697,"['0.5940327', '0.23933677', '0.09038687']",True,False,False,False,
rural_081.JPEG,stop_sign,"['100_speed', 'stop_sign', 'no_right_turn']","['explaining_1_100_speed.JPEG', 'explaining_2_stop_sign.JPEG', 'explaining_3_no_right_turn.JPEG']",False,0.5253711938858032,"['0.5253712', '0.44904664', '0.019546956']",True,False,False,False,
16. c31-10.jpg,100_speed,"['100_speed', 'no_right_turn', 'stop_sign']","['explaining_1_100_speed.JPEG', 'explaining_2_no_right_turn.JPEG', 'explaining_3_stop_sign.JPEG']",True,0.9965797066688538,"['0.9965797', '0.0021604106', '0.0012022748']",False,False,True,False,
4. maximum-speed-limit-100-sign-flat-icon-vector-14488033.jpg,100_speed,"['100_speed', 'no_right_turn', 'stop_sign']","['explaining_1_100_speed.JPEG', 'explaining_2_no_right_turn.JPEG', 'explaining_3_stop_sign.JPEG']",True,0.9912195801734924,"['0.9912196', '0.007831633', '0.00088569603']",False,False,True,False,
36. speed-limit-100-in-mexico-stock-photos_csp30370638.jpg,100_speed,"['100_speed', 'no_right_turn', 'stop_sign']","['explaining_1_100_speed.JPEG', 'explaining_2_no_right_turn.JPEG', 'explaining_3_stop_sign.JPEG']",True,0.9910548329353333,"['0.99105483', '0.007563792', '0.0010979819']",False,False,True,False,
13. traffic-sign-a-hundred-100-miles-or-kilometers-per-hour-speed-limit-at2tw7.jpg,100_speed,"['100_speed', 'no_right_turn', 'stop_sign']","['explaining_1_100_speed.JPEG', 'explaining_2_no_right_turn.JPEG', 'explaining_3_stop_sign.JPEG']",True,0.9858255982398988,"['0.9858256', '0.012304195', '0.0017455054']",False,False,True,False,
68. traffic-sign-a-hundred-100-miles-or-kilometers-per-hour-speed-limit-at2ttd.jpg,100_speed,"['100_speed', 'no_right_turn', 'stop_sign']","['explaining_1_100_speed.JPEG', 'explaining_2_no_right_turn.JPEG', 'explaining_3_stop_sign.JPEG']",True,0.9853919148445128,"['0.9853919', '0.012007541', '0.002439145']",False,False,True,False,
24. turn_right_sign_w1-1r_large.jpg,right_turn,"['right_turn', 'stop_sign', '100_speed']","['explaining_1_right_turn.JPEG', 'explaining_2_stop_sign.JPEG', 'explaining_3_100_speed.JPEG']",True,0.9849123954772948,"['0.9849124', '0.009995537', '0.002730963']",False,False,True,False,
39. 41060253-indonesia-regulatory-sign-no-right-turn-.jpg,no_right_turn,"['no_right_turn', '100_speed', 'right_turn']","['explaining_1_no_right_turn.JPEG', 'explaining_2_100_speed.JPEG', 'explaining_3_right_turn.JPEG']",True,0.983880579471588,"['0.9838806', '0.015858816', '0.00019546844']",False,False,True,False,
Cropped1_100speed.JPG,100_speed,"['100_speed', 'no_right_turn', 'stop_sign']","['explaining_1_100_speed.JPEG', 'explaining_2_no_right_turn.JPEG', 'explaining_3_stop_sign.JPEG']",True,0.9775086641311646,"['0.97750866', '0.01790788', '0.0042743995']",False,False,True,False,
21. 100-sign.jpg,100_speed,"['100_speed', 'no_right_turn', 'stop_sign']","['explaining_1_100_speed.JPEG', 'explaining_2_no_right_turn.JPEG', 'explaining_3_stop_sign.JPEG']",True,0.9765883684158324,"['0.97658837', '0.022147402', '0.0010188712']",False,False,True,False,
stopsign_00055.jpg,stop_sign,"['stop_sign', 'right_turn', '100_speed']","['explaining_1_stop_sign.JPEG', 'explaining_2_right_turn.JPEG', 'explaining_3_100_speed.JPEG']",True,0.9763167500495912,"['0.97631675', '0.0117850425', '0.0091862']",False,False,True,False,
43. 30a8983c-5bed-4642-851a-36d36e6ec1cd-lg.jpg,no_right_turn,"['no_right_turn', '100_speed', 'stop_sign']","['explaining_1_no_right_turn.JPEG', 'explaining_2_100_speed.JPEG', 'explaining_3_stop_sign.JPEG']",True,0.9761390686035156,"['0.97613907', '0.014188442', '0.006934068']",False,False,True,False,
8. no_right_turn_symbol_sign-1286-1_1.jpg,no_right_turn,"['no_right_turn', '100_speed', 'stop_sign']","['explaining_1_no_right_turn.JPEG', 'explaining_2_100_speed.JPEG', 'explaining_3_stop_sign.JPEG']",True,0.9746065139770508,"['0.9746065', '0.024984932', '0.0002872606']",False,False,True,False,
2. maxsafe-600-x-600-speed-limit-100-sign.jpg,100_speed,"['100_speed', 'no_right_turn', 'stop_sign']","['explaining_1_100_speed.JPEG', 'explaining_2_no_right_turn.JPEG', 'explaining_3_stop_sign.JPEG']",True,0.9694929718971252,"['0.969493', '0.029758388', '0.00065472076']",False,False,True,False,
92. 151757291.jpg,100_speed,"['100_speed', 'stop_sign', 'no_right_turn']","['explaining_1_100_speed.JPEG', 'explaining_2_stop_sign.JPEG', 'explaining_3_no_right_turn.JPEG']",True,0.9593021273612976,"['0.9593021', '0.029031526', '0.006598193']",False,False,True,False,
7. no-right-turn.jpg,no_right_turn,"['no_right_turn', '100_speed', 'right_turn']","['explaining_1_no_right_turn.JPEG', 'explaining_2_100_speed.JPEG', 'explaining_3_right_turn.JPEG']",True,0.948420226573944,"['0.9484202', '0.05134998', '0.00020006644']",False,False,True,False,
22. khk5854_3ks7494_630.jpg,right_turn,"['right_turn', 'no_right_turn', '100_speed']","['explaining_1_right_turn.JPEG', 'explaining_2_no_right_turn.JPEG', 'explaining_3_100_speed.JPEG']",True,0.9419364333152772,"['0.94193643', '0.025943877', '0.01839099']",False,False,True,False,
36. no-right-turn-sign-womens-premium-t-shirt.jpg,no_right_turn,"['no_right_turn', '100_speed', 'right_turn']","['explaining_1_no_right_turn.JPEG', 'explaining_2_100_speed.JPEG', 'explaining_3_right_turn.JPEG']",True,0.9410839676856996,"['0.94108397', '0.05802823', '0.0006738322']",False,False,True,False,
22. usa-traffic-road-signs-no-right-turn-vector-21059672.jpg,no_right_turn,"['no_right_turn', 'stop_sign', '100_speed']","['explaining_1_no_right_turn.JPEG', 'explaining_2_stop_sign.JPEG', 'explaining_3_100_speed.JPEG']",True,0.9283420443534852,"['0.92834204', '0.04171272', '0.024679521']",False,False,True,False,
30. bs2432-100-speed-limit.jpg,100_speed,"['100_speed', 'no_right_turn', 'stop_sign']","['explaining_1_100_speed.JPEG', 'explaining_2_no_right_turn.JPEG', 'explaining_3_stop_sign.JPEG']",True,0.9155070781707764,"['0.9155071', '0.083485834', '0.00087824493']",False,False,True,False,
26. no-right-turn-symbol-sign.jpg,no_right_turn,"['no_right_turn', '100_speed', 'stop_sign']","['explaining_1_no_right_turn.JPEG', 'explaining_2_100_speed.JPEG', 'explaining_3_stop_sign.JPEG']",True,0.9139066934585572,"['0.9139067', '0.07669797', '0.0061300467']",False,False,True,False,
83. speed-limit-100-road-sign-against-blue-sky-mj9cwf.jpg,100_speed,"['100_speed', 'no_right_turn', 'right_turn']","['explaining_1_100_speed.JPEG', 'explaining_2_no_right_turn.JPEG', 'explaining_3_right_turn.JPEG']",True,0.908635139465332,"['0.90863514', '0.046647485', '0.026191516']",False,False,True,False,
33. right-turn-sign-vector-2844110.jpg,right_turn,"['right_turn', 'stop_sign', 'no_right_turn']","['explaining_1_right_turn.JPEG', 'explaining_2_stop_sign.JPEG', 'explaining_3_no_right_turn.JPEG']",True,0.8956707715988159,"['0.8956708', '0.0830258', '0.018817173']",False,False,True,False,
26. 5164129-traffic-road-sign-with-right-turn-arrow-.jpg,right_turn,"['right_turn', 'no_right_turn', 'stop_sign']","['explaining_1_right_turn.JPEG', 'explaining_2_no_right_turn.JPEG', 'explaining_3_stop_sign.JPEG']",True,0.8746892213821411,"['0.8746892', '0.068398945', '0.054080818']",False,False,True,False,
city_054.JPEG,stop_sign,"['stop_sign', '100_speed', 'no_right_turn']","['explaining_1_stop_sign.JPEG', 'explaining_2_100_speed.JPEG', 'explaining_3_no_right_turn.JPEG']",True,0.872934103012085,"['0.8729341', '0.08702115', '0.020151613']",False,False,True,False,
42. speed-limit-100-km-h.jpg,100_speed,"['100_speed', 'no_right_turn', 'stop_sign']","['explaining_1_100_speed.JPEG', 'explaining_2_no_right_turn.JPEG', 'explaining_3_stop_sign.JPEG']",True,0.8361666798591614,"['0.8361667', '0.14605772', '0.010066559']",False,False,True,False,
85. right-turn-sign-vector-2808831.jpg,right_turn,"['right_turn', 'stop_sign', '100_speed']","['explaining_1_right_turn.JPEG', 'explaining_2_stop_sign.JPEG', 'explaining_3_100_speed.JPEG']",True,0.8299793004989624,"['0.8299793', '0.14889272', '0.0134043805']",False,False,True,False,
city_069.JPEG,stop_sign,"['stop_sign', '100_speed', 'no_right_turn']","['explaining_1_stop_sign.JPEG', 'explaining_2_100_speed.JPEG', 'explaining_3_no_right_turn.JPEG']",True,0.8117103576660156,"['0.81171036', '0.11998183', '0.035858862']",False,False,True,False,
45. right-turn-yellow-traffic-sign-stock-photos_csp9830833.jpg,right_turn,"['right_turn', 'stop_sign', 'no_right_turn']","['explaining_1_right_turn.JPEG', 'explaining_2_stop_sign.JPEG', 'explaining_3_no_right_turn.JPEG']",True,0.7824463248252869,"['0.7824463', '0.16398858', '0.038734026']",False,False,True,False,
city_052.JPEG,stop_sign,"['stop_sign', '100_speed', 'right_turn']","['explaining_1_stop_sign.JPEG', 'explaining_2_100_speed.JPEG', 'explaining_3_right_turn.JPEG']",True,0.7682713866233826,"['0.7682714', '0.20935677', '0.014326818']",False,False,True,False,
48. warning-traffic-signs-no-right-turn-vector-id483632028.jpg,no_right_turn,"['no_right_turn', '100_speed', 'stop_sign']","['explaining_1_no_right_turn.JPEG', 'explaining_2_100_speed.JPEG', 'explaining_3_stop_sign.JPEG']",True,0.726908266544342,"['0.72690827', '0.27214792', '0.00074089994']",False,False,True,False,
40. no-right-turn-sign-british-road-sign--stock-photo-825071.jpg,no_right_turn,"['no_right_turn', '100_speed', 'right_turn']","['explaining_1_no_right_turn.JPEG', 'explaining_2_100_speed.JPEG', 'explaining_3_right_turn.JPEG']",True,0.7152674198150635,"['0.7152674', '0.28056353', '0.0026737864']",False,False,True,False,
5. no_right_turn_20141016.jpg,no_right_turn,"['no_right_turn', '100_speed', 'stop_sign']","['explaining_1_no_right_turn.JPEG', 'explaining_2_100_speed.JPEG', 'explaining_3_stop_sign.JPEG']",True,0.7110470533370972,"['0.71104705', '0.28852096', '0.0003323341']",False,False,True,False,
2. w1-1r-2__84208.1517515647.jpg,right_turn,"['right_turn', 'stop_sign', 'no_right_turn']","['explaining_1_right_turn.JPEG', 'explaining_2_stop_sign.JPEG', 'explaining_3_no_right_turn.JPEG']",True,0.6707890629768372,"['0.67078906', '0.23563784', '0.08981268']",False,False,True,False,
city_064.JPEG,stop_sign,"['stop_sign', '100_speed', 'no_right_turn']","['explaining_1_stop_sign.JPEG', 'explaining_2_100_speed.JPEG', 'explaining_3_no_right_turn.JPEG']",True,0.6576122045516968,"['0.6576122', '0.14471637', '0.10125789']",False,False,True,False,
city_051.JPEG,stop_sign,"['stop_sign', '100_speed', 'no_right_turn']","['explaining_1_stop_sign.JPEG', 'explaining_2_100_speed.JPEG', 'explaining_3_no_right_turn.JPEG']",True,0.6289779543876648,"['0.62897795', '0.21148048', '0.096585855']",False,False,True,False,
16. 25178.jpg,no_right_turn,"['no_right_turn', '100_speed', 'stop_sign']","['explaining_1_no_right_turn.JPEG', 'explaining_2_100_speed.JPEG', 'explaining_3_stop_sign.JPEG']",True,0.5939722657203674,"['0.59397227', '0.4055585', '0.0002993485']",False,False,True,False,
97. 02bcf7250d5de9c171b62dbf14d7b4c0.jpg,right_turn,"['right_turn', 'stop_sign', 'no_right_turn']","['explaining_1_right_turn.JPEG', 'explaining_2_stop_sign.JPEG', 'explaining_3_no_right_turn.JPEG']",True,0.5923628211021423,"['0.5923628', '0.24530879', '0.1524506']",False,False,True,False,
stopsign_00050.jpg,stop_sign,"['stop_sign', '100_speed', 'no_right_turn']","['explaining_1_stop_sign.JPEG', 'explaining_2_100_speed.JPEG', 'explaining_3_no_right_turn.JPEG']",True,0.5744530558586121,"['0.57445306', '0.3743019', '0.029520197']",False,False,True,False,
4. no-right-turn.jpg,no_right_turn,"['no_right_turn', '100_speed', 'stop_sign']","['explaining_1_no_right_turn.JPEG', 'explaining_2_100_speed.JPEG', 'explaining_3_stop_sign.JPEG']",True,0.5502692461013794,"['0.55026925', '0.44883898', '0.0005714513']",False,False,True,False,
rural_059.JPEG,stop_sign,"['stop_sign', 'right_turn', '100_speed']","['explaining_1_stop_sign.JPEG', 'explaining_2_right_turn.JPEG', 'explaining_3_100_speed.JPEG']",True,0.5423070192337036,"['0.542307', '0.26182052', '0.11730955']",False,False,True,False,
