Sub-string in Operation Name,Average Time taken by operations starting with Sub-string
global_step,0.032772132
images,0.059773127
resnet_model/transpose,0.032906532
resnet_model/Pad,0.0921554
resnet_model/conv2d/kernel/Initializer/truncated_normal,0.034927706
resnet_model/conv2d/kernel,0.034623006
resnet_model/batch_normalization/gamma,0.031731912
resnet_model/batch_normalization/beta,0.033260039
resnet_model/batch_normalization/moving_mean,0.032462052
resnet_model/batch_normalization/moving_variance,0.032692296
resnet_model/conv2d_1/kernel/Initializer/truncated_normal,0.033246795
resnet_model/conv2d_1/kernel,0.033659065
resnet_model/conv2d_2/kernel/Initializer/truncated_normal,0.033127566
resnet_model/conv2d_2/kernel,0.03315812
resnet_model/batch_normalization_1/gamma,0.033373799
resnet_model/batch_normalization_1/beta,0.033692053
resnet_model/batch_normalization_1/moving_mean,0.032837187
resnet_model/batch_normalization_1/moving_variance,0.032334191
resnet_model/conv2d_3/kernel/Initializer/truncated_normal,0.033598502
resnet_model/conv2d_3/kernel,0.033698082
resnet_model/batch_normalization_2/gamma,0.032707964
resnet_model/batch_normalization_2/beta,0.033398492
resnet_model/batch_normalization_2/moving_mean,0.034217562
resnet_model/batch_normalization_2/moving_variance,0.032835381
resnet_model/conv2d_4/kernel/Initializer/truncated_normal,0.034684678
resnet_model/conv2d_4/kernel,0.034899557
resnet_model/batch_normalization_3/gamma,0.033735139
resnet_model/batch_normalization_3/beta,0.032560451
resnet_model/batch_normalization_3/moving_mean,0.033074243
resnet_model/batch_normalization_3/moving_variance,0.033160448
resnet_model/conv2d_5/kernel/Initializer/truncated_normal,0.033599257
resnet_model/conv2d_5/kernel,0.033688153
resnet_model/batch_normalization_4/gamma,0.034311431
resnet_model/batch_normalization_4/beta,0.032454491
resnet_model/batch_normalization_4/moving_mean,0.032863106
resnet_model/batch_normalization_4/moving_variance,0.033071245
resnet_model/conv2d_6/kernel/Initializer/truncated_normal,0.034822464
resnet_model/conv2d_6/kernel,0.034865085
resnet_model/batch_normalization_5/gamma,0.033336265
resnet_model/batch_normalization_5/beta,0.033469949
resnet_model/batch_normalization_5/moving_mean,0.032968794
resnet_model/batch_normalization_5/moving_variance,0.033315999
resnet_model/conv2d_7/kernel/Initializer/truncated_normal,0.035097957
resnet_model/conv2d_7/kernel,0.034692287
resnet_model/batch_normalization_6/gamma,0.034587962
resnet_model/batch_normalization_6/beta,0.035292149
resnet_model/batch_normalization_6/moving_mean,0.03407979
resnet_model/batch_normalization_6/moving_variance,0.033679417
resnet_model/conv2d_8/kernel/Initializer/truncated_normal,0.033805609
resnet_model/conv2d_8/kernel,0.034300061
resnet_model/batch_normalization_7/gamma,0.033889873
resnet_model/batch_normalization_7/beta,0.033770834
resnet_model/batch_normalization_7/moving_mean,0.034519877
resnet_model/batch_normalization_7/moving_variance,0.034706661
resnet_model/conv2d_9/kernel/Initializer/truncated_normal,0.035276214
resnet_model/conv2d_9/kernel,0.035163038
resnet_model/batch_normalization_8/gamma,0.034859794
resnet_model/batch_normalization_8/beta,0.033317838
resnet_model/batch_normalization_8/moving_mean,0.033943142
resnet_model/batch_normalization_8/moving_variance,0.034184626
resnet_model/conv2d_10/kernel/Initializer/truncated_normal,0.034629643
resnet_model/conv2d_10/kernel,0.034554327
resnet_model/batch_normalization_9/gamma,0.035500322
resnet_model/batch_normalization_9/beta,0.034976074
resnet_model/batch_normalization_9/moving_mean,0.033295563
resnet_model/batch_normalization_9/moving_variance,0.032915728
resnet_model/Pad_1,0.066341003
resnet_model/conv2d_11/kernel/Initializer/truncated_normal,0.034373641
resnet_model/conv2d_11/kernel,0.034594424
resnet_model/conv2d_12/kernel/Initializer/truncated_normal,0.03371499
resnet_model/conv2d_12/kernel,0.033831358
resnet_model/batch_normalization_10/gamma,0.036607606
resnet_model/batch_normalization_10/beta,0.034673044
resnet_model/batch_normalization_10/moving_mean,0.033434493
resnet_model/batch_normalization_10/moving_variance,0.033525842
resnet_model/Pad_2,0.068126758
resnet_model/conv2d_13/kernel/Initializer/truncated_normal,0.034578105
resnet_model/conv2d_13/kernel,0.034516657
resnet_model/batch_normalization_11/gamma,0.03479508
resnet_model/batch_normalization_11/beta,0.034845659
resnet_model/batch_normalization_11/moving_mean,0.034294299
resnet_model/batch_normalization_11/moving_variance,0.034505504
resnet_model/conv2d_14/kernel/Initializer/truncated_normal,0.03439045
resnet_model/conv2d_14/kernel,0.034132789
resnet_model/batch_normalization_12/gamma,0.035154683
resnet_model/batch_normalization_12/beta,0.034004075
resnet_model/batch_normalization_12/moving_mean,0.033854348
resnet_model/batch_normalization_12/moving_variance,0.03452645
resnet_model/conv2d_15/kernel/Initializer/truncated_normal,0.036028822
resnet_model/conv2d_15/kernel,0.035817385
resnet_model/batch_normalization_13/gamma,0.035741465
resnet_model/batch_normalization_13/beta,0.033757278
resnet_model/batch_normalization_13/moving_mean,0.03355939
resnet_model/batch_normalization_13/moving_variance,0.032918998
resnet_model/conv2d_16/kernel/Initializer/truncated_normal,0.034020007
resnet_model/conv2d_16/kernel,0.034291632
resnet_model/batch_normalization_14/gamma,0.034288509
resnet_model/batch_normalization_14/beta,0.034029177
resnet_model/batch_normalization_14/moving_mean,0.034197637
resnet_model/batch_normalization_14/moving_variance,0.034718616
resnet_model/conv2d_17/kernel/Initializer/truncated_normal,0.034244418
resnet_model/conv2d_17/kernel,0.034165228
resnet_model/batch_normalization_15/gamma,0.033848558
resnet_model/batch_normalization_15/beta,0.033197948
resnet_model/batch_normalization_15/moving_mean,0.03372223
resnet_model/batch_normalization_15/moving_variance,0.033790009
resnet_model/conv2d_18/kernel/Initializer/truncated_normal,0.03587546
resnet_model/conv2d_18/kernel,0.035719956
resnet_model/batch_normalization_16/gamma,0.034641266
resnet_model/batch_normalization_16/beta,0.033782278
resnet_model/batch_normalization_16/moving_mean,0.033035074
resnet_model/batch_normalization_16/moving_variance,0.033481325
resnet_model/conv2d_19/kernel/Initializer/truncated_normal,0.033818364
resnet_model/conv2d_19/kernel,0.034089467
resnet_model/batch_normalization_17/gamma,0.035311086
resnet_model/batch_normalization_17/beta,0.033462899
resnet_model/batch_normalization_17/moving_mean,0.033817734
resnet_model/batch_normalization_17/moving_variance,0.035452979
resnet_model/conv2d_20/kernel/Initializer/truncated_normal,0.033485254
resnet_model/conv2d_20/kernel,0.034061207
resnet_model/batch_normalization_18/gamma,0.033998251
resnet_model/batch_normalization_18/beta,0.034026963
resnet_model/batch_normalization_18/moving_mean,0.032783168
resnet_model/batch_normalization_18/moving_variance,0.034147603
resnet_model/conv2d_21/kernel/Initializer/truncated_normal,0.035527885
resnet_model/conv2d_21/kernel,0.035262781
resnet_model/batch_normalization_19/gamma,0.034058639
resnet_model/batch_normalization_19/beta,0.03382659
resnet_model/batch_normalization_19/moving_mean,0.03309444
resnet_model/batch_normalization_19/moving_variance,0.033814873
resnet_model/conv2d_22/kernel/Initializer/truncated_normal,0.034255226
resnet_model/conv2d_22/kernel,0.034829967
resnet_model/batch_normalization_20/gamma,0.035119602
resnet_model/batch_normalization_20/beta,0.034942661
resnet_model/batch_normalization_20/moving_mean,0.03361736
resnet_model/batch_normalization_20/moving_variance,0.03325166
resnet_model/conv2d_23/kernel/Initializer/truncated_normal,0.034688413
resnet_model/conv2d_23/kernel,0.034613147
resnet_model/batch_normalization_21/gamma,0.034240076
resnet_model/batch_normalization_21/beta,0.033386673
resnet_model/batch_normalization_21/moving_mean,0.034148863
resnet_model/batch_normalization_21/moving_variance,0.034973996
resnet_model/Pad_3,0.098123868
resnet_model/conv2d_24/kernel/Initializer/truncated_normal,0.034371257
resnet_model/conv2d_24/kernel,0.034482507
resnet_model/conv2d_25/kernel/Initializer/truncated_normal,0.03457284
resnet_model/conv2d_25/kernel,0.03476781
resnet_model/batch_normalization_22/gamma,0.034219095
resnet_model/batch_normalization_22/beta,0.034487724
resnet_model/batch_normalization_22/moving_mean,0.034542867
resnet_model/batch_normalization_22/moving_variance,0.033887659
resnet_model/Pad_4,0.100655953
resnet_model/conv2d_26/kernel/Initializer/truncated_normal,0.034733435
resnet_model/conv2d_26/kernel,0.035083126
resnet_model/batch_normalization_23/gamma,0.034537554
resnet_model/batch_normalization_23/beta,0.033348083
resnet_model/batch_normalization_23/moving_mean,0.033954586
resnet_model/batch_normalization_23/moving_variance,0.035342932
resnet_model/conv2d_27/kernel/Initializer/truncated_normal,0.034703135
resnet_model/conv2d_27/kernel,0.03482367
resnet_model/batch_normalization_24/gamma/Initializer/ones,0.034674803
resnet_model/batch_normalization_24/gamma,0.034230644
resnet_model/batch_normalization_24/beta/Initializer/zeros,0.0335174
resnet_model/batch_normalization_24/beta,0.033564134
resnet_model/batch_normalization_24/moving_mean/Initializer/zeros,0.033412258
resnet_model/batch_normalization_24/moving_mean,0.033382091
resnet_model/batch_normalization_24/moving_variance/Initializer/ones,0.032892625
resnet_model/batch_normalization_24/moving_variance,0.033322789
resnet_model/conv2d_28/kernel/Initializer/truncated_normal,0.034882168
resnet_model/conv2d_28/kernel,0.034737517
resnet_model/batch_normalization_25/gamma,0.034577268
resnet_model/batch_normalization_25/beta,0.033148629
resnet_model/batch_normalization_25/moving_mean,0.032706193
resnet_model/batch_normalization_25/moving_variance,0.033166374
resnet_model/conv2d_29/kernel/Initializer/truncated_normal,0.03520447
resnet_model/conv2d_29/kernel,0.035508703
resnet_model/batch_normalization_26/gamma,0.033752305
resnet_model/batch_normalization_26/beta,0.033314807
resnet_model/batch_normalization_26/moving_mean,0.033436673
resnet_model/batch_normalization_26/moving_variance,0.034007311
resnet_model/conv2d_30/kernel/Initializer/truncated_normal,0.034886181
resnet_model/conv2d_30/kernel,0.03513029
resnet_model/batch_normalization_27/gamma/Initializer/ones,0.036497474
resnet_model/batch_normalization_27/gamma,0.035592556
resnet_model/batch_normalization_27/beta/Initializer/zeros,0.033987204
resnet_model/batch_normalization_27/beta,0.03419965
resnet_model/batch_normalization_27/moving_mean/Initializer/zeros,0.034155011
resnet_model/batch_normalization_27/moving_mean,0.03421337
resnet_model/batch_normalization_27/moving_variance/Initializer/ones,0.034110387
resnet_model/batch_normalization_27/moving_variance,0.035236294
resnet_model/conv2d_31/kernel/Initializer/truncated_normal,0.034622808
resnet_model/conv2d_31/kernel,0.034606401
resnet_model/batch_normalization_28/gamma,0.035427775
resnet_model/batch_normalization_28/beta,0.034329959
resnet_model/batch_normalization_28/moving_mean,0.033583232
resnet_model/batch_normalization_28/moving_variance,0.033822877
resnet_model/conv2d_32/kernel/Initializer/truncated_normal,0.034936349
resnet_model/conv2d_32/kernel,0.035070097
resnet_model/batch_normalization_29/gamma,0.039
resnet_model/batch_normalization_29/beta,0.038507836
resnet_model/batch_normalization_29/moving_mean,0.038533109
resnet_model/batch_normalization_29/moving_variance,0.039279495
resnet_model/conv2d_33/kernel/Initializer/truncated_normal,0.034499009
resnet_model/conv2d_33/kernel,0.034736998
resnet_model/batch_normalization_30/gamma/Initializer/ones,0.035695712
resnet_model/batch_normalization_30/gamma,0.035463138
resnet_model/batch_normalization_30/beta/Initializer/zeros,0.03379484
resnet_model/batch_normalization_30/beta,0.033661561
resnet_model/batch_normalization_30/moving_mean/Initializer/zeros,0.033515453
resnet_model/batch_normalization_30/moving_mean,0.033897768
resnet_model/batch_normalization_30/moving_variance/Initializer/ones,0.034402688
resnet_model/batch_normalization_30/moving_variance,0.034907709
resnet_model/conv2d_34/kernel/Initializer/truncated_normal,0.034813364
resnet_model/conv2d_34/kernel,0.034894032
resnet_model/batch_normalization_31/gamma,0.034989732
resnet_model/batch_normalization_31/beta,0.034320252
resnet_model/batch_normalization_31/moving_mean,0.034404993
resnet_model/batch_normalization_31/moving_variance,0.034759317
resnet_model/conv2d_35/kernel/Initializer/truncated_normal,0.034379005
resnet_model/conv2d_35/kernel,0.03519852
resnet_model/batch_normalization_32/gamma,0.035086053
resnet_model/batch_normalization_32/beta,0.033828429
resnet_model/batch_normalization_32/moving_mean,0.033614499
resnet_model/batch_normalization_32/moving_variance,0.034310273
resnet_model/conv2d_36/kernel/Initializer/truncated_normal,0.034289738
resnet_model/conv2d_36/kernel,0.034762859
resnet_model/batch_normalization_33/gamma/Initializer/ones,0.033661286
resnet_model/batch_normalization_33/gamma,0.033054178
resnet_model/batch_normalization_33/beta/Initializer/zeros,0.033458352
resnet_model/batch_normalization_33/beta,0.033454462
resnet_model/batch_normalization_33/moving_mean/Initializer/zeros,0.033620318
resnet_model/batch_normalization_33/moving_mean,0.033784715
resnet_model/batch_normalization_33/moving_variance/Initializer/ones,0.032482664
resnet_model/batch_normalization_33/moving_variance,0.033086733
resnet_model/conv2d_37/kernel/Initializer/truncated_normal,0.03643771
resnet_model/conv2d_37/kernel,0.03639102
resnet_model/batch_normalization_34/gamma,0.033991609
resnet_model/batch_normalization_34/beta,0.034276656
resnet_model/batch_normalization_34/moving_mean,0.033924716
resnet_model/batch_normalization_34/moving_variance,0.034050805
resnet_model/conv2d_38/kernel/Initializer/truncated_normal,0.035537263
resnet_model/conv2d_38/kernel,0.036263129
resnet_model/batch_normalization_35/gamma,0.034527676
resnet_model/batch_normalization_35/beta,0.034765414
resnet_model/batch_normalization_35/moving_mean,0.034541334
resnet_model/batch_normalization_35/moving_variance,0.033324446
resnet_model/conv2d_39/kernel/Initializer/truncated_normal,0.034016609
resnet_model/conv2d_39/kernel,0.034766169
resnet_model/batch_normalization_36/gamma/Initializer/ones,0.035297473
resnet_model/batch_normalization_36/gamma,0.034987168
resnet_model/batch_normalization_36/beta/Initializer/zeros,0.033904274
resnet_model/batch_normalization_36/beta,0.033795097
resnet_model/batch_normalization_36/moving_mean/Initializer/zeros,0.033810973
resnet_model/batch_normalization_36/moving_mean,0.03399513
resnet_model/batch_normalization_36/moving_variance/Initializer/ones,0.033906976
resnet_model/batch_normalization_36/moving_variance,0.033938018
resnet_model/conv2d_40/kernel/Initializer/truncated_normal,0.035303613
resnet_model/conv2d_40/kernel,0.035436785
resnet_model/batch_normalization_37/gamma,0.034965856
resnet_model/batch_normalization_37/beta,0.035314628
resnet_model/batch_normalization_37/moving_mean,0.032812357
resnet_model/batch_normalization_37/moving_variance,0.034582411
resnet_model/conv2d_41/kernel/Initializer/truncated_normal,0.034951369
resnet_model/conv2d_41/kernel,0.034884481
resnet_model/batch_normalization_38/gamma,0.034220423
resnet_model/batch_normalization_38/beta,0.033956051
resnet_model/batch_normalization_38/moving_mean,0.035154002
resnet_model/batch_normalization_38/moving_variance,0.034791401
resnet_model/conv2d_42/kernel/Initializer/truncated_normal,0.034569065
resnet_model/conv2d_42/kernel,0.034521131
resnet_model/batch_normalization_39/gamma/Initializer/ones,0.03427283
resnet_model/batch_normalization_39/gamma,0.035469532
resnet_model/batch_normalization_39/beta/Initializer/zeros,0.035612067
resnet_model/batch_normalization_39/beta,0.034853979
resnet_model/batch_normalization_39/moving_mean/Initializer/zeros,0.034294446
resnet_model/batch_normalization_39/moving_mean,0.03393455
resnet_model/batch_normalization_39/moving_variance/Initializer/ones,0.033802708
resnet_model/batch_normalization_39/moving_variance,0.034214453
resnet_model/Pad_5,0.139448166
resnet_model/conv2d_43/kernel/Initializer/truncated_normal,0.036017776
resnet_model/conv2d_43/kernel,0.036217213
resnet_model/conv2d_44/kernel/Initializer/truncated_normal,0.035433749
resnet_model/conv2d_44/kernel,0.035281742
resnet_model/batch_normalization_40/gamma,0.035134997
resnet_model/batch_normalization_40/beta,0.033394916
resnet_model/batch_normalization_40/moving_mean,0.033922638
resnet_model/batch_normalization_40/moving_variance,0.034737451
resnet_model/Pad_6,0.138399522
resnet_model/conv2d_45/kernel/Initializer/truncated_normal,0.035583576
resnet_model/conv2d_45/kernel,0.035832573
resnet_model/batch_normalization_41/gamma,0.034046173
resnet_model/batch_normalization_41/beta,0.034799133
resnet_model/batch_normalization_41/moving_mean,0.03586827
resnet_model/batch_normalization_41/moving_variance,0.034237214
resnet_model/conv2d_46/kernel/Initializer/truncated_normal,0.037312726
resnet_model/conv2d_46/kernel,0.037077287
resnet_model/batch_normalization_42/gamma/Initializer/ones,0.033984502
resnet_model/batch_normalization_42/gamma,0.034430677
resnet_model/batch_normalization_42/beta/Initializer/zeros,0.034255107
resnet_model/batch_normalization_42/beta,0.034517657
resnet_model/batch_normalization_42/moving_mean/Initializer/zeros,0.033918778
resnet_model/batch_normalization_42/moving_mean,0.034108769
resnet_model/batch_normalization_42/moving_variance/Initializer/ones,0.034153819
resnet_model/batch_normalization_42/moving_variance,0.034584002
resnet_model/conv2d_47/kernel/Initializer/truncated_normal,0.036605239
resnet_model/conv2d_47/kernel,0.036741972
resnet_model/batch_normalization_43/gamma,0.03512345
resnet_model/batch_normalization_43/beta,0.034838915
resnet_model/batch_normalization_43/moving_mean,0.033966064
resnet_model/batch_normalization_43/moving_variance,0.034369332
resnet_model/conv2d_48/kernel/Initializer/truncated_normal,0.038513442
resnet_model/conv2d_48/kernel,0.037867602
resnet_model/batch_normalization_44/gamma,0.034646511
resnet_model/batch_normalization_44/beta,0.033866916
resnet_model/batch_normalization_44/moving_mean,0.0342803
resnet_model/batch_normalization_44/moving_variance,0.034022842
resnet_model/conv2d_49/kernel/Initializer/truncated_normal,0.035515567
resnet_model/conv2d_49/kernel,0.036033055
resnet_model/batch_normalization_45/gamma/Initializer/ones,0.034437577
resnet_model/batch_normalization_45/gamma,0.034389431
resnet_model/batch_normalization_45/beta/Initializer/zeros,0.034471909
resnet_model/batch_normalization_45/beta,0.034637408
resnet_model/batch_normalization_45/moving_mean/Initializer/zeros,0.033875108
resnet_model/batch_normalization_45/moving_mean,0.034037113
resnet_model/batch_normalization_45/moving_variance/Initializer/ones,0.03577443
resnet_model/batch_normalization_45/moving_variance,0.036458145
resnet_model/conv2d_50/kernel/Initializer/truncated_normal,0.035696248
resnet_model/conv2d_50/kernel,0.035867172
resnet_model/batch_normalization_46/gamma,0.035294056
resnet_model/batch_normalization_46/beta,0.036106995
resnet_model/batch_normalization_46/moving_mean,0.037257603
resnet_model/batch_normalization_46/moving_variance,0.035255568
resnet_model/conv2d_51/kernel/Initializer/truncated_normal,0.038062791
resnet_model/conv2d_51/kernel,0.038236155
resnet_model/batch_normalization_47/gamma,0.038293907
resnet_model/batch_normalization_47/beta,0.036637817
resnet_model/batch_normalization_47/moving_mean,0.034872123
resnet_model/batch_normalization_47/moving_variance,0.034610919
resnet_model/conv2d_52/kernel/Initializer/truncated_normal,0.035306911
resnet_model/conv2d_52/kernel,0.035589597
resnet_model/batch_normalization_48/gamma/Initializer/ones,0.034731229
resnet_model/batch_normalization_48/gamma,0.034642306
resnet_model/batch_normalization_48/beta/Initializer/zeros,0.033878009
resnet_model/batch_normalization_48/beta,0.03407565
resnet_model/batch_normalization_48/moving_mean/Initializer/zeros,0.033751329
resnet_model/batch_normalization_48/moving_mean,0.034795783
resnet_model/batch_normalization_48/moving_variance/Initializer/ones,0.037510196
resnet_model/batch_normalization_48/moving_variance,0.0373717
resnet_model/Mean,0.154217958
resnet_model/dense/kernel/Initializer/random_uniform,0.037649955
resnet_model/dense/kernel,0.037370431
resnet_model/dense/bias/Initializer/zeros,0.033954342
resnet_model/dense/bias,0.034167832
ArgMax,0.157099485
